git	archive	subcommand	Create an archive of files from a named tree
git	archive --format	option	Archive format
git	archive --prefix	option	Prepend prefix to each pathname in the archive
git	archive --add-file	option	Add untracked file to archive
git	archive -o	option	Write the archive to this file
git	archive --worktree-attributes	option	Read .gitattributes in working directory
git	archive -v	option	Report archived files on stderr
git	archive -NUM	option	Set compression level
git	archive -l	option	List supported archive formats
git	archive --remote	option	Retrieve the archive from remote repository <repo>
git	archive --exec	option	Path to the remote git-upload-archive command
git	blame	subcommand	
git	blame --incremental	option	Show blame entries as we find them, incrementally
git	blame -b	option	Do not show object names of boundary commits (Default: off)
git	blame --root	option	Do not treat root commits as boundaries (Default: off)
git	blame --show-stats	option	Show work cost statistics
git	blame --progress	option	Force progress reporting
git	blame --score-debug	option	Show output score for blame entries
git	blame -f	option	Show original filename (Default: auto)
git	blame -n	option	Show original linenumber (Default: off)
git	blame -p	option	Show in a format designed for machine consumption
git	blame --line-porcelain	option	Show porcelain format with per-line commit information
git	blame -c	option	Use the same output mode as git-annotate (Default: off)
git	blame -t	option	Show raw timestamp (Default: off)
git	blame -l	option	Show long commit SHA1 (Default: off)
git	blame -s	option	Suppress author name and timestamp (Default: off)
git	blame -e	option	Show author email instead of name (Default: off)
git	blame -w	option	Ignore whitespace differences
git	blame --ignore-rev	option	Ignore <rev> when blaming
git	blame --ignore-revs-file	option	Ignore revisions from <file>
git	blame --color-lines	option	Color redundant metadata from previous line differently
git	blame --color-by-age	option	Color lines by age
git	blame --minimal	option	Spend extra cycles to find better match
git	blame -S	option	Use revisions from <file> instead of calling git-rev-list
git	blame --contents	option	Use <file>'s contents as the final image
git	blame -C	option	Find line copies within and across files
git	blame -M	option	Find line movements within and across files
git	blame -L	option	Process only line range <start>,<end> or function :<funcname>
git	blame --abbrev	option	Use <n> digits to display object names
git	commit	subcommand	Record changes to the repository
git	commit -m	option	Use the given message as the commit message
git	commit -a	option	Stage all modified and deleted paths
git	commit -am	option	Stage all and use given text as commit message
git	commit -v	option	Show unified diff of all file changes
git	commit -p	option	Use the interactive patch selection interface to chose which changes to commi
git	commit -C	option	Take an existing commit object, and reuse the log message and the authorship
git	commit -c	option	Like -C, but with -c the editor is invoked, so that the user can further edit
git	commit --fixup	option	Construct a commit message for use with rebase --autosquash. The commit messa
git	commit --squash	option	Construct a commit message for use with rebase --autosquash. The commit messa
git	commit --reset-author	option	When used with -C/-c/--amend options, or when committing after a conflicting
git	commit --short	option	When doing a dry-run, give the output in the short-format. See git-status[1]
git	commit --branch	option	Show the branch and tracking info even in short-format
git	commit --porcelain	option	When doing a dry-run, give the output in a porcelain-ready format. See git-st
git	commit --long	option	When doing a dry-run, give the output in the long-format. Implies --dry-run
git	commit -z	option	When showing short or porcelain status output, print the filename verbatim an
git	commit -F	option	Take the commit message from the given file. Use - to read the message from t
git	commit --author	option	Override the commit author. Specify an explicit author using the standard A U
git	commit --date	option	Override the author date used in the commit
git	commit -t	option	When editing the commit message, start the editor with the contents in the gi
git	commit -s	option	Add a Signed-off-by trailer by the committer at the end of the commit log mes
git	commit --no-signoff	option	Don't add a Signed-off-by trailer by the committer at the end of the commit l
git	commit -n	option	This option bypasses the pre-commit and commit-msg hooks. See also githooks[5]
git	commit --allow-empty	option	Usually recording a commit that has the exact same tree as its sole parent co
git	commit --allow-empty-message	option	Like --allow-empty this command is primarily for use by foreign SCM interface
git	commit --cleanup	option	This option determines how the supplied commit message should be cleaned up b
git	commit -e	option	The message taken from file with -F, command line with -m, and from commit ob
git	commit --no-edit	option	Use the selected commit message without launching an editor. For example, git
git	commit --amend	option	Replace the tip of the current branch by creating a new commit. The recorded
git	commit --no-post-rewrite	option	Bypass the post-rewrite hook
git	commit -i	option	Before making a commit out of staged contents so far, stage the contents of p
git	commit -o	option	Make a commit by taking the updated working tree contents of the paths specif
git	commit --pathspec-from-file	option	Pathspec is passed in instead of commandline args. If is exactly - then stand
git	commit --pathspec-file-nul	option	Only meaningful with --pathspec-from-file. Pathspec elements are separated wi
git	commit -u	option	Show untracked files. The mode parameter is optional (defaults to all), and i
git	commit -q	option	Suppress commit summary message
git	commit --dry-run	option	Do not create a commit, but show a list of paths that are to be committed, pa
git	commit --status	option	Include the output of git-status[1] in the commit message template when using
git	commit --no-status	option	Do not include the output of git-status[1] in the commit message template whe
git	commit -S	option	GPG-sign commits. The keyid argument is optional and defaults to the committe
git	commit --no-gpg-sign	option	Dont GPG-sign commits
git	commit --	option	Do not interpret any more arguments as options
git	config	subcommand	Change Git configuration
git	config --local	option	Default: write to the repository .git/config file
git	config --global	option	For writing options: write to global ~/.gitconfig file rather than the repository .git/config
git	config --replace-all	option	Default behavior is to replace at most one line. This replaces all lines matc
git	config --add	option	Adds a new line to the option without altering any existing values. This is t
git	config --get	option	Get the value for a given key (optionally filtered by a regex matching the va
git	config --get-all	option	Like get, but returns all values for a multi-valued key
git	config --get-regexp	option	Like --get-all, but interprets the name as a regular expression and writes ou
git	config --get-urlmatch	option	When given a two-part name section.key, the value for section..key whose part
git	config --system	option	For writing options: write to system-wide $(prefix)/etc/gitconfig rather than
git	config --worktree	option	Similar to --local except that.git/config.worktree is read from or written to
git	config -f	option	Use the given config file instead of the one specified by GIT_CONFIG
git	config --blob	option	Similar to --file but use the given blob instead of a file. E.g. you can use
git	config --remove-section	option	Remove the given section from the configuration file
git	config --rename-section	option	Rename the given section to a new name
git	config --unset	option	Remove the line matching the key from config file
git	config --unset-all	option	Remove all lines matching the key from config file
git	config -l	option	List all variables set in config file, along with their values
git	config --fixed-value	option	When used with the value-pattern argument, treat value-pattern as an exact st
git	config --type	option	Git config will ensure that any input or output is valid under the given type
git	config --no-type	option	Un-sets the previously set type specifier (if one was previously set). This o
git	config -z	option	For all options that output values and/or keys, always end values with the nu
git	config --name-only	option	Output only the names of config variables for --list or --get-regexp
git	config --show-origin	option	Augment the output of all queried config options with the origin type (file
git	config --show-scope	option	Similar to --show-origin in that it augments the output of all queried config
git	config --get-colorbool	option	Find the color setting for name (e.g. color.diff) and output "true" or "false
git	config --get-color	option	Find the color configured for name (e.g. color.diff.new) and output it as the
git	config -e	option	Opens an editor to modify the specified config file; either --system, --globa
git	config --includes	option	Respect include.* directives in config files when looking up values. Defaults
git	config --no-includes	option	Respect include.* directives in config files when looking up values. Defaults
git	config --default	option	When using --get, and the requested variable is not found, behave as if were
git	rebase	subcommand	Reapply commits on top of another base tip
git	rebase --onto	option	Starting point at which to create the new commits. If the --onto option is not specified, the starting point is <upstrea
git	rebase --keep-base	option	Set the starting point at which to create the new commits to the merge base of <upstream> <branch>. Running git rebase -
git	rebase --continue	option	Restart the rebasing process after having resolved a merge conflict
git	rebase --abort	option	Abort the rebase operation and reset HEAD to the original branch. If <branch> was provided when the rebase operation was
git	rebase --quit	option	Abort the rebase operation but HEAD is not reset back to the original branch. The index and working tree are also left u
git	rebase --apply	option	Use applying strategies to rebase (calling git-am internally). This option may become a no-op in the future once the mer
git	rebase --empty	option	How to handle commits that are not empty to start and are not clean cherry-picks of any upstream commit, but which becom
git	rebase --no-keep-empty	option	Do not keep commits that start empty before the rebase (i.e. that do not change anything from its parent) in the result.
git	rebase --keep-empty	option	Keep commits that start empty before the rebase (i.e. that do not change anything from its parent) in the result. The de
git	rebase --reapply-cherry-picks	option	Reapply all clean cherry-picks of any upstream commit instead of preemptively dropping them. (If these commits then beco
git	rebase --no-reapply-cherry-picks	option	Do not reapply all clean cherry-picks of any upstream commit instead of preemptively dropping them
git	rebase --allow-empty-message	option	No-op. Rebasing commits with an empty message used to fail and this option would override that behavior, allowing commit
git	rebase --skip	option	Restart the rebasing process by skipping the current patch
git	rebase --edit-todo	option	Edit the todo list during an interactive rebase
git	rebase --show-current-patch	option	Show the current patch in an interactive rebase or when rebase is stopped because of conflicts. This is the equivalent o
git	rebase -m	option	Use merging strategies to rebase. When the recursive (default) merge strategy is used, this allows rebase to be aware of
git	rebase -s	option	Use the given merge strategy. If there is no -s option git merge-recursive is used instead. This implies --merge. Becaus
git	rebase -X	option	Pass the <strategy-option> through to the merge strategy. This implies --merge and, if no strategy has been specified, -
git	rebase --rerere-autoupdate	option	Allow the rerere mechanism to update the index with the result of auto-conflict resolution if possible
git	rebase --no-rerere-autoupdate	option	Allow the rerere mechanism to update the index with the result of auto-conflict resolution if possible
git	rebase -S	option	GPG-sign commits. The keyid argument is optional and defaults to the committer identity; if specified, it must be stuck
git	rebase --no-gpg-sign	option	Do not GPG-sign commits.--no-gpg-sign is useful to countermand both commit.gpgSign configuration variable, and earlier -
git	rebase -q	option	Be quiet. Implies --no-stat
git	rebase -v	option	Be verbose. Implies --stat
git	rebase --stat	option	Show a diffstat of what changed upstream since the last rebase. The diffstat is also controlled by the configuration opt
git	rebase -n	option	Do not show a diffstat as part of the rebase process
git	rebase --no-verify	option	This option bypasses the pre-rebase hook. See also githooks[5]
git	rebase --verify	option	Allows the pre-rebase hook to run, which is the default. This option can be used to override --no-verify. See also githo
git	rebase -C	option	Ensure at least <n> lines of surrounding context match before and after each change. When fewer lines of surrounding con
git	rebase --no-ff	option	Individually replay all rebased commits instead of fast-forwarding over the unchanged ones. This ensures that the entire
git	rebase --fork-point	option	Use reflog to find a better common ancestor between <upstream> and <branch> when calculating which commits have been int
git	rebase --no-fork-point	option	Do not use reflog to find a better common ancestor between <upstream> and <branch> when calculating which commits have b
git	rebase --ignore-whitespace	option	Ignore whitespace differences when trying to reconcile differences. Currently, each backend implements an approximation
git	rebase --whitespace	option	This flag is passed to the git apply program (see git-apply[1]) that applies the patch. Implies --apply
git	rebase --committer-date-is-author-date	option	Instead of using the current time as the committer date, use the author date of the commit being rebased as the committe
git	rebase --ignore-date	option	Instead of using the author date of the original commit, use the current time as the author date of the rebased commit.
git	rebase --signoff	option	Add a Signed-off-by trailer to all the rebased commits. Note that if --interactive is given then only commits marked to
git	rebase -i	option	Make a list of the commits which are about to be rebased. Let the user edit that list before rebasing. This mode can als
git	rebase -r	option	By default, a rebase will simply drop merge commits from the todo list, and put the rebased commits into a single, linea
git	rebase -x	option	Append 'exec <cmd>' after each line creating a commit in the final history. <cmd> will be interpreted as one or more she
git	rebase --root	option	Rebase all commits reachable from <branch>, instead of limiting them with an <upstream>. This allows you to rebase the r
git	rebase --autosquash	option	When the commit log message begins with 'squash! …​' (or 'fixup! …​'), and there is already a commit in the todo list th
git	rebase --no-autosquash	option	When the commit log message begins with 'squash! …' (or 'fixup! …'), and there is already a commit in the todo list that
git	rebase --autostash	option	Automatically create a temporary stash entry before the operation begins, and apply it after the operation ends. This me
git	rebase --no-autostash	option	Do not automatically create a temporary stash entry before the operation begins, and apply it after the operation ends.
git	rebase --reschedule-failed-exec	option	Automatically reschedule exec commands that failed. This only makes sense in interactive mode (or when an --exec option
git	rebase --no-reschedule-failed-exec	option	Do not automatically reschedule exec commands that failed. This only makes sense in interactive mode (or when an --exec
git	add	subcommand	Add file contents to the index
git	add -n	option	Don’t actually add the file(s), just show if they exist and/or will be ignored
git	add -v	option	Be verbose
git	add -f	option	Allow adding otherwise ignored files
git	add -i	option	Add modified contents in the working tree interactively to the index. Optional path arguments may be supplied to limit o
git	add -p	option	Interactively choose hunks of patch between the index and the work tree and add them to the index. This gives the user a
git	add -e	option	Open the diff vs. the index in an editor and let the user edit it. After the editor was closed, adjust the hunk headers
git	add -u	option	Update the index just where it already has an entry matching <pathspec>. This removes as well as modifies index entries
git	add -A	option	Update the index not only where the working tree has a file matching <pathspec> but also where the index already has an
git	add --no-all	option	Update the index by adding new files that are unknown to the index and files modified in the working tree, but ignore fi
git	add -N	option	Record only the fact that the path will be added later. An entry for the path is placed in the index with no content. Th
git	add --refresh	option	Don’t add the file(s), but only refresh their stat() information in the index
git	add --ignore-errors	option	If some files could not be added because of errors indexing them, do not abort the operation, but continue adding the ot
git	add --ignore-missing	option	This option can only be used together with --dry-run. By using this option the user can check if any of the given files
git	add --no-warn-embedded-repo	option	By default, git add will warn when adding an embedded repository to the index without using git submodule add to create
git	add --renormalize	option	Apply the 'clean' process freshly to all tracked files to forcibly add them again to the index. This is useful after cha
git	add --chmod	option	Override the executable bit of the added files. The executable bit is only changed in the index, the files on disk are l
git	add --pathspec-from-file	option	Pathspec is passed in <file> instead of commandline args. If <file> is exactly - then standard input is used. Pathspec e
git	add --pathspec-file-nul	option	Only meaningful with --pathspec-from-file. Pathspec elements are separated with NUL character and all other characters a
git	add --	option	This option can be used to separate command-line options from the list of files
git	stage	subcommand	Add file contents to the staging area
git	stage -n	option	Don’t actually add the file(s), just show if they exist and/or will be ignored
git	stage -v	option	Be verbose
git	stage -f	option	Allow adding otherwise ignored files
git	stage -i	option	Add modified contents in the working tree interactively to the index. Optional path arguments may be supplied to limit o
git	stage -p	option	Interactively choose hunks of patch between the index and the work tree and add them to the index. This gives the user a
git	stage -e	option	Open the diff vs. the index in an editor and let the user edit it. After the editor was closed, adjust the hunk headers
git	stage -u	option	Update the index just where it already has an entry matching <pathspec>. This removes as well as modifies index entries
git	stage -A	option	Update the index not only where the working tree has a file matching <pathspec> but also where the index already has an
git	stage --no-all	option	Update the index by adding new files that are unknown to the index and files modified in the working tree, but ignore fi
git	stage -N	option	Record only the fact that the path will be added later. An entry for the path is placed in the index with no content. Th
git	stage --refresh	option	Don’t add the file(s), but only refresh their stat() information in the index
git	stage --ignore-errors	option	If some files could not be added because of errors indexing them, do not abort the operation, but continue adding the ot
git	stage --ignore-missing	option	This option can only be used together with --dry-run. By using this option the user can check if any of the given files
git	stage --no-warn-embedded-repo	option	By default, git add will warn when adding an embedded repository to the index without using git submodule add to create
git	stage --renormalize	option	Apply the 'clean' process freshly to all tracked files to forcibly add them again to the index. This is useful after cha
git	stage --chmod	option	Override the executable bit of the added files. The executable bit is only changed in the index, the files on disk are l
git	stage --pathspec-from-file	option	Pathspec is passed in <file> instead of commandline args. If <file> is exactly - then standard input is used. Pathspec e
git	stage --pathspec-file-nul	option	Only meaningful with --pathspec-from-file. Pathspec elements are separated with NUL character and all other characters a
git	stage --	option	This option can be used to separate command-line options from the list of files
git	status	subcommand	Show the working tree status
git	status -s	option	Give the output in the short-format
git	status -v	option	Be verbose
git	status -b	option	Show branch information
git	status --show-stash	option	Show stash information
git	status --porcelain	option	Give the output in the short-format
git	status --ahead-behind	option	Display full ahead/behind values
git	status --no-ahead-behind	option	Do not display full ahead/behind values
git	status --column	option	Display full ahead/behind values
git	status --no-column	option	Do not display untracked files in columns
git	status --long	option	Show status in long format (default)
git	status -z	option	Terminate entries with NUL
git	status -u	option	Show untracked files
git	status --ignore-submodules	option	Ignore changes to submodules when looking for changes
git	status --ignored	option	Show ignored files
git	status --no-renames	option	Do not detect renames
git	status --renames	option	Turn on rename detection regardless of user configuration
git	status --find-renames	option	Turn on rename detection, optionally setting the similarity threshold
git	clean	subcommand	Shows which files would be removed from working directory
git	clean -d	option	Normally, when no <path> is specified, git clean will not recurse into untracked directories to avoid removing too much.
git	clean -f	option	If the Git configuration variable clean.requireForce is not set to false, git clean will refuse to delete files or direc
git	clean -i	option	Show what would be done and clean files interactively
git	clean -n	option	Don’t actually remove anything, just show what would be done
git	clean -q	option	Be quiet, only report errors, but not the files that are successfully removed
git	clean -e	option	Use the given exclude pattern in addition to the standard ignore rules
git	clean -x	option	Don’t use the standard ignore rules (see gitignore(5)), but still use the ignore rules given with -e options from the co
git	clean -X	option	Remove only files ignored by Git. This may be useful to rebuild everything from scratch, but keep manually created files
git	revert	subcommand	Create new commit that undoes all of the changes made in <commit>, then apply it to the current branch
git	ls-remote	subcommand	List references in a remote repository
git	push	subcommand	Update remote refs
git	push --all	option	Push all branches (i.e. refs under refs/heads/); cannot be used with other <refspec>
git	push --prune	option	Remove remote branches that don't have a local counterpart
git	push --mirror	option	Instead of naming each ref to push, specifies that all refs under refs/ be mirrored to the remote repository
git	push -n	option	Do everything except actually send the updates
git	push --porcelain	option	Produce machine-readable output. The output status line for each ref will be tab-separated and sent to stdout instead of
git	push -d	option	All listed refs are deleted from the remote repository. This is the same as prefixing all refs with a colon
git	push --tags	option	All refs under refs/tags are pushed, in addition to refspecs explicitly listed on the command line
git	push --follow-tags	option	Push all the refs that would be pushed without this option, and also push annotated tags in refs/tags that are missing f
git	push --signed	option	GPG-sign the push request to update refs on the receiving side, to allow it to be checked by the hooks and/or be logged.
git	push --no-signed	option	GPG-sign the push request to update refs on the receiving side, to allow it to be checked by the hooks and/or be logged.
git	push --atomic	option	Use an atomic transaction on the remote side if available. Either all refs are updated, or on error, no refs are updated
git	push --no-atomic	option	Use an atomic transaction on the remote side if available. Either all refs are updated, or on error, no refs are updated
git	push -f	option	Usually, the command refuses to update a remote ref that is not an ancestor of the local ref used to overwrite it. Also,
git	push --repo	option	This option is equivalent to the <repository> argument. If both are specified, the command-line argument takes precedenc
git	push -u	option	For every branch that is up to date or successfully pushed, add upstream (tracking) reference, used by argument-less git
git	push --thin	option	These options are passed to git-send-pack(1). A thin transfer significantly reduces the amount of sent data when the sen
git	push --no-thin	option	These options are passed to git-send-pack(1). A thin transfer significantly reduces the amount of sent data when the sen
git	push -q	option	Suppress all output, including the listing of updated refs, unless an error occurs. Progress is not reported to the stan
git	push -v	option	Run verbosely
git	push --progress	option	Progress status is reported on the standard error stream by default when it is attached to a terminal, unless -q is spec
git	push --no-recurse-submodules	option	May be used to make sure all submodule commits used by the revisions to be pushed are available on a remote-tracking bra
git	push --recurse-submodules	option	May be used to make sure all submodule commits used by the revisions to be pushed are available on a remote-tracking bra
git	push --verify	option	Turn on the pre-push hook. The default is --verify, giving the hook a chance to prevent the push. With
git	push --no-verify	option	Turn off the pre-push hook. The default is --verify, giving the hook a chance to prevent the push. With
git	push -4	option	Use IPv4 addresses only, ignoring IPv6 addresses
git	push -6	option	Use IPv6 addresses only, ignoring IPv4 addresses
git	push -o	option	Transmit the given string to the server, which passes them to the pre-receive as well as the post-receive hook. The give
git	push --receive-pack	option	Path to the git-receive-pack program on the remote end. Sometimes useful when pushing to a remote repository over ssh, a
git	push --no-force-with-lease	option	Cancel all the previous --force-with-lease on the command line
git	push --force-with-lease	option	Protect the named ref (alone), if it is going to be updated, by requiring its current value to be the same as the specif
git	pull	subcommand	Integrate with another repository
git	pull --rebase	option	Fetch the remote’s copy of current branch and rebases it into the local copy
git	pull --no-rebase	option	Override earlier --rebase
git	pull --commit	option	Perform the merge and commit the result. This option can be used to override --no-commit
git	pull --no-commit	option	Perform the merge and stop just before creating a merge commit, to give the user a chance to inspect and further tweak t
git	pull --edit	option	Invoke an editor before committing successful mechanical merge to further edit the auto-generated merge message, so that
git	pull --no-edit	option	The --no-edit option can be used to accept the auto-generated message (this is generally discouraged). The --edit (or -e
git	pull --cleanup	option	This option determines how the merge message will be cleaned up before committing. See git-commit[1] for more details. I
git	pull --ff	option	When possible resolve the merge as a fast-forward (only update the branch pointer to match the merged branch; do not cre
git	pull --no-ff	option	Create a merge commit in all cases, even when the merge could instead be resolved as a fast-forward
git	pull --ff-only	option	Resolve the merge as a fast-forward when possible. When not possible, refuse to merge and exit with a non-zero status
git	pull -S	option	GPG-sign the resulting merge commit. The keyid argument is optional and defaults to the committer identity; if specified
git	pull --no-gpg-sign	option	Is useful to countermand both commit.gpgSign configuration variable, and earlier --gpg-sign
git	pull --log	option	In addition to branch names, populate the log message with one-line descriptions from at most <n> actual commits that ar
git	pull --no-log	option	Do not list one-line descriptions from the actual commits being merged
git	pull --signoff	option	Add a Signed-off-by trailer by the committer at the end of the commit log message. The meaning of a signoff depends on t
git	pull --no-signoff	option	Can be used to countermand an earlier --signoff option on the command line
git	pull --stat	option	Show a diffstat at the end of the merge. The diffstat is also controlled by the configuration option merge.stat
git	pull -n	option	Do not show a diffstat at the end of the merge
git	pull --squash	option	With --squash, --commit is not allowed, and will fail. Produce the working tree and index state as if a real merge happe
git	pull --no-squash	option	Perform the merge and commit the result. This option can be used to override --squash
git	pull --no-verify	option	This option bypasses the pre-merge and commit-msg hooks. See also githooks[5]
git	pull -s	option	Use the given merge strategy; can be supplied more than once to specify them in the order they should be tried. If there
git	pull -X	option	Pass merge strategy specific option through to the merge strategy
git	pull --verify-signatures	option	Verify that the tip commit of the side branch being merged is signed with a valid key, i.e. a key that has a valid uid:
git	pull --no-verify-signatures	option	Do not verify that the tip commit of the side branch being merged is signed with a valid key
git	pull --summary	option	Synonym to --stat ; this is deprecated and will be removed in the future
git	pull --no-summary	option	Synonym to --no-stat ; this is deprecated and will be removed in the future
git	pull -q	option	Operate quietly. Implies --no-progress
git	pull -v	option	Be verbose
git	pull --autostash	option	Automatically create a temporary stash entry before the operation begins, and apply it after the operation ends. This me
git	pull --no-autostash	option	Do not automatically create a temporary stash entry before the operation begins, and apply it after the operation ends
git	pull --allow-unrelated-histories	option	By default, git merge command refuses to merge histories that do not share a common ancestor. This option can be used to
git	pull --all	option	Fetch all remotes
git	pull -a	option	Append ref names and object names of fetched refs to the existing contents of .git/FETCH_HEAD
git	pull --atomic	option	Use an atomic transaction to update local refs. Either all refs are updated, or on error, no refs are updated
git	pull --depth	option	Limit fetching to the specified number of commits from the tip of each remote branch history
git	pull --deepen	option	Similar to --depth, except it specifies the number of commits from the current shallow boundary instead of from the tip
git	pull --shallow-since	option	Deepen or shorten the history of a shallow repository to include all reachable commits after <date>
git	pull --shallow-exclude	option	Deepen or shorten the history of a shallow repository to exclude commits reachable from a specified remote branch or tag
git	pull --unshallow	option	If the source repository is shallow, fetch as much as possible so that the current repository has the same history as th
git	pull --update-shallow	option	By default when fetching from a shallow repository, git fetch refuses refs that require updating .git/shallow
git	pull --negotiation-tip	option	By default, Git will report, to the server, commits reachable from all local refs to find common commits in an attempt t
git	pull --dry-run	option	Show what would be done, without making any changes
git	pull -f	option	This option overrides that check
git	pull -k	option	Keep downloaded pack
git	pull -p	option	Before fetching, remove any remote-tracking references that no longer exist on the remote
git	pull -P	option	Before fetching, remove any local tags that no longer exist on the remote if --prune is enabled
git	pull --no-tags	option	By default, tags that point at objects that are downloaded from the remote repository are fetched and stored locally. Th
git	pull --refmap	option	When fetching refs listed on the command line, use the specified refspec (can be given more than once) to map the refs t
git	pull -t	option	By default, tags that point at objects that are downloaded from the remote repository are fetched and stored locally. Th
git	pull --recurse-submodules	option	When fetching refs listed on the command line, use the specified refspec (can be given more than once) to map the refs t
git	pull --no-recurse-submodules	option	Disable recursive fetching of submodules (this has the same effect as using the --recurse-submodules=no option)
git	pull -j	option	Number of parallel children to be used for all forms of fetching
git	pull --set-upstream	option	If the remote is fetched successfully, add upstream (tracking) reference, used by argument-less git-pull[1] and other co
git	pull --upload-pack	option	When given, and the repository to fetch from is handled by git fetch-pack, --exec=<upload-pack> is passed to the command
git	pull --progress	option	Progress status is reported on the standard error stream by default when it is attached to a terminal, unless -q is spec
git	pull -o	option	Transmit the given string to the server when communicating using protocol version 2. The given string must not contain a
git	pull --show-forced-updates	option	By default, git checks if a branch is force-updated during fetch. This can be disabled through fetch.showForcedUpdates,
git	pull --no-show-forced-updates	option	By default, git checks if a branch is force-updated during fetch. Pass --no-show-forced-updates or set fetch.showForcedU
git	pull -4	option	Use IPv4 addresses only, ignoring IPv6 addresses
git	pull -6	option	Use IPv6 addresses only, ignoring IPv4 addresses
git	diff	subcommand	Show changes between commits, commit and working tree, etc
git	diff --staged	option	Show difference between the files in the staging area and the latest version
git	diff --cached	option	Show difference between staged changes and last commit
git	diff --help	option	Shows different options
git	diff --numstat	option	Shows number of added and deleted lines in decimal notation
git	diff --name-only	option	Show only names of changed files
git	diff --shortstat	option	Output only the last line of the --stat format containing total number of modified files
git	diff --stat	option	Generate a diffstat
git	diff --	option	Separates paths from options for disambiguation purposes
git	reset	subcommand	Reset current HEAD to the specified state
git	reset --keep	option	Safe: files which are different between the current HEAD and the given commit. Will abort if there are uncommitted chang
git	reset --soft	option	Remove the last commit from the current branch, but the file changes will stay in your working tree
git	reset --hard	option	⚠️WARNING: you will lose all uncommitted changes in addition to the changes introduced in the last commit
git	reset --mixed	option	Keep the changes in your working tree but not on the index
git	reset -N	option	Mark removed paths as intent-to-add
git	reset --merge	option	Resets the index and updates the files in the working tree that are different between 'commit' and HEAD
git	reset -q	option	Be quiet, only report errors
git	reset --no-quiet	option	Inverse of --quiet
git	reset --pathspec-from-file	option	Pathspec is passed in file <file> instead of commandline args
git	reset --pathspec-file-nul	option	Pathspec elements are separated with NUL character
git	reset -p	option	Interactively select hunks in the difference between the index and <tree-ish>
git	log	subcommand	Show commit logs
git	log --follow	option	Show history of given file
git	log -q	option	Suppress diff output
git	log --show-signature	option	Check the validity of a signed commit
git	log --source	option	Show source
git	log --oneline	option	Show each commit as a single line
git	log -p	option	Display the full diff of each commit
git	log --stat	option	Include which files were altered and the relative number of lines that were added or deleted from each of them
git	log --grep	option	Search for commits with a commit message that matches <pattern>
git	log --author	option	Search for commits by a particular author
git	remote	subcommand	Manage remote repository
git	remote add	subcommand	Add a remote named <name> for the repository at <url>
git	remote add -t	option	A refspec to track only <branch> is created
git	remote add -m	option	A symbolic-ref refs/remotes/<name>/HEAD is set up to point at remote’s <master> branch
git	remote add -f	option	Git fetch <name> is run immediately after the remote information is set up
git	remote add --tags	option	Git fetch <name> imports every tag from the remote repository
git	remote add --no-tags	option	Git fetch <name> does not import tags from the remote repository
git	remote add --mirror	option	Create fetch or push mirror
git	remote set-head	subcommand	Sets or deletes the default branch
git	remote set-head --auto	option	The remote is queried to determine its HEAD, then the symbolic-ref refs/remotes/<name>/HEAD is set to the same branch
git	remote set-head --delete	option	The symbolic ref refs/remotes/<name>/HEAD is deleted
git	remote set-branches	subcommand	Changes the list of branches tracked by the named remote. This can be used to track a subset of the available remote bra
git	remote set-branches --add	option	Instead of replacing the list of currently tracked branches, adds to that list
git	remote rm	subcommand	Removes given remote [name]
git	remote rename	subcommand	Removes given remote [name]
git	remote get-url	subcommand	Retrieves the URLs for a remote
git	remote get-url --push	option	Push URLs are queried rather than fetch URLs
git	remote get-url --all	option	All URLs for the remote will be listed
git	remote set-url	subcommand	Changes the URLs for the remote
git	remote set-url --push	option	Push URLs are manipulated instead of fetch URLs
git	remote set-url --add	option	Instead of changing existing URLs, new URL is added
git	remote set-url --delete	option	Instead of changing existing URLs, all URLs matching regex <url> are deleted for remote <name>
git	remote show	subcommand	Gives some information about the remote [name]
git	remote show -n	option	The remote heads are not queried first with git ls-remote <name>; cached information is used instead
git	remote prune	subcommand	Equivalent to git fetch --prune [name], except that no new references will be fetched
git	remote prune -n	option	
git	remote prune --dry-run	option	Report what branches would be pruned, but do not actually prune them
git	remote update	subcommand	Fetch updates for remotes or remote groups in the repository as defined by remotes.<group>
git	remote update -p	option	
git	remote -v	option	Be a little more verbose and show remote url after name. NOTE: This must be placed between remote and subcommand
git	fetch	subcommand	Download objects and refs from another repository
git	fetch --all	option	Fetch all remotes
git	fetch -a	option	Append ref names and object names of fetched refs to the existing contents of .git/FETCH_HEAD
git	fetch --atomic	option	Use an atomic transaction to update local refs. Either all refs are updated, or on error, no refs are updated
git	fetch --depth	option	Limit fetching to the specified number of commits from the tip of each remote branch history
git	fetch --deepen	option	Similar to --depth, except it specifies the number of commits from the current shallow boundary instead of from the tip
git	fetch --shallow-since	option	Deepen or shorten the history of a shallow repository to include all reachable commits after <date>
git	fetch --shallow-exclude	option	Deepen or shorten the history of a shallow repository to exclude commits reachable from a specified remote branch or tag
git	fetch --unshallow	option	If the source repository is shallow, fetch as much as possible so that the current repository has the same history as th
git	fetch --update-shallow	option	By default when fetching from a shallow repository, git fetch refuses refs that require updating .git/shallow
git	fetch --negotiation-tip	option	By default, Git will report, to the server, commits reachable from all local refs to find common commits in an attempt t
git	fetch --dry-run	option	Show what would be done, without making any changes
git	fetch --write-fetch-head	option	Write the list of remote refs fetched in the FETCH_HEAD file directly under $GIT_DIR. This is the default
git	fetch --no-write-fetch-head	option	Tells Git not to write the file
git	fetch -f	option	This option overrides that check
git	fetch -k	option	Keep downloaded pack
git	fetch --multiple	option	Allow several <repository> and <group> arguments to be specified. No <refspec>s may be specified
git	fetch --auto-maintenance	option	Run git maintenance run --auto at the end to perform automatic repository maintenance if
git	fetch --no-auto-maintenance	option	Don't run git maintenance run --auto at the end to perform automatic repository maintenance
git	fetch --write-commit-graph	option	Write a commit-graph after fetching. This overrides the config setting fetch.writeCommitGraph
git	fetch --no-write-commit-graph	option	Don't write a commit-graph after fetching. This overrides the config setting fetch.writeCommitGraph
git	fetch -p	option	Before fetching, remove any remote-tracking references that no longer exist on the remote
git	fetch -P	option	Before fetching, remove any local tags that no longer exist on the remote if --prune is enabled
git	fetch -n	option	By default, tags that point at objects that are downloaded from the remote repository are fetched and stored locally. Th
git	fetch --refmap	option	When fetching refs listed on the command line, use the specified refspec (can be given more than once) to map the refs t
git	fetch -t	option	By default, tags that point at objects that are downloaded from the remote repository are fetched and stored locally. Th
git	fetch --recurse-submodules	option	When fetching refs listed on the command line, use the specified refspec (can be given more than once) to map the refs t
git	fetch -j	option	Number of parallel children to be used for all forms of fetching
git	fetch --no-recurse-submodules	option	Disable recursive fetching of submodules (this has the same effect as using the --recurse-submodules=no option)
git	fetch --set-upstream	option	If the remote is fetched successfully, add upstream (tracking) reference, used by argument-less git-pull[1] and other co
git	fetch --submodule-prefix	option	Prepend <path> to paths printed in informative messages such as ”Fetching submodule foo". This option is used internally
git	fetch --recurse-submodules-default	option	This option is used internally to temporarily provide a non-negative default value for the --recurse-submodules option
git	fetch -u	option	By default git fetch refuses to update the head which corresponds to the current branch. This flag disables the check. T
git	fetch --upload-pack	option	When given, and the repository to fetch from is handled by git fetch-pack, --exec=<upload-pack> is passed to the command
git	fetch -q	option	Pass --quiet to git-fetch-pack and silence any other internally used git commands. Progress is not reported to the stand
git	fetch -v	option	Be verbose
git	fetch --progress	option	Progress status is reported on the standard error stream by default when it is attached to a terminal, unless -q is spec
git	fetch -o	option	Transmit the given string to the server when communicating using protocol version 2. The given string must not contain a
git	fetch --show-forced-updates	option	By default, git checks if a branch is force-updated during fetch. This can be disabled through fetch.showForcedUpdates,
git	fetch --no-show-forced-updates	option	By default, git checks if a branch is force-updated during fetch. Pass --no-show-forced-updates or set fetch.showForcedU
git	fetch -4	option	Use IPv4 addresses only, ignoring IPv6 addresses
git	fetch -6	option	Use IPv6 addresses only, ignoring IPv4 addresses
git	fetch --stdin	option	Read refspecs, one per line, from stdin in addition to those provided as arguments. The "tag <name>" format is not suppo
git	stash	subcommand	Temporarily stores all the modified tracked files
git	stash push	subcommand	Save your local modifications to a new stash entry and roll them back to HEAD
git	stash push -p	option	Interactively select hunks from the diff between HEAD and the working tree to be stashed
git	stash push -k	option	All changed already added to the index are left intact
git	stash push -u	option	All untracked files are also stashed and then cleaned up
git	stash push -a	option	All ignored and untracked files are also stashed
git	stash push -q	option	Quiet, suppress feedback messages
git	stash push -m	option	Use the given <msg> as the stash message
git	stash push --pathspec-from-file	option	
git	stash push --	option	Separates pathsec from options for disambiguation purposes
git	stash show	subcommand	Show the changes recorded in the stash entry as a diff
git	stash save	subcommand	Temporarily stores all the modified tracked files
git	stash save -p	option	Interactively select hunks from the diff between HEAD and the working tree to be stashed
git	stash save -k	option	All changed already added to the index are left intact
git	stash save -u	option	All untracked files are also stashed and then cleaned up
git	stash save -a	option	All ignored and untracked files are also stashed
git	stash save -q	option	Quiet, suppress feedback messages
git	stash pop	subcommand	Restores the most recently stashed files
git	stash pop --index	option	Tries to reinstate not only the working tree's changes, but also the index's ones
git	stash pop -q	option	Quiet, suppress feedback messages
git	stash list	subcommand	Lists all stashed changesets
git	stash drop	subcommand	Discards the most recently stashed changeset
git	stash drop -q	option	Quiet, suppress feedback messages
git	stash clear	subcommand	Remove all the stash entries
git	stash apply	subcommand	Like pop, but do not remove the state from the stash list
git	stash apply --index	option	Tries to reinstate not only the working tree's changes, but also the index's ones
git	stash apply -q	option	Quiet, suppress feedback messages
git	stash branch	subcommand	Creates and checks out a new branch named
git	stash create	subcommand	Creates a stash entry
git	stash store	subcommand	Store a given stash in the stash ref, updating the stash reflog
git	stash store -m	option	Use the given <msg> as the stash message
git	stash store -q	option	Quiet, suppress feedback messages
git	reflog	subcommand	Show history of events with hashes
git	reflog --relative-date	option	Show date info
git	reflog --all	option	Show all refs
git	clone	subcommand	Clone a repository into a new directory
git	clone -l	option	Bypasses the normal git aware transport mechanism
git	clone --no-hardlinks	option	Force the cloning process from a repository on a local filesystem to copy the files under the .git/objects directory ins
git	clone -s	option	Automatically setup .git/objects/info/alternates to share the objects with the source repository
git	clone --dry-run	option	Do nothing; only show what would happen
git	clone --reference	option	If the reference repository is on the local machine, automatically setup
git	clone --reference-if-able	option	If the reference repository is on the local machine, automatically setup. Non existing directory is skipped with a warni
git	clone --dissociate	option	Borrow the objects from reference repositories specified with the --reference options only to reduce network transfer, a
git	clone -q	option	Operate quietly. Progress is not reported to the standard error stream
git	clone -v	option	Run verbosely. Does not affect the reporting of progress status to the standard error stream
git	clone --progress	option	Progress status is reported on the standard error stream by default when it is attached to a terminal, unless --quiet is
git	clone --server-option	option	Transmit the given string to the server when communicating using protocol version 2. The given string must not contain a
git	clone -n	option	No checkout of HEAD is performed after the clone is complete
git	clone --bare	option	Make a bare Git repository. That is, instead of creating <directory> and placing the administrative files in <directory>
git	clone --sparse	option	Initialize the sparse-checkout file so the working directory starts with only the files in the root of the repository. T
git	clone --filter	option	Use the partial clone feature and request that the server sends a subset of reachable objects according to a given objec
git	clone --mirror	option	Set up a mirror of the source repository. This implies --bare. Compared to --bare, --mirror not only maps local branches
git	clone -o	option	Instead of using the remote name origin to keep track of the upstream repository, use <name>. Overrides clone.defaultRem
git	clone -b	option	Instead of pointing the newly created HEAD to the branch pointed to by the cloned repository’s HEAD, point to <name> bra
git	clone -u	option	When given, and the repository to clone from is accessed via ssh, this specifies a non-default path for the command run
git	clone --template	option	Specify the directory from which templates will be used
git	clone -c	option	Set a configuration variable in the newly-created repository; this takes effect immediately after the repository is init
git	clone --depth	option	Create a shallow clone with a history truncated to the specified number of commits. Implies --single-branch unless --no-
git	clone --shallow-since	option	Create a shallow clone with a history after the specified time
git	clone --shallow-exclude	option	Create a shallow clone with a history, excluding commits reachable from a specified remote branch or tag. This option ca
git	clone --single-branch	option	Clone only the history leading to the tip of a single branch, either specified by the --branch option or the primary bra
git	clone --no-single-branch	option	Do not clone only the history leading to the tip of a single branch, either specified by the --branch option or the prim
git	clone --no-tags	option	Don’t clone any tags, and set remote.<remote>.tagOpt=--no-tags in the config, ensuring that future git pull and git fetc
git	clone --recurse-submodules	option	After the clone is created, initialize and clone submodules within based on the provided pathspec. If no pathspec is pro
git	clone --shallow-submodules	option	All submodules which are cloned will be shallow with a depth of 1
git	clone --no-shallow-submodules	option	Disable --shallow-submodules
git	clone --remote-submodules	option	All submodules which are cloned will use the status of the submodule’s remote-tracking branch to update the submodule, r
git	clone --no-remote-submodules	option	Disable --remote-submodules
git	clone -j	option	The number of submodules fetched at the same time. Defaults to the submodule.fetchJobs option
git	clone --separate-git-dir	option	Instead of placing the cloned repository where it is supposed to be, place the cloned repository at the specified direct
git	init	subcommand	Create an empty Git repository or reinitialize an existing one
git	init -q	option	Only print error and warning messages
git	init --bare	option	Create a bare repository
git	init --object-format	option	Specify the given object format
git	init --template	option	Specify the directory from which templates will be used
git	init --separate-git-dir	option	Instead of initializing the repository as a directory to either $GIT_DIR or ./.git/, create a text file there containing
git	init -b	option	Initial branch for new repo
git	init --shared	option	Specify that the Git repository is to be shared amongst several users. This allows users belonging to the same group to
git	mv	subcommand	Move or rename a file, a directory, or a symlink
git	mv -f	option	Force renaming or moving of a file even if the target exists
git	mv -k	option	Skip move or rename actions which would lead to an error condition
git	mv -n	option	Do nothing; only show what would happen
git	mv -v	option	Report the names of files as they are moved
git	rm	subcommand	Remove files from the working tree and from the index
git	rm --	option	Used to separate command-line options from the list of files
git	rm --cached	option	Only remove from the index
git	rm -f	option	Override the up-to-date check
git	rm -n	option	Don’t actually remove any file(s). Instead, just show if they exist in the index and would otherwise be removed by the c
git	rm -r	option	Allow recursive removal
git	bisect	subcommand	Use binary search to find the commit that introduced a bug
git	bisect start	subcommand	Reset bisect state and start bisection
git	bisect start --term-new	option	Specify the alias to mark commits as new during the bisect process
git	bisect start --term-bad	option	Specify the alias to mark commits as bad during the bisect process
git	bisect start --term-good	option	Specify the alias to mark commits as good during the bisect process
git	bisect start --term-old	option	Specify the alias to mark commits as old during the bisect process
git	bisect start --no-checkout	option	Do not checkout the new working tree at each iteration of the bisection process. Instead just update a special reference
git	bisect start --first-parent	option	Follow only the first parent commit upon seeing a merge commit. In detecting regressions introduced through the merging
git	bisect start --	option	Stop taking subcommand arguments and options. Starts taking paths to bisect
git	bisect bad	subcommand	Mark commits as bad
git	bisect new	subcommand	Mark commits as new
git	bisect old	subcommand	Mark commits as old
git	bisect good	subcommand	Mark commits as good
git	bisect next	subcommand	Find next bisection to test and check it out
git	bisect terms	subcommand	Show the terms used for old and new commits (default: bad, good)
git	bisect terms --term-old	option	You can get just the old (respectively new) term
git	bisect terms --term-good	option	You can get just the old (respectively new) term
git	bisect skip	subcommand	Mark <rev>... untestable revisions
git	bisect reset	subcommand	Finish bisection search and go back to commit
git	bisect visualize	subcommand	See the currently remaining suspects in gitk
git	bisect replay	subcommand	Replay bisection log
git	bisect log	subcommand	Show bisect log
git	bisect run	subcommand	Use <cmd>... to automatically bisect
git	bisect help	subcommand	
git	grep	subcommand	Print lines matching a pattern
git	show	subcommand	Show various types of objects
git	branch	subcommand	List, create, or delete branches
git	branch -a	option	List both remote-tracking and local branches
git	branch -d	option	Delete fully merged branch
git	branch -D	option	Delete branch (even if not merged)
git	branch -m	option	Move/rename a branch and its reflog
git	branch -M	option	Move/rename a branch, even if target exists
git	branch -c	option	Copy a branch and its reflog
git	branch -C	option	Copy a branch, even if target exists
git	branch -l	option	List branch names
git	branch --create-reflog	option	Create the branch's reflog
git	branch --edit-description	option	Edit the description for the branch
git	branch -f	option	Force creation, move/rename, deletion
git	branch --merged	option	Print only branches that are merged
git	branch --no-merged	option	Print only branches that are not merged
git	branch --column	option	List branches in columns [=<style>]
git	branch --no-column	option	Doesn't display branch listing in columns
git	branch --sort	option	Field name to sort on
git	branch --points-at	option	Print only branches of the object
git	branch -i	option	Sorting and filtering are case insensitive
git	branch --format	option	Format to use for the output
git	branch -r	option	Lists or deletes (if used with -d) the remote-tracking branches
git	branch --show-current	option	Prints the name of the current branch
git	branch -v	option	Shows sha1 and commit subject line for each head, along with relationship to upstream branch when in list mode. If given
git	branch -q	option	Suppress non-error messages
git	branch --abbrev	option	Shows the shortest prefix that is at least <n> hexdigits long that uniquely refers the object
git	branch --no-abbrev	option	Displays the full sha1s in the output listing
git	branch -t	option	When creating a new branch, set up 'upstream' configuration
git	branch --no-track	option	Do not set up 'upstream' configuration, even if the branch.autoSetupMerge configuration variable is true
git	branch -u	option	Sets branch to upstream provided
git	branch --unset-upstream	option	Removes the upstream information
git	branch --contains	option	Only lists branches which contain the specified commit
git	branch --no-contains	option	Only lists branches which don't contain the specified commit
git	branch --color	option	Color branches to highlight current, local, and remote-tracking branches
git	branch --no-color	option	Turns off branch colors
git	checkout	subcommand	Switch branches or restore working tree files
git	checkout -q	option	Quiet, suppress feedback messages
git	checkout --progress	option	Progress status is reported on the standard error stream by default when it is attached to a terminal, unless --quiet is
git	checkout --no-progress	option	Disable progress status reporting
git	checkout -f	option	When switching branches, proceed even if the index or the working tree differs from HEAD. This is used to throw away loc
git	checkout -2	option	When checking out paths from the index, check out stage #2 (ours) for unmerged paths
git	checkout -3	option	When checking out paths from the index, check out stage #3 (theirs) for unmerged paths
git	checkout -b	option	Create a new branch named <new_branch> and start it at <start_point>; see git-branch[1] for details
git	checkout -B	option	Creates the branch <new_branch> and start it at <start_point>; if it already exists, then reset it to <start_point>. Thi
git	checkout -t	option	When creating a new branch, set up 'upstream' configuration
git	checkout --no-track	option	Do not set up 'upstream' configuration, even if the branch.autoSetupMerge configuration variable is true
git	checkout --guess	option	If <branch> is not found but there does exist a tracking branch in exactly one remote (call it <remote>) with a matching
git	checkout --no-guess	option	Disable --guess
git	checkout -l	option	Create the new branch’s reflog; see git-branch[1] for details
git	checkout -d	option	Rather than checking out a branch to work on it, check out a commit for inspection and discardable experiments. This is
git	checkout --orphan	option	Create a new orphan branch, named <new_branch>, started from <start_point> and switch to it
git	checkout --ignore-skip-worktree-bits	option	In sparse checkout mode, git checkout -- <paths> would update only entries matched by <paths> and sparse patterns in $GI
git	checkout -m	option	When switching branches, if you have local modifications to one or more files that are different between the current bra
git	checkout --conflict	option	The same as --merge option above, but changes the way the conflicting hunks are presented, overriding the merge.conflict
git	checkout -p	option	Interactively select hunks in the difference between the <tree-ish> (or the index, if unspecified) and the working tree
git	checkout --ignore-other-worktrees	option	Git checkout refuses when the wanted ref is already checked out by another worktree. This option makes it check the ref
git	checkout --overwrite-ignore	option	Silently overwrite ignored files when switching branches. This is the default behavior
git	checkout --no-overwrite-ignore	option	Use --no-overwrite-ignore to abort the operation when the new branch contains ignored files
git	checkout --recurse-submodules	option	Using --recurse-submodules will update the content of all active submodules according to the commit recorded in the supe
git	checkout --no-recurse-submodules	option	Submodules working trees will not be updated
git	checkout --overlay	option	In the default overlay mode, git checkout never removes files from the index or the working tree
git	checkout --no-overlay	option	When specifying --no-overlay, files that appear in the index and working tree, but not in <tree-ish> are removed, to mak
git	checkout --pathspec-from-file	option	Pathspec is passed in <file> instead of commandline args
git	checkout --pathspec-file-nul	option	Only meaningful with --pathspec-from-file
git	cherry-pick	subcommand	Apply the changes introduced by some existing commits
git	cherry-pick --continue	option	Continue the operation in progress using the information in .git/sequencer
git	cherry-pick --skip	option	Skip the current commit and continue with the rest of the sequence
git	cherry-pick --quit	option	Forget about the current operation in progress
git	cherry-pick --abort	option	Cancel the operation and return to the pre-sequence state
git	cherry-pick -e	option	With this option, git cherry-pick will let you edit the commit message prior to committing
git	cherry-pick --cleanup	option	This option determines how the commit message will be cleaned up before being passed on to the commit machinery
git	cherry-pick -x	option	When recording the commit, append a line that says "(cherry picked from commit ...)" to the original commit message in o
git	cherry-pick -m	option	Specifies the parent number (starting from 1) of the mainline and allows cherry-pick to replay the change relative to th
git	cherry-pick -n	option	Applies changes necessary to cherry-pick each named commit to your working tree and the index without making any commit
git	cherry-pick -s	option	Add a Signed-off-by trailer at the end of the commit message
git	cherry-pick -S	option	GPG-sign commits
git	cherry-pick --no-gpg-sign	option	Useful to countermand both commit.gpgSign configuration variable, and earlier --gpg-sign
git	cherry-pick --ff	option	If the current HEAD is the same as the parent of the cherry-pick'ed commit, the a fast forward to this commit will be pe
git	cherry-pick --allow-empty	option	Allow empty commits to be preserved automatically in a cherry-pick
git	cherry-pick --allow-empty-message	option	Allow commits with empty messages to be cherry picked
git	cherry-pick --keep-redundant-commits	option	Creates an empty commit object. Implies --allow-empty
git	cherry-pick --strategy	option	Use the given merge strategy. Should only be used once
git	cherry-pick -X	option	Pass the merge strategy-specific option through to the merge strategy
git	cherry-pick --rerere-autoupdate	option	Allow the rerere mechanism to update the index with the result of auto-conflict resolution if possible
git	cherry-pick --no-rerere-autoupdate	option	Do not allow the rerere mechanism to update the index with the result of auto-conflict resolution if possible
git	submodule	subcommand	Initialize, update or inspect submodules
git	submodule add	subcommand	Add the given repository as a submodule at the given path to the changeset to be committed next to the current project
git	submodule add -b	option	Branch of repository to add as submodule
git	submodule add -f	option	Allow adding an otherwise ignored submodule path
git	submodule add --name	option	It sets the submodule’s name to the given string instead of defaulting to its path
git	submodule add --reference	option	Remote repository to be cloned
git	submodule add --depth	option	Create a shallow clone with a history truncated to the specified number of revisions
git	submodule add --	option	End of subcommand options
git	submodule status	subcommand	Show the status of the submodules
git	submodule status --cached	option	Will instead print the SHA-1 recorded in the superproject for each submodule
git	submodule status --recursive	option	Will recurse into nested submodules, and show their status as well
git	submodule status --	option	End of subcommand options
git	submodule init	subcommand	Initialize the submodules recorded in the index
git	submodule init --	option	End of subcommand options
git	submodule deinit	subcommand	Unregister the given submodules
git	submodule deinit -f	option	The submodule’s working tree will be removed even if it contains local modifications
git	submodule deinit --all	option	Unregister all submodules in the working tree
git	submodule deinit --	option	End of subcommand options
git	submodule update	subcommand	Update the registered submodules to match what the superproject expects by cloning missing submodules, fetching missing
git	submodule update --init	option	Initialize all submodules for which 'git submodule init' has not been called so far before updating
git	submodule update --remote	option	Instead of using the superproject’s recorded SHA-1 to update the submodule, use the status of the submodule’s remote-tra
git	submodule update -N	option	Don’t fetch new objects from the remote site
git	submodule update --no-recommend-shallow	option	Ignore the suggestions
git	submodule update --recommend-shallow	option	The initial clone of a submodule will use the recommended submodule.<name>.shallow as provided by the .gitmodules file
git	submodule update -f	option	Throw away local changes in submodules when switching to a different commit; and always run a checkout operation in the
git	submodule update --checkout	option	The commit recorded in the superproject will be checked out in the submodule on a detached HEAD
git	submodule update --rebase	option	The current branch of the submodule will be rebased onto the commit recorded in the superproject
git	submodule update --merge	option	The commit recorded in the superproject will be merged into the current branch in the submodule
git	submodule update --reference	option	Remote repository
git	submodule update --depth	option	Create a shallow clone with a history truncated to the specified number of revisions
git	submodule update --recursive	option	Traverse submodules recursively
git	submodule update --jobs	option	Clone new submodules in parallel with as many jobs
git	submodule update --single-branch	option	Clone only one branch during update: HEAD or one specified by --branch
git	submodule update --no-single-branch	option	Don't clone only one branch during update: HEAD or one specified by --branch
git	submodule update --	option	End of subcommand options
git	submodule set-branch	subcommand	Sets the default remote tracking branch for the submodule
git	submodule set-branch -b	option	Branch of repository to add as submodule
git	submodule set-branch -d	option	Removes the submodule.<name>.branch configuration key, which causes the tracking branch to default to the remote HEAD
git	submodule set-branch --	option	End of subcommand options
git	submodule set-url	subcommand	Sets the URL of the specified submodule to <newurl>
git	submodule set-url --	option	End of command options
git	submodule summary	subcommand	Show commit summary between the given commit (defaults to HEAD) and working tree/index
git	submodule summary --cached	option	This command will recurse into the registered submodules, and sync any nested submodules within
git	submodule summary --files	option	Show the series of commits in the submodule between the index of the super project and the working tree of the submodule
git	submodule summary -n	option	Limit the summary size (number of commits shown in total). Giving 0 will disable the summary; a negative number means un
git	submodule summary --summary-limit	option	Limit the summary size (number of commits shown in total). Giving 0 will disable the summary; a negative number means un
git	submodule summary --	option	Everything after this is an argument
git	submodule foreach	subcommand	Evaluates an arbitrary shell command in each checked out submodule
git	submodule foreach --recursive	option	This command will recurse into the registered submodules, and sync any nested submodules within
git	submodule sync	subcommand	Synchronizes submodules' remote URL configuration setting to the value specified in .gitmodules
git	submodule sync --recursive	option	This command will recurse into the registered submodules, and sync any nested submodules within
git	submodule sync --	option	Everything after this is an argument
git	submodule absorbgitdirs	subcommand	If a git directory of a submodule is inside the submodule, move the git directory of the submodule into its superproject
git	submodule -q	option	Only print error messages
git	submodule --cached	option	The commit stored in the index is used instead
git	merge	subcommand	Join two or more development histories together
git	merge --commit	option	Perform the merge and commit the result. This option can be used to override --no-commit
git	merge --no-commit	option	Perform the merge and stop just before creating a merge commit, to give the user a chance to inspect and further tweak t
git	merge --edit	option	Invoke an editor before committing successful mechanical merge to further edit the auto-generated merge message, so that
git	merge --no-edit	option	The --no-edit option can be used to accept the auto-generated message (this is generally discouraged). The --edit (or -e
git	merge --cleanup	option	This option determines how the merge message will be cleaned up before committing. See git-commit[1] for more details. I
git	merge --ff	option	When possible resolve the merge as a fast-forward (only update the branch pointer to match the merged branch; do not cre
git	merge --no-ff	option	Create a merge commit in all cases, even when the merge could instead be resolved as a fast-forward
git	merge --ff-only	option	Resolve the merge as a fast-forward when possible. When not possible, refuse to merge and exit with a non-zero status
git	merge -S	option	GPG-sign the resulting merge commit. The keyid argument is optional and defaults to the committer identity; if specified
git	merge --no-gpg-sign	option	Is useful to countermand both commit.gpgSign configuration variable, and earlier --gpg-sign
git	merge --log	option	In addition to branch names, populate the log message with one-line descriptions from at most <n> actual commits that ar
git	merge --no-log	option	Do not list one-line descriptions from the actual commits being merged
git	merge --signoff	option	Add a Signed-off-by trailer by the committer at the end of the commit log message. The meaning of a signoff depends on t
git	merge --no-signoff	option	Can be used to countermand an earlier --signoff option on the command line
git	merge --stat	option	Show a diffstat at the end of the merge. The diffstat is also controlled by the configuration option merge.stat
git	merge -n	option	Do not show a diffstat at the end of the merge
git	merge --squash	option	With --squash, --commit is not allowed, and will fail. Produce the working tree and index state as if a real merge happe
git	merge --no-squash	option	Perform the merge and commit the result. This option can be used to override --squash
git	merge --no-verify	option	This option bypasses the pre-merge and commit-msg hooks. See also githooks[5]
git	merge -s	option	Use the given merge strategy; can be supplied more than once to specify them in the order they should be tried. If there
git	merge -X	option	Pass merge strategy specific option through to the merge strategy
git	merge --verify-signatures	option	Verify that the tip commit of the side branch being merged is signed with a valid key, i.e. a key that has a valid uid:
git	merge --no-verify-signatures	option	Do not verify that the tip commit of the side branch being merged is signed with a valid key
git	merge --summary	option	Synonym to --stat ; this is deprecated and will be removed in the future
git	merge --no-summary	option	Synonym to --no-stat ; this is deprecated and will be removed in the future
git	merge -q	option	Operate quietly. Implies --no-progress
git	merge -v	option	Be verbose
git	merge --progress	option	Turn progress on/off explicitly. If neither is specified, progress is shown if standard error is connected to a terminal
git	merge --no-progress	option	Turn progress on/off explicitly. If neither is specified, progress is shown if standard error is connected to a terminal
git	merge --autostash	option	Automatically create a temporary stash entry before the operation begins, and apply it after the operation ends. This me
git	merge --no-autostash	option	Do not automatically create a temporary stash entry before the operation begins, and apply it after the operation ends
git	merge --allow-unrelated-histories	option	By default, git merge command refuses to merge histories that do not share a common ancestor. This option can be used to
git	merge -m	option	Set the commit message to be used for the merge commit (in case one is created). If --log is specified, a shortlog of th
git	merge -F	option	Read the commit message to be used for the merge commit (in case one is created). If --log is specified, a shortlog of t
git	merge --rerere-autoupdate	option	Allow the rerere mechanism to update the index with the result of auto-conflict resolution if possible
git	merge --no-rerere-autoupdate	option	Do not allow the rerere mechanism to update the index with the result of auto-conflict resolution if possible
git	merge --overwrite-ignore	option	Silently overwrite ignored files from the merge result. This is the default behavior. Use --no-overwrite-ignore to abort
git	merge --no-overwrite-ignore	option	Do not silently overwrite ignored files from the merge result
git	merge --abort	option	Abort the current conflict resolution process, and try to reconstruct the pre-merge state. If an autostash entry is pres
git	merge --quit	option	Forget about the current merge in progress. Leave the index and the working tree as-is. If MERGE_AUTOSTASH is present, t
git	merge --continue	option	After a git merge stops due to conflicts you can conclude the merge by running git merge --continue (see 'HOW TO RESOLVE
git	mergetool	subcommand	Open the git tool to fix conflicts
git	tag	subcommand	Create, list, delete or verify a tag object signed with GPG
git	tag -l	option	List tag names
git	tag -n	option	Print <n> lines of each tag message
git	tag -d	option	Delete tags
git	tag -v	option	Verify tags
git	tag -a	option	Annotated tag, needs a message
git	tag -m	option	Tag message
git	tag --points-at	option	List tags of the given object
git	restore	subcommand	Restore working tree files
git	restore -s	option	Restore the working tree files with the content from the given tree
git	restore -p	option	Interactively select hunks in the difference between the restore source and the restore location
git	restore -W	option	Use the worktree as the restore location
git	restore -S	option	Use staging as the restore location
git	restore -q	option	Quiet, suppress feedback messages
git	restore --progress	option	Progress status is reported on the standard error stream by default when it is attached to a terminal
git	restore --no-progress	option	Disable progress status reporting
git	restore -2	option	When restoring paths from the index, check out stage #2 (ours) for unmerged paths
git	restore -3	option	When re out paths from the index, check out stage #3 (theirs) for unmerged paths
git	restore -m	option	When restoring files on the working tree from the index, recreate the conflicted merge in the unmerged paths
git	restore --conflict	option	The same as --merge option, but changes the way the conflicting hunks are presented
git	restore --ignore-unmerged	option	When restoring files on the working tree from the index, do not abort the operation if there are unmerged entries
git	restore --ignore-skip-worktree-bits	option	In sparse checkout mode, by default is to only update entries matched by <pathspec> and sparse patterns in $GIT_DIR/info
git	restore --recurse-submodules	option	If <pathspec> names an active submodule and the restore location includes the working tree, the submodule will only be u
git	restore --no-recurse-submodules	option	Submodules working trees will not be updated
git	restore --overlay	option	In overlay mode, the command never removes files when restoring
git	restore --no-overlay	option	In no-overlay mode, tracked files that do not appear in the --source tree are removed, to make them match <tree> exactly
git	restore --pathspec-from-file	option	Pathspec is passed in <file> instead of commandline args. If <file> is exactly - then standard input is used
git	restore --pathspec-file-nul	option	Only meaningful with --pathspec-from-file. Pathspec elements are separated with NUL character and all other characters a
git	restore --	option	Do not interpret any more arguments as options
git	switch	subcommand	Switch branches
git	switch -c	option	Create a new branch named <new-branch> starting at <start-point> before switching to the branch
git	switch -C	option	Similar to --create except that if <new-branch> already exists it will be reset to <start-point>
git	switch -d	option	Switch to a commit for inspection and discardable experiments
git	switch --guess	option	If <branch> is not found but there does exist a tracking branch in exactly one remote (call it <remote>) with a matching
git	switch --no-guess	option	Disable --guess
git	switch -f	option	An alias for --discard-changes
git	switch --discard-changes	option	Proceed even if the index or the working tree differs from HEAD. Both the index and working tree are restored to match t
git	switch -m	option	If you have local modifications to one or more files that are different between the current branch and the branch to whi
git	switch --conflict	option	The same as --merge option above, but changes the way the conflicting hunks are presented, overriding the merge.conflict
git	switch -q	option	Quiet, suppress feedback messages
git	switch --progress	option	Progress status is reported on the standard error stream by default when it is attached to a terminal
git	switch --no-progress	option	Disable progress status reporting
git	switch -t	option	When creating a new branch, set up 'upstream' configuration
git	switch --no-track	option	Do not set up 'upstream' configuration, even if the branch.autoSetupMerge configuration variable is true
git	switch --orphan	option	Create a new orphan branch, named <new-branch>
git	switch --ignore-other-worktrees	option	Git switch refuses when the wanted ref is already checked out by another worktree
git	switch --recurse-submodules	option	Updates the content of all active submodules according to the commit recorded in the superproject
git	switch --no-recurse-submodules	option	Submodules working trees will not be updated
git	worktree	subcommand	Manage multiple working trees
git	worktree add	subcommand	Create <path> and checkout <commit-ish> into it
git	worktree add -f	option	By default, add refuses to create a new working tree when <commit-ish> is a branch name and is already checked out by an
git	worktree add -d	option	With add, detach HEAD in the new working tree. See "DETACHED HEAD" in git-checkout[1]
git	worktree add --checkout	option	By default, add checks out <commit-ish>, however, --no-checkout can be used to suppress checkout in order to make custom
git	worktree add --lock	option	Keep the working tree locked after creation. This is the equivalent of git worktree lock after git worktree add, but wit
git	worktree add -b	option	With add, create a new branch named <new-branch> starting at <commit-ish>, and check out <new-branch> into the new worki
git	worktree list	subcommand	List details of each working tree
git	worktree list --porcelain	option	With list, output in an easy-to-parse format for scripts. This format will remain stable across Git versions and regardl
git	worktree list -v	option	With list, output additional information about worktrees (see below)
git	worktree list --expire	option	With list, annotate missing working trees as prunable if they are older than <time>
git	worktree lock	subcommand	If a working tree is on a portable device or network share which is not always mounted, lock it to prevent its administr
git	worktree lock --reason	option	With lock or with add --lock, an explanation <reason> why the working tree is locked
git	worktree move	subcommand	Move a working tree to a new location
git	worktree move -f	option	Move refuses to move a locked working tree unless --force is specified twice. If the destination is already assigned to
git	worktree prune	subcommand	Prune working tree information in $GIT_DIR/worktrees
git	worktree prune -n	option	With prune, do not remove anything; just report what it would remove
git	worktree prune -v	option	With prune, report all removals
git	worktree prune --expire	option	With prune, only expire unused working trees older than <time>
git	worktree remove	subcommand	Remove a working tree
git	worktree remove -f	option	Remove refuses to remove an unclean working tree unless --force is used. To remove a locked working tree, specify --forc
git	worktree repair	subcommand	Repair working tree administrative files, if possible, if they have become corrupted or outdated due to external factors
git	worktree unlock	subcommand	Unlock a working tree, allowing it to be pruned, moved or deleted
git	apply	subcommand	Apply a patch to files and/or to the index
git	apply --exclude	option	Don't apply changes matching the given path
git	apply --include	option	Apply changes matching the given path
git	apply -p	option	Remove <num> leading slashes from traditional diff paths
git	apply --no-add	option	Ignore additions made by the patch
git	apply --stat	option	Instead of applying the patch, output diffstat for the input
git	apply --numstat	option	Show number of added and deleted lines in decimal notation
git	apply --summary	option	Instead of applying the patch, output a summary for the input
git	apply --check	option	Instead of applying the patch, see if the patch is applicable
git	apply --index	option	Make sure the patch is applicable to the current index
git	apply -N	option	Mark new files with `git add --intent-to-add`
git	apply --cached	option	Apply a patch without touching the working tree
git	apply --unsafe-paths	option	Accept a patch that touches outside the working area
git	apply --apply	option	Also apply the patch (use with --stat/--summary/--check)
git	apply -3	option	Attempt three-way merge if a patch does not apply
git	apply --build-fake-ancestor	option	Build a temporary index based on embedded index information
git	apply -z	option	Paths are separated with NUL character
git	apply -C	option	Ensure at least <n> lines of context match
git	apply --whitespace	option	Detect new or modified lines that have whitespace errors
git	apply --ignore-space-change	option	Ignore changes in whitespace when finding context
git	apply -R	option	Apply the patch in reverse
git	apply --unidiff-zero	option	Don't expect at least one line of context
git	apply --reject	option	Leave the rejected hunks in corresponding *.rej files
git	apply --allow-overlap	option	Allow overlapping hunks
git	apply -v	option	Be verbose
git	apply --inaccurate-eof	option	Tolerate incorrectly detected missing new-line at the end of file
git	apply --recount	option	Do not trust the line counts in the hunk headers
git	apply --directory	option	Prepend <root> to all filenames
git	daemon	subcommand	A really simple server for Git repositories
git	daemon --strict-paths	option	Match paths exactly (i.e. don’t allow "/foo/repo" when the real path is "/foo/repo.git" or "/foo/repo/.git") and don’t d
git	daemon --base-path	option	Remap all the path requests as relative to the given path
git	daemon --base-path-relaxed	option	If --base-path is enabled and repo lookup fails, with this option git daemon will attempt to lookup without prefixing th
git	daemon --interpolated-path	option	To support virtual hosting, an interpolated path template can be used to dynamically construct alternate paths. The temp
git	daemon --export-all	option	Allow pulling from all directories that look like Git repositories (have the objects and refs subdirectories), even if t
git	daemon --inetd	option	Have the server run as an inetd service
git	daemon --listen	option	Listen on a specific IP address or hostname. IP addresses can be either an IPv4 address or an IPv6 address if supported.
git	daemon --port	option	Listen on an alternative port. Incompatible with --inetd option
git	daemon --init-timeout	option	Timeout (in seconds) between the moment the connection is established and the client request is received (typically a ra
git	daemon --max-connections	option	Maximum number of concurrent clients, defaults to 32. Set it to zero for no limit
git	daemon --syslog	option	Short for --log-destination=syslog
git	daemon --log-destination	option	Send log messages to the specified destination. Note that this option does not imply --verbose, thus by default only err
git	daemon --user-path	option	Allow ~user notation to be used in requests. When specified with no parameter, requests to git://host/~alice/foo is take
git	daemon --verbose	option	Log details about the incoming connections and requested files
git	daemon --detach	option	Detach from the shell. Implies --syslog
git	daemon --pid-file	option	Save the process id in the provided file
git	daemon --user	option	Change daemon’s uid and gid before entering the service loop. When only --user is given without --group, the primary gro
git	daemon --group	option	Change daemon’s gid before entering the service loop. The value of this option is given to getgrnam(3) and numeric IDs a
git	daemon --enable	option	Enable the service site-wide per default
git	daemon --disable	option	Disable the service site-wide per default. Note that a service disabled site-wide can still be enabled per repository if
git	daemon --allow-override	option	Allow overriding the site-wide default with per repository configuration. By default, all the services may be overridden
git	daemon --forbid-override	option	Forbid overriding the site-wide default with per repository configuration. By default, all the services may be overridde
git	daemon --informative-errors	option	When informative errors are turned on, git-daemon will report more verbose errors to the client, differentiating conditi
git	daemon --no-informative-errors	option	Turn off informative errors. This option is the default. See --informative-errors for more information
git	daemon --access-hook	option	Every time a client connects, first run an external command specified by the <path> with service name (e.g. "upload-pack
git	--version	option	Output version
git	--help	option	Output help
git	-C	option	Run as if git was started in <path>
git	-c	option	Pass a config parameter to the command
git	--exec-path	option	Get or set GIT_EXEC_PATH for core Git programs
git	--html-path	option	Print Git’s HTML documentation path
git	--man-path	option	Print the manpath for this version of Git
git	--info-path	option	Print the info path documenting this version of Git
git	-p	option	Pipe output into `less` or custom $PAGER
git	--no-pager	option	Do not pipe Git output into a pager
git	--no-replace-objects	option	Do not use replacement refs
git	--no-optional-locks	option	Do not perform optional operations that require lock files
git	--bare	option	Treat the repository as a bare repository
git	--git-dir	option	Set the path to the repository dir (`.git`)
git	--work-tree	option	Set working tree path
git	--namespace	option	Set the Git namespace
docker	attach	subcommand	Attach local standard input, output, and error streams to a running container,
docker	attach --detach-keys	option	Override the key sequence for detaching a container
docker	attach --no-stdin	option	Do not attach STDIN
docker	attach --sig-proxy	option	Proxy all received signals to the process (default true)
docker	build	subcommand	Build an image from a Dockerfile
docker	build --add-host	option	
docker	build --build-arg	option	
docker	build --cache-from	option	
docker	build --disable-content-trust	option	Skip image verification (default true)
docker	build -f	option	Name of the Dockerfile (Default is 'PATH/Dockerfile')
docker	build --iidfile	option	Write the image ID to the file
docker	build --isolation	option	Container isolation technology
docker	build --label	option	Set metadata for an image
docker	build --network	option	Set the networking mode for the RUN instructions during build (default "default")
docker	build --no-cache	option	Do not use cache when building the image
docker	build -o	option	Output destination (format: type=local,dest=path)
docker	build --platform	option	Set platform if server is multi-platform capable
docker	build --progress	option	Set type of progress output (auto, plain, tty). Use plain to show container output
docker	build --pull	option	Always attempt to pull a newer version of the image
docker	build -q	option	Suppress the build output and print image ID on success
docker	build --secret	option	Secret file to expose to the build (only if BuildKit enabled): id=mysecret,src=/local/secret
docker	build --squash	option	Squash newly built layers into a single new layer
docker	build --ssh	option	SSH agent socket or keys to expose to the build (only if BuildKit enabled) (format: default|<id>[=<socket>|<key>[,<key>]
docker	build -t	option	Name and optionally a tag in the 'name:tag' format
docker	build --target	option	Set the target build stage to build
docker	commit	subcommand	Create a new image from a container's changes
docker	commit -a	option	Author (e.g., "John Hannibal Smith <hannibal@a-team.com>")
docker	commit -c	option	Apply Dockerfile instruction to the created image
docker	commit -m	option	Commit message
docker	commit -p	option	Pause container during commit (default true)
docker	cp	subcommand	Copy files/folders between a container and the local filesystem
docker	cp -a	option	Archive mode (copy all uid/gid information)
docker	cp -L	option	Always follow symbol link in SRC_PATH
docker	create	subcommand	Create a new container
docker	create --add-host	option	Add a custom host-to-IP mapping (host:ip)
docker	create -a	option	Attach to STDIN, STDOUT or STDERR
docker	create --blkio-weight	option	Block IO (relative weight), between 10 and 1000, or 0 to disable (default 0)
docker	create --blkio-weight-device	option	Block IO weight (relative device weight) (default [])
docker	create --cap-add	option	Add Linux capabilities
docker	create --cap-drop	option	Drop Linux capabilities
docker	create --cgroup-parent	option	Optional parent cgroup for the container
docker	create --cgroupns	option	Cgroup namespace to use (host|private)
docker	create --cidfile	option	Write the container ID to the file
docker	create --cpu-period	option	Limit CPU CFS (Completely Fair Scheduler) period
docker	create --cpu-quota	option	Limit CPU CFS (Completely Fair Scheduler) quota
docker	create --cpu-rt-period	option	Limit CPU real-time period in microseconds
docker	create --cpu-rt-runtime	option	Limit CPU real-time runtime in microseconds
docker	create -c	option	CPU shares (relative weight)
docker	create --cpus	option	Number of CPUs
docker	create --cpuset-cpus	option	CPUs in which to allow execution (0-3, 0,1)
docker	create --cpuset-mems	option	MEMs in which to allow execution (0-3, 0,1)
docker	create --device	option	Add a host device to the container
docker	create --device-cgroup-rule	option	Add a rule to the cgroup allowed devices list
docker	create --device-read-bps	option	Limit read rate (bytes per second) from a device (default [])
docker	create --device-read-iops	option	Limit read rate (IO per second) from a device (default [])
docker	create --device-write-bps	option	Limit write rate (bytes per second) to a device (default [])
docker	create --device-write-iops	option	Limit write rate (IO per second) to a device (default [])
docker	create --disable-content-trust	option	Skip image verification (default true)
docker	create --dns	option	Set custom DNS servers
docker	create --dns-option	option	Set DNS options
docker	create --dns-search	option	Set custom DNS search domains
docker	create --domainname	option	Container NIS domain name
docker	create --entrypoint	option	Overwrite the default ENTRYPOINT of the image
docker	create -e	option	Set environment variables
docker	create --env-file	option	Read in a file of environment variables
docker	create --expose	option	Expose a port or a range of ports
docker	create --gpus	option	GPU devices to add to the container ('all' to pass all GPUs)
docker	create --group-add	option	Add additional groups to join
docker	create --health-cmd	option	Command to run to check health
docker	create --health-interval	option	Time between running the check (ms|s|m|h) (default 0s)
docker	create --health-retries	option	Consecutive failures needed to report unhealthy
docker	create --health-start-period	option	Start period for the container to initialize before starting health-retries countdown (ms|s|m|h) (default 0s)
docker	create --health-timeout	option	Maximum time to allow one check to run (ms|s|m|h) (default 0s)
docker	create --help	option	Print usage
docker	create -h	option	Container host name
docker	create --init	option	Run an init inside the container that forwards signals and reaps processes
docker	create -i	option	Keep STDIN open even if not attached
docker	create --ip	option	IPv4 address (e.g., 172.30.100.104)
docker	create --ip6	option	IPv6 address (e.g., 2001:db8::33)
docker	create --ipc	option	IPC mode to use
docker	create --isolation	option	Container isolation technology
docker	create --kernel-memory	option	Kernel memory limit
docker	create -l	option	Set meta data on a container
docker	create --label-file	option	Read in a line delimited file of labels
docker	create --link	option	Add link to another container
docker	create --link-local-ip	option	Container IPv4/IPv6 link-local addresses
docker	create --log-driver	option	Logging driver for the container
docker	create --log-opt	option	Log driver options
docker	create --mac-address	option	Container MAC address (e.g., 92:d0:c6:0a:29:33)
docker	create -m	option	Memory limit
docker	create --memory-reservation	option	Memory soft limit
docker	create --memory-swap	option	Swap limit equal to memory plus swap: '-1' to enable unlimited swap
docker	create --memory-swappiness	option	Tune container memory swappiness (0 to 100) (default -1)
docker	create --mount	option	Attach a filesystem mount to the container
docker	create --name	option	Assign a name to the container
docker	create --network	option	Connect a container to a network
docker	create --network-alias	option	Add network-scoped alias for the container
docker	create --no-healthcheck	option	Disable any container-specified HEALTHCHECK
docker	create --oom-kill-disable	option	Disable OOM Killer
docker	create --oom-score-adj	option	Tune host's OOM preferences (-1000 to 1000)
docker	create --pid	option	PID namespace to use
docker	create --pids-limit	option	Tune container pids limit (set -1 for unlimited)
docker	create --platform	option	Set platform if server is multi-platform capable
docker	create --privileged	option	Give extended privileges to this container
docker	create -p	option	Publish a container's port(s) to the host
docker	create -P	option	Publish all exposed ports to random ports
docker	create --pull	option	Pull image before creating ("always"|"missing"|"never") (default "missing")
docker	create --read-only	option	Mount the container's root filesystem as read only
docker	create --restart	option	Restart policy to apply when a container exits (default "no")
docker	create --rm	option	Automatically remove the container when it exits
docker	create --runtime	option	Runtime to use for this container
docker	create --security-opt	option	Security Options
docker	create --shm-size	option	Size of /dev/shm
docker	create --stop-signal	option	Signal to stop a container (default "SIGTERM")
docker	create --stop-timeout	option	Timeout (in seconds) to stop a container
docker	create --storage-opt	option	Storage driver options for the container
docker	create --sysctl	option	Sysctl options (default map[])
docker	create --tmpfs	option	Mount a tmpfs directory
docker	create -t	option	Allocate a pseudo-TTY
docker	create --ulimit	option	Ulimit options (default [])
docker	create -u	option	Username or UID (format: <name|uid>[:<group|gid>])
docker	create --userns	option	User namespace to use
docker	create --uts	option	UTS namespace to use
docker	create -v	option	Bind mount a volume
docker	create --volume-driver	option	Optional volume driver for the container
docker	create --volumes-from	option	Mount volumes from the specified container(s)
docker	create -w	option	Working directory inside the container
docker	diff	subcommand	Inspect changes to files or directories on a container's filesystem
docker	events	subcommand	Get real time events from the server
docker	events -f	option	Filter output based on conditions provided
docker	events --format	option	Format the output using the given Go template
docker	events --since	option	Show all events created since timestamp
docker	events --until	option	Stream events until this timestamp
docker	exec	subcommand	Run a command in a running container
docker	exec -it	option	Launch an interactive session
docker	exec -d	option	Detached mode: run command in the background
docker	exec --detach-keys	option	Override the key sequence for detaching a container
docker	exec -e	option	Set environment variables
docker	exec --env-file	option	Read in a file of environment variables
docker	exec -i	option	Keep STDIN open even if not attached
docker	exec --privileged	option	Give extended privileges to the command
docker	exec -t	option	Allocate a pseudo-TTY
docker	exec -u	option	Username or UID (format: <name|uid>[:<group|gid>])
docker	exec -w	option	Working directory inside the container
docker	export	subcommand	Export a container's filesystem as a tar archive
docker	export -o	option	Write to a file, instead of STDOUT
docker	history	subcommand	Show the history of an image
docker	history --format	option	Pretty-print images using a Go template
docker	history -H	option	Print sizes and dates in human readable format (default true)
docker	history --no-trunc	option	Don't truncate output
docker	history -q	option	Only show image IDs
docker	images	subcommand	List images
docker	images -a	option	Show all images (default hides intermediate images)
docker	images --digests	option	Show digests
docker	images -f	option	Filter output based on conditions provided
docker	images --format	option	Pretty-print images using a Go template
docker	images --no-trunc	option	Don't truncate output
docker	images -q	option	Only show image IDs
docker	import	subcommand	Import the contents from a tarball to create a filesystem image
docker	import -c	option	Apply Dockerfile instruction to the created image
docker	import -m	option	Set commit message for imported image
docker	import --platform	option	Set platform if server is multi-platform capable
docker	info	subcommand	Display system-wide information
docker	info -f	option	Format the output using the given Go template
docker	inspect	subcommand	Return low-level information on Docker objects
docker	inspect -f	option	Format the output using the given Go template
docker	inspect -s	option	Display total file sizes if the type is container
docker	inspect --type	option	Return JSON for specified type
docker	kill	subcommand	Kill one or more running containers
docker	kill -s	option	Signal to send to the container (default "KILL")
docker	load	subcommand	Load an image from a tar archive or STDIN
docker	load -i	option	Read from tar archive file, instead of STDIN
docker	load -q	option	Suppress the load output
docker	login	subcommand	Log in to a Docker registry
docker	login -p	option	Password
docker	login --password-stdin	option	Take the password from stdin
docker	login -u	option	Username
docker	logout	subcommand	Log out from a Docker registry
docker	logs	subcommand	Fetch the logs of a container
docker	logs --details	option	Show extra details provided to logs
docker	logs -f	option	Follow log output
docker	logs --since	option	Show logs since timestamp (e.g. 2013-01-02T13:23:37Z) or relative (e.g. 42m for 42 minutes)
docker	logs -n	option	Number of lines to show from the end of the logs (default "all")
docker	logs -t	option	Show timestamps
docker	logs --until	option	Show logs before a timestamp (e.g. 2013-01-02T13:23:37Z) or relative (e.g. 42m for 42 minutes)
docker	pause	subcommand	Pause all processes within one or more containers
docker	port	subcommand	List port mappings or a specific mapping for the container
docker	ps	subcommand	List containers
docker	ps -a	option	Show all containers (default shows just running)
docker	ps -f	option	Filter output based on conditions provided
docker	ps --format	option	Pretty-print containers using a Go template
docker	ps -n	option	Show n last created containers (includes all states) (default -1)
docker	ps -l	option	Show the latest created container (includes all states)
docker	ps --no-trunc	option	Don't truncate output
docker	ps -q	option	Only display container IDs
docker	ps -s	option	Display total file sizes
docker	pull	subcommand	Pull an image or a repository from a registry
docker	pull -a	option	Download all tagged images in the repository
docker	pull --disable-content-trust	option	Skip image verification (default true)
docker	pull --platform	option	Set platform if server is multi-platform capable
docker	pull -q	option	Suppress verbose output
docker	push	subcommand	Push an image or a repository to a registry
docker	push -a	option	Push all tagged images in the repository
docker	push --disable-content-trust	option	Skip image signing (default true)
docker	push -q	option	Suppress verbose output
docker	rename	subcommand	Rename a container
docker	restart	subcommand	Restart one or more containers
docker	restart -t	option	Seconds to wait for stop before killing the container (default 10)
docker	rm	subcommand	Remove one or more containers
docker	rm -f	option	Force the removal of a running container (uses SIGKILL)
docker	rm -l	option	Remove the specified link
docker	rm -v	option	Remove the anonymous volumes associated with the container
docker	rmi	subcommand	Remove one or more images
docker	rmi -f	option	Force removal of the image
docker	rmi --no-prune	option	Do not delete untagged parents
docker	run	subcommand	Run a command in a new container
docker	run -it	option	Launch an interactive session
docker	run --add-host	option	Add a custom host-to-IP mapping (host:ip)
docker	run -a	option	Attach to STDIN, STDOUT or STDERR
docker	run --blkio-weight	option	Block IO (relative weight), between 10 and 1000, or 0 to disable (default 0)
docker	run --blkio-weight-device	option	Block IO weight (relative device weight) (default [])
docker	run --cap-add	option	Add Linux capabilities
docker	run --cap-drop	option	Drop Linux capabilities
docker	run --cgroup-parent	option	Optional parent cgroup for the container
docker	run --cgroupns	option	Cgroup namespace to use (host|private) 'host':    Run the container in the Docker host's cgroup namespace 'private': Run
docker	run --cidfile	option	Write the container ID to the file
docker	run --cpu-period	option	Limit CPU CFS (Completely Fair Scheduler) period
docker	run --cpu-quota	option	Limit CPU CFS (Completely Fair Scheduler) quota
docker	run --cpu-rt-period	option	Limit CPU real-time period in microseconds
docker	run --cpu-rt-runtime	option	Limit CPU real-time runtime in microseconds
docker	run -c	option	CPU shares (relative weight)
docker	run --cpus	option	Number of CPUs
docker	run --cpuset-cpus	option	CPUs in which to allow execution (0-3, 0,1)
docker	run --cpuset-mems	option	MEMs in which to allow execution (0-3, 0,1)
docker	run -d	option	Run container in background and print container ID
docker	run --detach-keys	option	Override the key sequence for detaching a container
docker	run --device	option	Add a host device to the container
docker	run --device-cgroup-rule	option	Add a rule to the cgroup allowed devices list
docker	run --device-read-bps	option	Limit read rate (bytes per second) from a device (default [])
docker	run --device-read-iops	option	Limit read rate (IO per second) from a device (default [])
docker	run --device-write-bps	option	Limit write rate (bytes per second) to a device (default [])
docker	run --device-write-iops	option	Limit write rate (IO per second) to a device (default [])
docker	run --disable-content-trust	option	Skip image verification (default true)
docker	run --dns	option	Set custom DNS servers
docker	run --dns-option	option	Set DNS options
docker	run --dns-search	option	Set custom DNS search domains
docker	run --domainname	option	Container NIS domain name
docker	run --entrypoint	option	Overwrite the default ENTRYPOINT of the image
docker	run -e	option	Set environment variables
docker	run --env-file	option	Read in a file of environment variables
docker	run --expose	option	Expose a port or a range of ports
docker	run --gpus	option	GPU devices to add to the container ('all' to pass all GPUs)
docker	run --group-add	option	Add additional groups to join
docker	run --health-cmd	option	Command to run to check health
docker	run --health-interval	option	Time between running the check (ms|s|m|h) (default 0s)
docker	run --health-retries	option	Consecutive failures needed to report unhealthy
docker	run --health-start-period	option	Start period for the container to initialize before starting health-retries countdown (ms|s|m|h) (default 0s)
docker	run --health-timeout	option	Maximum time to allow one check to run (ms|s|m|h) (default 0s)
docker	run --help	option	Print usage
docker	run -h	option	Container host name
docker	run --init	option	Run an init inside the container that forwards signals and reaps processes
docker	run -i	option	Keep STDIN open even if not attached
docker	run --ip	option	IPv4 address (e.g., 172.30.100.104)
docker	run --ip6	option	IPv6 address (e.g., 2001:db8::33)
docker	run --ipc	option	IPC mode to use
docker	run --isolation	option	Container isolation technology
docker	run --kernel-memory	option	Kernel memory limit
docker	run -l	option	Set meta data on a container
docker	run --label-file	option	Read in a line delimited file of labels
docker	run --link	option	Add link to another container
docker	run --link-local-ip	option	Container IPv4/IPv6 link-local addresses
docker	run --log-driver	option	Logging driver for the container
docker	run --log-opt	option	Log driver options
docker	run --mac-address	option	Container MAC address (e.g., 92:d0:c6:0a:29:33)
docker	run -m	option	Memory limit
docker	run --memory-reservation	option	Memory soft limit
docker	run --memory-swap	option	Swap limit equal to memory plus swap: '-1' to enable unlimited swap
docker	run --memory-swappiness	option	Tune container memory swappiness (0 to 100) (default -1)
docker	run --mount	option	Attach a filesystem mount to the container
docker	run --name	option	Assign a name to the container
docker	run --network	option	Connect a container to a network
docker	run --network-alias	option	Add network-scoped alias for the container
docker	run --no-healthcheck	option	Disable any container-specified HEALTHCHECK
docker	run --oom-kill-disable	option	Disable OOM Killer
docker	run --oom-score-adj	option	Tune host's OOM preferences (-1000 to 1000)
docker	run --pid	option	PID namespace to use
docker	run --pids-limit	option	Tune container pids limit (set -1 for unlimited)
docker	run --platform	option	Set platform if server is multi-platform capable
docker	run --privileged	option	Give extended privileges to this container
docker	run -p	option	Publish a container's port(s) to the host
docker	run -P	option	Publish all exposed ports to random ports
docker	run --pull	option	Pull image before running ('always'|'missing'|'never') (default 'missing')
docker	run --read-only	option	Mount the container's root filesystem as read only
docker	run --restart	option	Restart policy to apply when a container exits (default 'no')
docker	run --rm	option	Automatically remove the container when it exits
docker	run --runtime	option	Runtime to use for this container
docker	run --security-opt	option	Security Options
docker	run --shm-size	option	Size of /dev/shm
docker	run --sig-proxy	option	Proxy received signals to the process (default true)
docker	run --stop-signal	option	Signal to stop a container (default 'SIGTERM')
docker	run --stop-timeout	option	Timeout (in seconds) to stop a container
docker	run --storage-opt	option	Storage driver options for the container
docker	run --sysctl	option	Sysctl options (default map[])
docker	run --tmpfs	option	Mount a tmpfs directory
docker	run -t	option	Allocate a pseudo-TTY
docker	run --ulimit	option	Ulimit options (default [])
docker	run -u	option	Username or UID (format: <name|uid>[:<group|gid>])
docker	run --userns	option	User namespace to use
docker	run --uts	option	UTS namespace to use
docker	run -v	option	Bind mount a volume
docker	run --volume-driver	option	Optional volume driver for the container
docker	run --volumes-from	option	Mount volumes from the specified container(s)
docker	run -w	option	Working directory inside the container
docker	save	subcommand	Save one or more images to a tar archive (streamed to STDOUT by default)
docker	save -o	option	Write to a file, instead of STDOUT
docker	search	subcommand	Search the Docker Hub for images
docker	search -f	option	Filter output based on conditions provided
docker	search --format	option	Pretty-print search using a Go template
docker	search --limit	option	Max number of search results (default 25)
docker	search --no-trunc	option	Don't truncate output
docker	sbom	subcommand	View the packaged-based Software Bill Of Materials (SBOM) for an image
docker	sbom -D	option	Show debug logging
docker	sbom --exclude	option	Exclude paths from being scanned using a glob expression
docker	sbom --format	option	Report output format
docker	sbom --layers	option	[experimental] selection of layers to catalog
docker	sbom -o	option	File to write the default report output to (default is STDOUT)
docker	sbom --platform	option	An optional platform specifier for container image sources (e.g. 'linux/arm64', 'linux/arm64/v8', 'arm64', 'linux')
docker	sbom --quiet	option	Suppress all non-report output
docker	sbom -v	option	Version for sbom
docker	start	subcommand	Start one or more stopped containers
docker	start -a	option	Attach STDOUT/STDERR and forward signals
docker	start --detach-keys	option	Override the key sequence for detaching a container
docker	start -i	option	Attach container's STDIN
docker	stats	subcommand	Display a live stream of container(s) resource usage statistics
docker	stats -a	option	Show all containers (default shows just running)
docker	stats --format	option	Pretty-print images using a Go template
docker	stats --no-stream	option	Disable streaming stats and only pull the first result
docker	stats --no-trunc	option	Do not truncate output
docker	stop	subcommand	Stop one or more running containers
docker	stop -t	option	Seconds to wait for stop before killing it (default 10)
docker	tag	subcommand	Create a tag TARGET_IMAGE that refers to SOURCE_IMAGE
docker	top	subcommand	Display the running processes of a container
docker	unpause	subcommand	Unpause all processes within one or more containers
docker	update	subcommand	Update configuration of one or more containers
docker	update --blkio-weight	option	Block IO (relative weight), between 10 and 1000, or 0 to disable (default 0)
docker	update --cpu-period	option	Limit CPU CFS (Completely Fair Scheduler) period
docker	update --cpu-quota	option	Limit CPU CFS (Completely Fair Scheduler) quota
docker	update --cpu-rt-period	option	Limit the CPU real-time period in microseconds
docker	update --cpu-rt-runtime	option	Limit the CPU real-time runtime in microseconds
docker	update -c	option	CPU shares (relative weight)
docker	update --cpus	option	Number of CPUs
docker	update --cpuset-cpus	option	CPUs in which to allow execution (0-3, 0,1)
docker	update --cpuset-mems	option	MEMs in which to allow execution (0-3, 0,1)
docker	update --kernel-memory	option	Kernel memory limit
docker	update -m	option	Memory limit
docker	update --memory-reservation	option	Memory soft limit
docker	update --memory-swap	option	Swap limit equal to memory plus swap: '-1' to enable unlimited swap
docker	update --pids-limit	option	Tune container pids limit (set -1 for unlimited)
docker	update --restart	option	Restart policy to apply when a container exits
docker	version	subcommand	Show the Docker version information
docker	version -f	option	Format the output. Values: [pretty | json]. (Default: pretty)
docker	version --kubeconfig	option	Kubernetes config file
docker	wait	subcommand	Block until one or more containers stop, then print their exit codes
docker	builder	subcommand	Manage builds
docker	builder build	subcommand	Build an image from a Dockerfile
docker	builder build --add-host	option	
docker	builder build --build-arg	option	
docker	builder build --cache-from	option	
docker	builder build --disable-content-trust	option	Skip image verification (default true)
docker	builder build -f	option	Name of the Dockerfile (Default is 'PATH/Dockerfile')
docker	builder build --iidfile	option	Write the image ID to the file
docker	builder build --isolation	option	Container isolation technology
docker	builder build --label	option	Set metadata for an image
docker	builder build --network	option	Set the networking mode for the RUN instructions during build (default "default")
docker	builder build --no-cache	option	Do not use cache when building the image
docker	builder build -o	option	Output destination (format: type=local,dest=path)
docker	builder build --platform	option	Set platform if server is multi-platform capable
docker	builder build --progress	option	Set type of progress output (auto, plain, tty). Use plain to show container output
docker	builder build --pull	option	Always attempt to pull a newer version of the image
docker	builder build -q	option	Suppress the build output and print image ID on success
docker	builder build --secret	option	Secret file to expose to the build (only if BuildKit enabled): id=mysecret,src=/local/secret
docker	builder build --squash	option	Squash newly built layers into a single new layer
docker	builder build --ssh	option	SSH agent socket or keys to expose to the build (only if BuildKit enabled) (format: default|<id>[=<socket>|<key>[,<key>]
docker	builder build -t	option	Name and optionally a tag in the 'name:tag' format
docker	builder build --target	option	Set the target build stage to build
docker	builder prune	subcommand	Amount of disk space to keep for cache
docker	builder prune -a	option	Remove all unused build cache, not just dangling ones
docker	builder prune --filter	option	Provide filter values (e.g. 'until=24h')
docker	builder prune -f	option	Do not prompt for confirmation
docker	builder prune --keep-storage	option	Amount of disk space to keep for cache
docker	config	subcommand	Manage Docker configs
docker	config create	subcommand	Create a config from a file or STDIN
docker	config create -l	option	Config labels
docker	config create --template-driver	option	Template driver
docker	config inspect	subcommand	Display detailed information on one or more configs
docker	config inspect -f	option	Format the output using the given Go template
docker	config inspect --pretty	option	Print the information in a human friendly format
docker	config ls	subcommand	List configs
docker	config ls -f	option	Filter output based on conditions provided
docker	config ls --format	option	Pretty-print configs using a Go template
docker	config ls -q	option	Only display IDs
docker	config rm	subcommand	Remove one or more configs
docker	container	subcommand	Manage containers
docker	container attach	subcommand	Attach local standard input, output, and error streams to a running container,
docker	container attach --detach-keys	option	Override the key sequence for detaching a container
docker	container attach --no-stdin	option	Do not attach STDIN
docker	container attach --sig-proxy	option	Proxy all received signals to the process (default true)
docker	container cp	subcommand	Copy files/folders between a container and the local filesystem
docker	container cp -a	option	Archive mode (copy all uid/gid information)
docker	container cp -L	option	Always follow symbol link in SRC_PATH
docker	container create	subcommand	Create a new container
docker	container create --add-host	option	Add a custom host-to-IP mapping (host:ip)
docker	container create -a	option	Attach to STDIN, STDOUT or STDERR
docker	container create --blkio-weight	option	Block IO (relative weight), between 10 and 1000, or 0 to disable (default 0)
docker	container create --blkio-weight-device	option	Block IO weight (relative device weight) (default [])
docker	container create --cap-add	option	Add Linux capabilities
docker	container create --cap-drop	option	Drop Linux capabilities
docker	container create --cgroup-parent	option	Optional parent cgroup for the container
docker	container create --cgroupns	option	Cgroup namespace to use (host|private)
docker	container create --cidfile	option	Write the container ID to the file
docker	container create --cpu-period	option	Limit CPU CFS (Completely Fair Scheduler) period
docker	container create --cpu-quota	option	Limit CPU CFS (Completely Fair Scheduler) quota
docker	container create --cpu-rt-period	option	Limit CPU real-time period in microseconds
docker	container create --cpu-rt-runtime	option	Limit CPU real-time runtime in microseconds
docker	container create -c	option	CPU shares (relative weight)
docker	container create --cpus	option	Number of CPUs
docker	container create --cpuset-cpus	option	CPUs in which to allow execution (0-3, 0,1)
docker	container create --cpuset-mems	option	MEMs in which to allow execution (0-3, 0,1)
docker	container create --device	option	Add a host device to the container
docker	container create --device-cgroup-rule	option	Add a rule to the cgroup allowed devices list
docker	container create --device-read-bps	option	Limit read rate (bytes per second) from a device (default [])
docker	container create --device-read-iops	option	Limit read rate (IO per second) from a device (default [])
docker	container create --device-write-bps	option	Limit write rate (bytes per second) to a device (default [])
docker	container create --device-write-iops	option	Limit write rate (IO per second) to a device (default [])
docker	container create --disable-content-trust	option	Skip image verification (default true)
docker	container create --dns	option	Set custom DNS servers
docker	container create --dns-option	option	Set DNS options
docker	container create --dns-search	option	Set custom DNS search domains
docker	container create --domainname	option	Container NIS domain name
docker	container create --entrypoint	option	Overwrite the default ENTRYPOINT of the image
docker	container create -e	option	Set environment variables
docker	container create --env-file	option	Read in a file of environment variables
docker	container create --expose	option	Expose a port or a range of ports
docker	container create --gpus	option	GPU devices to add to the container ('all' to pass all GPUs)
docker	container create --group-add	option	Add additional groups to join
docker	container create --health-cmd	option	Command to run to check health
docker	container create --health-interval	option	Time between running the check (ms|s|m|h) (default 0s)
docker	container create --health-retries	option	Consecutive failures needed to report unhealthy
docker	container create --health-start-period	option	Start period for the container to initialize before starting health-retries countdown (ms|s|m|h) (default 0s)
docker	container create --health-timeout	option	Maximum time to allow one check to run (ms|s|m|h) (default 0s)
docker	container create --help	option	Print usage
docker	container create -h	option	Container host name
docker	container create --init	option	Run an init inside the container that forwards signals and reaps processes
docker	container create -i	option	Keep STDIN open even if not attached
docker	container create --ip	option	IPv4 address (e.g., 172.30.100.104)
docker	container create --ip6	option	IPv6 address (e.g., 2001:db8::33)
docker	container create --ipc	option	IPC mode to use
docker	container create --isolation	option	Container isolation technology
docker	container create --kernel-memory	option	Kernel memory limit
docker	container create -l	option	Set meta data on a container
docker	container create --label-file	option	Read in a line delimited file of labels
docker	container create --link	option	Add link to another container
docker	container create --link-local-ip	option	Container IPv4/IPv6 link-local addresses
docker	container create --log-driver	option	Logging driver for the container
docker	container create --log-opt	option	Log driver options
docker	container create --mac-address	option	Container MAC address (e.g., 92:d0:c6:0a:29:33)
docker	container create -m	option	Memory limit
docker	container create --memory-reservation	option	Memory soft limit
docker	container create --memory-swap	option	Swap limit equal to memory plus swap: '-1' to enable unlimited swap
docker	container create --memory-swappiness	option	Tune container memory swappiness (0 to 100) (default -1)
docker	container create --mount	option	Attach a filesystem mount to the container
docker	container create --name	option	Assign a name to the container
docker	container create --network	option	Connect a container to a network
docker	container create --network-alias	option	Add network-scoped alias for the container
docker	container create --no-healthcheck	option	Disable any container-specified HEALTHCHECK
docker	container create --oom-kill-disable	option	Disable OOM Killer
docker	container create --oom-score-adj	option	Tune host's OOM preferences (-1000 to 1000)
docker	container create --pid	option	PID namespace to use
docker	container create --pids-limit	option	Tune container pids limit (set -1 for unlimited)
docker	container create --platform	option	Set platform if server is multi-platform capable
docker	container create --privileged	option	Give extended privileges to this container
docker	container create -p	option	Publish a container's port(s) to the host
docker	container create -P	option	Publish all exposed ports to random ports
docker	container create --pull	option	Pull image before creating ("always"|"missing"|"never") (default "missing")
docker	container create --read-only	option	Mount the container's root filesystem as read only
docker	container create --restart	option	Restart policy to apply when a container exits (default "no")
docker	container create --rm	option	Automatically remove the container when it exits
docker	container create --runtime	option	Runtime to use for this container
docker	container create --security-opt	option	Security Options
docker	container create --shm-size	option	Size of /dev/shm
docker	container create --stop-signal	option	Signal to stop a container (default "SIGTERM")
docker	container create --stop-timeout	option	Timeout (in seconds) to stop a container
docker	container create --storage-opt	option	Storage driver options for the container
docker	container create --sysctl	option	Sysctl options (default map[])
docker	container create --tmpfs	option	Mount a tmpfs directory
docker	container create -t	option	Allocate a pseudo-TTY
docker	container create --ulimit	option	Ulimit options (default [])
docker	container create -u	option	Username or UID (format: <name|uid>[:<group|gid>])
docker	container create --userns	option	User namespace to use
docker	container create --uts	option	UTS namespace to use
docker	container create -v	option	Bind mount a volume
docker	container create --volume-driver	option	Optional volume driver for the container
docker	container create --volumes-from	option	Mount volumes from the specified container(s)
docker	container create -w	option	Working directory inside the container
docker	container diff	subcommand	Inspect changes to files or directories on a container's filesystem
docker	container exec	subcommand	Run a command in a running container
docker	container exec -it	option	Launch an interactive session
docker	container exec -d	option	Detached mode: run command in the background
docker	container exec --detach-keys	option	Override the key sequence for detaching a container
docker	container exec -e	option	Set environment variables
docker	container exec --env-file	option	Read in a file of environment variables
docker	container exec -i	option	Keep STDIN open even if not attached
docker	container exec --privileged	option	Give extended privileges to the command
docker	container exec -t	option	Allocate a pseudo-TTY
docker	container exec -u	option	Username or UID (format: <name|uid>[:<group|gid>])
docker	container exec -w	option	Working directory inside the container
docker	container export	subcommand	Export a container's filesystem as a tar archive
docker	container export -o	option	Write to a file, instead of STDOUT
docker	container inspect	subcommand	Return low-level information on Docker objects
docker	container inspect -f	option	Format the output using the given Go template
docker	container inspect -s	option	Display total file sizes if the type is container
docker	container kill	subcommand	Kill one or more running containers
docker	container kill -s	option	Signal to send to the container (default "KILL")
docker	container logs	subcommand	Fetch the logs of a container
docker	container logs --details	option	Show extra details provided to logs
docker	container logs -f	option	Follow log output
docker	container logs --since	option	Show logs since timestamp (e.g. 2013-01-02T13:23:37Z) or relative (e.g. 42m for 42 minutes)
docker	container logs -n	option	Number of lines to show from the end of the logs (default "all")
docker	container logs -t	option	Show timestamps
docker	container logs --until	option	Show logs before a timestamp (e.g. 2013-01-02T13:23:37Z) or relative (e.g. 42m for 42 minutes)
docker	container ls	subcommand	List containers
docker	container ls -a	option	Show all containers (default shows just running)
docker	container ls -f	option	Filter output based on conditions provided
docker	container ls --format	option	Pretty-print containers using a Go template
docker	container ls -n	option	Show n last created containers (includes all states) (default -1)
docker	container ls -l	option	Show the latest created container (includes all states)
docker	container ls --no-trunc	option	Don't truncate output
docker	container ls -q	option	Only display container IDs
docker	container ls -s	option	Display total file sizes
docker	container pause	subcommand	Pause all processes within one or more containers
docker	container port	subcommand	List port mappings or a specific mapping for the container
docker	container prune	subcommand	Remove all stopped containers
docker	container prune --filter	option	Provide filter values (e.g. 'until=<timestamp>')
docker	container prune -f	option	Do not prompt for confirmation
docker	container rename	subcommand	Rename a container
docker	container restart	subcommand	Restart one or more containers
docker	container restart -t	option	Seconds to wait for stop before killing the container (default 10)
docker	container rm	subcommand	Remove one or more containers
docker	container rm -f	option	Force the removal of a running container (uses SIGKILL)
docker	container rm -l	option	Remove the specified link
docker	container rm -v	option	Remove the anonymous volumes associated with the container
docker	container run	subcommand	Run a command in a new container
docker	container run -it	option	Launch an interactive session
docker	container run --add-host	option	Add a custom host-to-IP mapping (host:ip)
docker	container run -a	option	Attach to STDIN, STDOUT or STDERR
docker	container run --blkio-weight	option	Block IO (relative weight), between 10 and 1000, or 0 to disable (default 0)
docker	container run --blkio-weight-device	option	Block IO weight (relative device weight) (default [])
docker	container run --cap-add	option	Add Linux capabilities
docker	container run --cap-drop	option	Drop Linux capabilities
docker	container run --cgroup-parent	option	Optional parent cgroup for the container
docker	container run --cgroupns	option	Cgroup namespace to use (host|private) 'host':    Run the container in the Docker host's cgroup namespace 'private': Run
docker	container run --cidfile	option	Write the container ID to the file
docker	container run --cpu-period	option	Limit CPU CFS (Completely Fair Scheduler) period
docker	container run --cpu-quota	option	Limit CPU CFS (Completely Fair Scheduler) quota
docker	container run --cpu-rt-period	option	Limit CPU real-time period in microseconds
docker	container run --cpu-rt-runtime	option	Limit CPU real-time runtime in microseconds
docker	container run -c	option	CPU shares (relative weight)
docker	container run --cpus	option	Number of CPUs
docker	container run --cpuset-cpus	option	CPUs in which to allow execution (0-3, 0,1)
docker	container run --cpuset-mems	option	MEMs in which to allow execution (0-3, 0,1)
docker	container run -d	option	Run container in background and print container ID
docker	container run --detach-keys	option	Override the key sequence for detaching a container
docker	container run --device	option	Add a host device to the container
docker	container run --device-cgroup-rule	option	Add a rule to the cgroup allowed devices list
docker	container run --device-read-bps	option	Limit read rate (bytes per second) from a device (default [])
docker	container run --device-read-iops	option	Limit read rate (IO per second) from a device (default [])
docker	container run --device-write-bps	option	Limit write rate (bytes per second) to a device (default [])
docker	container run --device-write-iops	option	Limit write rate (IO per second) to a device (default [])
docker	container run --disable-content-trust	option	Skip image verification (default true)
docker	container run --dns	option	Set custom DNS servers
docker	container run --dns-option	option	Set DNS options
docker	container run --dns-search	option	Set custom DNS search domains
docker	container run --domainname	option	Container NIS domain name
docker	container run --entrypoint	option	Overwrite the default ENTRYPOINT of the image
docker	container run -e	option	Set environment variables
docker	container run --env-file	option	Read in a file of environment variables
docker	container run --expose	option	Expose a port or a range of ports
docker	container run --gpus	option	GPU devices to add to the container ('all' to pass all GPUs)
docker	container run --group-add	option	Add additional groups to join
docker	container run --health-cmd	option	Command to run to check health
docker	container run --health-interval	option	Time between running the check (ms|s|m|h) (default 0s)
docker	container run --health-retries	option	Consecutive failures needed to report unhealthy
docker	container run --health-start-period	option	Start period for the container to initialize before starting health-retries countdown (ms|s|m|h) (default 0s)
docker	container run --health-timeout	option	Maximum time to allow one check to run (ms|s|m|h) (default 0s)
docker	container run --help	option	Print usage
docker	container run -h	option	Container host name
docker	container run --init	option	Run an init inside the container that forwards signals and reaps processes
docker	container run -i	option	Keep STDIN open even if not attached
docker	container run --ip	option	IPv4 address (e.g., 172.30.100.104)
docker	container run --ip6	option	IPv6 address (e.g., 2001:db8::33)
docker	container run --ipc	option	IPC mode to use
docker	container run --isolation	option	Container isolation technology
docker	container run --kernel-memory	option	Kernel memory limit
docker	container run -l	option	Set meta data on a container
docker	container run --label-file	option	Read in a line delimited file of labels
docker	container run --link	option	Add link to another container
docker	container run --link-local-ip	option	Container IPv4/IPv6 link-local addresses
docker	container run --log-driver	option	Logging driver for the container
docker	container run --log-opt	option	Log driver options
docker	container run --mac-address	option	Container MAC address (e.g., 92:d0:c6:0a:29:33)
docker	container run -m	option	Memory limit
docker	container run --memory-reservation	option	Memory soft limit
docker	container run --memory-swap	option	Swap limit equal to memory plus swap: '-1' to enable unlimited swap
docker	container run --memory-swappiness	option	Tune container memory swappiness (0 to 100) (default -1)
docker	container run --mount	option	Attach a filesystem mount to the container
docker	container run --name	option	Assign a name to the container
docker	container run --network	option	Connect a container to a network
docker	container run --network-alias	option	Add network-scoped alias for the container
docker	container run --no-healthcheck	option	Disable any container-specified HEALTHCHECK
docker	container run --oom-kill-disable	option	Disable OOM Killer
docker	container run --oom-score-adj	option	Tune host's OOM preferences (-1000 to 1000)
docker	container run --pid	option	PID namespace to use
docker	container run --pids-limit	option	Tune container pids limit (set -1 for unlimited)
docker	container run --platform	option	Set platform if server is multi-platform capable
docker	container run --privileged	option	Give extended privileges to this container
docker	container run -p	option	Publish a container's port(s) to the host
docker	container run -P	option	Publish all exposed ports to random ports
docker	container run --pull	option	Pull image before running ('always'|'missing'|'never') (default 'missing')
docker	container run --read-only	option	Mount the container's root filesystem as read only
docker	container run --restart	option	Restart policy to apply when a container exits (default 'no')
docker	container run --rm	option	Automatically remove the container when it exits
docker	container run --runtime	option	Runtime to use for this container
docker	container run --security-opt	option	Security Options
docker	container run --shm-size	option	Size of /dev/shm
docker	container run --sig-proxy	option	Proxy received signals to the process (default true)
docker	container run --stop-signal	option	Signal to stop a container (default 'SIGTERM')
docker	container run --stop-timeout	option	Timeout (in seconds) to stop a container
docker	container run --storage-opt	option	Storage driver options for the container
docker	container run --sysctl	option	Sysctl options (default map[])
docker	container run --tmpfs	option	Mount a tmpfs directory
docker	container run -t	option	Allocate a pseudo-TTY
docker	container run --ulimit	option	Ulimit options (default [])
docker	container run -u	option	Username or UID (format: <name|uid>[:<group|gid>])
docker	container run --userns	option	User namespace to use
docker	container run --uts	option	UTS namespace to use
docker	container run -v	option	Bind mount a volume
docker	container run --volume-driver	option	Optional volume driver for the container
docker	container run --volumes-from	option	Mount volumes from the specified container(s)
docker	container run -w	option	Working directory inside the container
docker	container start	subcommand	Start one or more stopped containers
docker	container start -a	option	Attach STDOUT/STDERR and forward signals
docker	container start --detach-keys	option	Override the key sequence for detaching a container
docker	container start -i	option	Attach container's STDIN
docker	container stats	subcommand	Display a live stream of container(s) resource usage statistics
docker	container stats -a	option	Show all containers (default shows just running)
docker	container stats --format	option	Pretty-print images using a Go template
docker	container stats --no-stream	option	Disable streaming stats and only pull the first result
docker	container stats --no-trunc	option	Do not truncate output
docker	container stop	subcommand	Stop one or more running containers
docker	container stop -t	option	Seconds to wait for stop before killing it (default 10)
docker	container top	subcommand	Display the running processes of a container
docker	container unpause	subcommand	Unpause all processes within one or more containers
docker	container update	subcommand	Update configuration of one or more containers
docker	container update --blkio-weight	option	Block IO (relative weight), between 10 and 1000, or 0 to disable (default 0)
docker	container update --cpu-period	option	Limit CPU CFS (Completely Fair Scheduler) period
docker	container update --cpu-quota	option	Limit CPU CFS (Completely Fair Scheduler) quota
docker	container update --cpu-rt-period	option	Limit the CPU real-time period in microseconds
docker	container update --cpu-rt-runtime	option	Limit the CPU real-time runtime in microseconds
docker	container update -c	option	CPU shares (relative weight)
docker	container update --cpus	option	Number of CPUs
docker	container update --cpuset-cpus	option	CPUs in which to allow execution (0-3, 0,1)
docker	container update --cpuset-mems	option	MEMs in which to allow execution (0-3, 0,1)
docker	container update --kernel-memory	option	Kernel memory limit
docker	container update -m	option	Memory limit
docker	container update --memory-reservation	option	Memory soft limit
docker	container update --memory-swap	option	Swap limit equal to memory plus swap: '-1' to enable unlimited swap
docker	container update --pids-limit	option	Tune container pids limit (set -1 for unlimited)
docker	container update --restart	option	Restart policy to apply when a container exits
docker	container wait	subcommand	Block until one or more containers stop, then print their exit codes
docker	context	subcommand	Manage contexts
docker	context create	subcommand	Create new context
docker	context create aci	subcommand	Create a context for Azure Container Instances
docker	context create aci --description	option	Description of the context
docker	context create aci -h	option	Help for aci
docker	context create aci --location	option	Location (default "eastus")
docker	context create aci --resource-group	option	Resource group
docker	context create aci --subscription-id	option	Location
docker	context create ecs	subcommand	Create a context for Amazon ECS
docker	context create ecs --access-keys	option	Use AWS access keys from file
docker	context create ecs --description	option	Description of the context
docker	context create ecs --from-env	option	Use AWS environment variables for profile, or credentials and region
docker	context create ecs -h	option	Help for ecs
docker	context create ecs --local-simulation	option	Create context for ECS local simulation endpoints
docker	context create ecs --profile	option	Use an existing AWS profile
docker	context create --default-stack-orchestrator	option	Default orchestrator for stack operations to use with this context (swarm|kubernetes|all)
docker	context create --description	option	Description of the context
docker	context create --docker	option	Set the docker endpoint (default [])
docker	context create --from	option	Create context from a named context
docker	context create -h	option	Help for create
docker	context create --kubernetes	option	Set the kubernetes endpoint (default [])
docker	context export	subcommand	Export a context to a tar or kubeconfig file
docker	context export -h	option	Help for export
docker	context export --kubeconfig	option	Export as a kubeconfig file
docker	context import	subcommand	Import a context from a tar or zip file
docker	context import -h	option	Help for export
docker	context inspect	subcommand	Display detailed information on one or more contexts
docker	context inspect -f	option	Format the output using the given Go template
docker	context inspect -h	option	Help for inspect
docker	context list	subcommand	List available contexts
docker	context list --format	option	Format the output. Values: [pretty | json]. (Default: pretty)
docker	context list -h	option	Help for list
docker	context list -q	option	Only show context names
docker	context rm	subcommand	Remove one or more contexts
docker	context rm -f	option	Force removing current context
docker	context rm -h	option	Help for rm
docker	context show	subcommand	Print the current context
docker	context show -h	option	Help for show
docker	context update	subcommand	Update a context
docker	context update --default-stack-orchestrator	option	Default orchestrator for stack operations to use with this context (swarm|kubernetes|all)
docker	context update --description	option	Description of the context
docker	context update --docker	option	Set the docker endpoint (default [])
docker	context update -h	option	Help for update
docker	context update --kubernetes	option	Set the kubernetes endpoint (default [])
docker	context use	subcommand	Set the default context
docker	context use -h	option	Help for use
docker	context -h	option	Help for context
docker	image	subcommand	Manage images
docker	image build	subcommand	Build an image from a Dockerfile
docker	image build --add-host	option	
docker	image build --build-arg	option	
docker	image build --cache-from	option	
docker	image build --disable-content-trust	option	Skip image verification (default true)
docker	image build -f	option	Name of the Dockerfile (Default is 'PATH/Dockerfile')
docker	image build --iidfile	option	Write the image ID to the file
docker	image build --isolation	option	Container isolation technology
docker	image build --label	option	Set metadata for an image
docker	image build --network	option	Set the networking mode for the RUN instructions during build (default "default")
docker	image build --no-cache	option	Do not use cache when building the image
docker	image build -o	option	Output destination (format: type=local,dest=path)
docker	image build --platform	option	Set platform if server is multi-platform capable
docker	image build --progress	option	Set type of progress output (auto, plain, tty). Use plain to show container output
docker	image build --pull	option	Always attempt to pull a newer version of the image
docker	image build -q	option	Suppress the build output and print image ID on success
docker	image build --secret	option	Secret file to expose to the build (only if BuildKit enabled): id=mysecret,src=/local/secret
docker	image build --squash	option	Squash newly built layers into a single new layer
docker	image build --ssh	option	SSH agent socket or keys to expose to the build (only if BuildKit enabled) (format: default|<id>[=<socket>|<key>[,<key>]
docker	image build -t	option	Name and optionally a tag in the 'name:tag' format
docker	image build --target	option	Set the target build stage to build
docker	image history	subcommand	Show the history of an image
docker	image history --format	option	Pretty-print images using a Go template
docker	image history -H	option	Print sizes and dates in human readable format (default true)
docker	image history --no-trunc	option	Don't truncate output
docker	image history -q	option	Only show image IDs
docker	image import	subcommand	Import the contents from a tarball to create a filesystem image
docker	image import -c	option	Apply Dockerfile instruction to the created image
docker	image import -m	option	Set commit message for imported image
docker	image import --platform	option	Set platform if server is multi-platform capable
docker	image inspect	subcommand	Display detailed information on one or more images
docker	image inspect -f	option	Format the output using the given Go template
docker	image load	subcommand	Load an image from a tar archive or STDIN
docker	image load -i	option	Read from tar archive file, instead of STDIN
docker	image load -q	option	Suppress the load output
docker	image ls	subcommand	List images
docker	image ls -a	option	Show all images (default hides intermediate images)
docker	image ls --digests	option	Show digests
docker	image ls -f	option	Filter output based on conditions provided
docker	image ls --format	option	Pretty-print images using a Go template
docker	image ls --no-trunc	option	Don't truncate output
docker	image ls -q	option	Only show image IDs
docker	image prune	subcommand	Remove unused images
docker	image prune -a	option	Remove all unused images, not just dangling ones
docker	image prune --filter	option	Provide filter values (e.g. 'until=<timestamp>')
docker	image prune -f	option	Do not prompt for confirmation
docker	image pull	subcommand	Pull an image or a repository from a registry
docker	image pull -a	option	Download all tagged images in the repository
docker	image pull --disable-content-trust	option	Skip image verification (default true)
docker	image pull --platform	option	Set platform if server is multi-platform capable
docker	image pull -q	option	Suppress verbose output
docker	image push	subcommand	Push an image or a repository to a registry
docker	image push -a	option	Push all tagged images in the repository
docker	image push --disable-content-trust	option	Skip image signing (default true)
docker	image push -q	option	Suppress verbose output
docker	image rm	subcommand	Remove one or more images
docker	image rm -f	option	Force removal of the image
docker	image rm --no-prune	option	Do not delete untagged parents
docker	image save	subcommand	Save one or more images to a tar archive (streamed to STDOUT by default)
docker	image save -o	option	Write to a file, instead of STDOUT
docker	image tag	subcommand	Create a tag TARGET_IMAGE that refers to SOURCE_IMAGE
docker	network	subcommand	Manage networks
docker	network connect	subcommand	Connect a container to a network
docker	network connect --alias	option	Add network-scoped alias for the container
docker	network connect --driver-opt	option	Driver options for the network
docker	network connect --ip	option	IPv4 address (e.g., 172.30.100.104)
docker	network connect --ip6	option	IPv6 address (e.g., 2001:db8::33)
docker	network connect --link	option	Add link to another container
docker	network connect --link-local-ip	option	Add a link-local address for the container
docker	network create	subcommand	Create a network
docker	network create --attachable	option	Enable manual container attachment
docker	network create --aux-address	option	Auxiliary IPv4 or IPv6 addresses used by Network driver (default map[])
docker	network create --config-from	option	The network from which to copy the configuration
docker	network create --config-only	option	Create a configuration only network
docker	network create -d	option	Driver to manage the Network (default "bridge")
docker	network create --gateway	option	IPv4 or IPv6 Gateway for the master subnet
docker	network create --ingress	option	Create swarm routing-mesh network
docker	network create --internal	option	Restrict external access to the network
docker	network create --ip-range	option	Allocate container ip from a sub-range
docker	network create --ipam-driver	option	IP Address Management Driver (default "default")
docker	network create --ipam-opt	option	Set IPAM driver specific options (default map[])
docker	network create --ipv6	option	Enable IPv6 networking
docker	network create --label	option	Set metadata on a network
docker	network create -o	option	Set driver specific options (default map[])
docker	network create --scope	option	Control the network's scope
docker	network create --subnet	option	Subnet in CIDR format that represents a network segment
docker	network disconnect	subcommand	Disconnect a container from a network
docker	network disconnect -f	option	Force the container to disconnect from a network
docker	network inspect	subcommand	Display detailed information on one or more networks
docker	network inspect -f	option	Format the output using the given Go template
docker	network inspect -v	option	Verbose output for diagnostics
docker	network ls	subcommand	List networks
docker	network ls -f	option	Provide filter values (e.g. 'driver=bridge')
docker	network ls --format	option	Pretty-print networks using a Go template
docker	network ls --no-trunc	option	Do not truncate the output
docker	network ls -q	option	Only display network IDs
docker	network prune	subcommand	Remove all unused networks
docker	network prune --filter	option	Provide filter values (e.g. 'until=<timestamp>')
docker	network prune -f	option	Do not prompt for confirmation
docker	network rm	subcommand	Remove one or more networks
docker	node	subcommand	Manage Swarm nodes
docker	node demote	subcommand	Demote one or more nodes from manager in the swarm
docker	node inspect	subcommand	Display detailed information on one or more nodes
docker	node inspect -f	option	Format the output using the given Go template
docker	node inspect --pretty	option	Print the information in a human friendly format
docker	node ls	subcommand	List nodes in the swarm
docker	node ls -f	option	Filter output based on conditions provided
docker	node ls --format	option	Pretty-print nodes using a Go template
docker	node ls -q	option	Only display IDs
docker	node promote	subcommand	Promote one or more nodes to manager in the swarm
docker	node ps	subcommand	List tasks running on one or more nodes, defaults to current node
docker	node ps -f	option	Filter output based on conditions provided
docker	node ps --format	option	Pretty-print tasks using a Go template
docker	node ps --no-resolve	option	Do not map IDs to Names
docker	node ps --no-trunc	option	Do not truncate output
docker	node ps -q	option	Only display task IDs
docker	node rm	subcommand	Remove one or more nodes from the swarm
docker	node rm -f	option	Force remove a node from the swarm
docker	node update	subcommand	Update a node
docker	node update --availability	option	Availability of the node ("active"|"pause"|"drain")
docker	node update --label-add	option	Add or update a node label (key=value)
docker	node update --label-rm	option	Remove a node label if exists
docker	node update --role	option	Role of the node ("worker"|"manager")
docker	buildx	subcommand	Extended build capabilities with BuildKit
docker	buildx bake	subcommand	Bake is a high-level build command. Each specified target will run in parallel as part of the build
docker	buildx bake -f	option	Build definition file
docker	buildx bake --load	option	Shorthand for --set=*.output=type=docker
docker	buildx bake --metadata-file	option	Write build result metadata to the file
docker	buildx bake --no-cache	option	Do not use cache when building the image
docker	buildx bake --print	option	Print the options without building
docker	buildx bake --progress	option	Set type of progress output (auto, plain, tty). Use plain to show container output
docker	buildx bake --pull	option	Always attempt to pull all referenced images
docker	buildx bake --push	option	Shorthand for --set=*.output=type=registry
docker	buildx bake --set	option	Override target value (e.g., targetpattern.key=value)
docker	buildx build	subcommand	The buildx build command starts a build using BuildKit. This command is similar to the UI of docker build command and ta
docker	buildx build --add-host	option	Add a custom host-to-IP mapping
docker	buildx build --allow	option	Allow extra privileged entitlement
docker	buildx build --build-arg	option	Set build-time variables
docker	buildx build --build-context	option	Additional build contexts
docker	buildx build --cache-from	option	External cache sources
docker	buildx build --cache-to	option	Cache export destinations
docker	buildx build --cgroup-parent	option	Optional parent cgroup for the container
docker	buildx build --compress	option	Compress the build context using gzip
docker	buildx build --cpu-period	option	Limit the CPU CFS (Completely Fair Scheduler) period
docker	buildx build --cpu-quota	option	Limit the CPU CFS (Completely Fair Scheduler) quota
docker	buildx build --cpu-shares	option	CPU shares (relative weight)
docker	buildx build --cpuset-cpus	option	CPUs in which to allow execution (0-3, 0,1)
docker	buildx build --cpuset-mems	option	MEMs in which to allow execution (0-3, 0,1)
docker	buildx build --file	option	Name of the Dockerfile
docker	buildx build --force-rm	option	Always remove intermediate containers
docker	buildx build --iidfile	option	Write the image ID to the file
docker	buildx build --invoke	option	Invoke a command after the build [experimental]
docker	buildx build --isolation	option	Container isolation technology
docker	buildx build --label	option	Set metadata for an image
docker	buildx build --load	option	Shorthand for --output=type=docker
docker	buildx build --memory	option	Memory limit
docker	buildx build --memory-swap	option	Swap limit equal to memory plus swap: -1 to enable unlimited swap
docker	buildx build --metadata-file	option	Write build result metadata to the file
docker	buildx build --network	option	Set the networking mode for the RUN instructions during build
docker	buildx build --no-cache	option	Do not use cache when building the image
docker	buildx build --no-cache-filter	option	Do not cache specified stages
docker	buildx build --output	option	Output destination (format: type=local,dest=path)
docker	buildx build --platform	option	Set target platform for build
docker	buildx build --print	option	Print result of information request (e.g., outline, targets) [experimental]
docker	buildx build --progress	option	Set type of progress output (auto, plain, tty). Use plain to show container output
docker	buildx build --pull	option	Always attempt to pull all referenced images
docker	buildx build --push	option	Shorthand for --output=type=registry
docker	buildx build --quiet	option	Suppress the build output and print image ID on success
docker	buildx build --rm	option	Remove intermediate containers after a successful build
docker	buildx build --secret	option	Secret to expose to the build (format: id=mysecret[,src=/local/secret])
docker	buildx build --security-opt	option	Security options
docker	buildx build --shm-size	option	Size of /dev/shm
docker	buildx build --squash	option	Squash newly built layers into a single new layer
docker	buildx build --ssh	option	SSH agent socket or keys to expose to the build (format: default|&lt;id&gt;[=&lt;socket&gt;|&lt;key&gt;[,&lt;key&gt;]])
docker	buildx build --tag	option	Name and optionally a tag (format: name:tag)
docker	buildx build --target	option	Set the target build stage to build
docker	buildx build --ulimit	option	Ulimit options
docker	buildx create	subcommand	Create a new builder instance
docker	buildx create --append	option	Append a node to builder instead of changing it
docker	buildx create --bootstrap	option	Boot builder after creation
docker	buildx create --buildkitd-flags	option	Flags for buildkitd daemon
docker	buildx create --config	option	BuildKit config file
docker	buildx create --driver	option	Driver to use (available: docker-container, kubernetes, remote)
docker	buildx create --driver-opt	option	Options for the driver
docker	buildx create --leave	option	Remove a node from builder instead of changing it
docker	buildx create --name	option	Builder instance name
docker	buildx create --node	option	Create/modify node with given name
docker	buildx create --platform	option	Fixed platforms for current node
docker	buildx create --use	option	Set the current builder instance
docker	buildx du	subcommand	Disk usage
docker	buildx du --filter	option	Provide filter values
docker	buildx du --verbose	option	Provide a more verbose output
docker	buildx imagetools	subcommand	Imagetools contains commands for working with manifest lists in the registry. These commands are useful for inspecting m
docker	buildx imagetools create	subcommand	Create a new image based on source images
docker	buildx imagetools create --append	option	Append to existing manifest
docker	buildx imagetools create --dry-run	option	Show final image instead of pushing
docker	buildx imagetools create --file	option	Read source descriptor from file
docker	buildx imagetools create --progress	option	Set type of progress output (auto, plain, tty). Use plain to show container output
docker	buildx imagetools create --tag	option	Set reference for new image
docker	buildx imagetools inspect	subcommand	Inspect current builder instance
docker	buildx imagetools inspect --format	option	Format the output using the given Go template
docker	buildx imagetools inspect --raw	option	Show original, unformatted JSON manifest
docker	buildx inspect	subcommand	Inspect current builder instance
docker	buildx inspect --bootstrap	option	Ensure builder has booted before inspecting
docker	buildx install	subcommand	Install buildx as a ‘docker builder’ alias
docker	buildx ls	subcommand	List builder instances
docker	buildx prune	subcommand	Remove build cache
docker	buildx prune --all	option	Include internal/frontend images
docker	buildx prune --filter	option	Provide filter values (e.g., until=24h)
docker	buildx prune --force	option	Do not prompt for confirmation
docker	buildx prune --keep-storage	option	Amount of disk space to keep for cache
docker	buildx prune --verbose	option	Provide a more verbose output
docker	buildx rm	subcommand	Remove a builder instance
docker	buildx rm --all-inactive	option	Remove all inactive builders
docker	buildx rm --force	option	Do not prompt for confirmation
docker	buildx rm --keep-daemon	option	Keep the buildkitd daemon running
docker	buildx rm --keep-state	option	Keep BuildKit state
docker	buildx stop	subcommand	Stop builder instance
docker	buildx uninstall	subcommand	Uninstall the ‘docker builder’ alias
docker	buildx use	subcommand	Set the current builder instance
docker	buildx use --default	option	Set builder as default for current context
docker	buildx use --global	option	Builder persists context changes
docker	buildx version	subcommand	Show buildx version information
docker	buildx --builder	option	Override the configured builder instance
docker	plugin	subcommand	Manage plugins
docker	plugin create	subcommand	Create a plugin from a rootfs and configuration. Plugin data directory must contain config.json and rootfs directory
docker	plugin create --compress	option	Compress the context using gzip
docker	plugin disable	subcommand	Disable a plugin
docker	plugin disable -f	option	Force the disable of an active plugin
docker	plugin enable	subcommand	Enable a plugin
docker	plugin enable --timeout	option	HTTP client timeout (in seconds) (default 30)
docker	plugin inspect	subcommand	Display detailed information on one or more plugins
docker	plugin inspect -f	option	Format the output using the given Go template
docker	plugin install	subcommand	Install a plugin
docker	plugin install --alias	option	Local name for plugin
docker	plugin install --disable	option	Do not enable the plugin on install
docker	plugin install --disable-content-trust	option	Skip image verification (default true)
docker	plugin install --grant-all-permissions	option	Grant all permissions necessary to run the plugin
docker	plugin ls	subcommand	List plugins
docker	plugin ls -f	option	Provide filter values (e.g. 'enabled=true')
docker	plugin ls --format	option	Pretty-print plugins using a Go template
docker	plugin ls --no-trunc	option	Don't truncate output
docker	plugin ls -q	option	Only display plugin IDs
docker	plugin push	subcommand	Push a plugin to a registry
docker	plugin push --disable-content-trust	option	Skip image signing (default true)
docker	plugin rm	subcommand	Remove one or more plugins
docker	plugin rm -f	option	Force the removal of an active plugin
docker	plugin set	subcommand	Change settings for a plugin
docker	plugin upgrade	subcommand	Upgrade an existing plugin
docker	plugin upgrade --disable-content-trust	option	Skip image verification (default true)
docker	plugin upgrade --grant-all-permissions	option	Grant all permissions necessary to run the plugin
docker	plugin upgrade --skip-remote-check	option	Do not check if specified remote plugin matches existing plugin image
docker	secret	subcommand	Manage Docker secrets
docker	secret create	subcommand	Create a secret from a file or STDIN as content
docker	secret create -d	option	Secret driver
docker	secret create -l	option	Secret labels
docker	secret create --template-driver	option	Template driver
docker	secret inspect	subcommand	Display detailed information on one or more secrets
docker	secret inspect -f	option	Format the output using the given Go template
docker	secret inspect --pretty	option	Print the information in a human friendly format
docker	secret ls	subcommand	List secrets
docker	secret ls -f	option	Filter output based on conditions provided
docker	secret ls --format	option	Pretty-print secrets using a Go template
docker	secret ls -q	option	Only display IDs
docker	secret rm	subcommand	Remove one or more secrets
docker	service	subcommand	Manage services
docker	service create	subcommand	Create a new service
docker	service create --cap-add	option	Add Linux capabilities
docker	service create --cap-drop	option	Drop Linux capabilities
docker	service create --config	option	Specify configurations to expose to the service
docker	service create --constraint	option	Placement constraints
docker	service create --container-label	option	Container labels
docker	service create --credential-spec	option	Credential spec for managed service account (Windows only)
docker	service create -d	option	Exit immediately instead of waiting for the service to converge
docker	service create --dns	option	Set custom DNS servers
docker	service create --dns-option	option	Set DNS options
docker	service create --dns-search	option	Set custom DNS search domains
docker	service create --endpoint-mode	option	Endpoint mode (vip or dnsrr) (default "vip")
docker	service create --entrypoint	option	Overwrite the default ENTRYPOINT of the image
docker	service create -e	option	Set environment variables
docker	service create --env-file	option	Read in a file of environment variables
docker	service create --generic-resource	option	User defined resources
docker	service create --group	option	Set one or more supplementary user groups for the container
docker	service create --health-cmd	option	Command to run to check health
docker	service create --health-interval	option	Time between running the check (ms|s|m|h)
docker	service create --health-retries	option	Consecutive failures needed to report unhealthy
docker	service create --health-start-period	option	Start period for the container to initialize before counting retries towards unstable (ms|s|m|h)
docker	service create --health-timeout	option	Maximum time to allow one check to run (ms|s|m|h)
docker	service create --host	option	Set one or more custom host-to-IP mappings (host:ip)
docker	service create --hostname	option	Container hostname
docker	service create --init	option	Use an init inside each service container to forward signals and reap processes
docker	service create --isolation	option	Service container isolation mode
docker	service create -l	option	Service labels
docker	service create --limit-cpu	option	Limit CPUs
docker	service create --limit-memory	option	Limit Memory
docker	service create --limit-pids	option	Limit maximum number of processes (default 0 = unlimited)
docker	service create --log-driver	option	Logging driver for service
docker	service create --log-opt	option	Logging driver options
docker	service create --max-concurrent	option	Number of job tasks to run concurrently (default equal to --replicas)
docker	service create --mode	option	Service mode (replicated, global, replicated-job, or global-job) (default "replicated")
docker	service create --mount	option	Attach a filesystem mount to the service
docker	service create --name	option	Service name
docker	service create --network	option	Network attachments
docker	service create --no-healthcheck	option	Disable any container-specified HEALTHCHECK
docker	service create --no-resolve-image	option	Do not query the registry to resolve image digest and supported platforms
docker	service create --placement-pref	option	Add a placement preference
docker	service create -p	option	Publish a port as a node port
docker	service create -q	option	Suppress progress output
docker	service create --read-only	option	Mount the container's root filesystem as read only
docker	service create --replicas	option	Number of tasks
docker	service create --replicas-max-per-node	option	Maximum number of tasks per node (default 0 = unlimited)
docker	service create --reserve-cpu	option	Reserve CPUs
docker	service create --reserve-memory	option	Reserve Memory
docker	service create --restart-condition	option	Restart when condition is met ("none"|"on-failure"|"any") (default "any")
docker	service create --restart-delay	option	Delay between restart attempts (ns|us|ms|s|m|h) (default 5s)
docker	service create --restart-max-attempts	option	Maximum number of restarts before giving up
docker	service create --restart-window	option	Window used to evaluate the restart policy (ns|us|ms|s|m|h)
docker	service create --rollback-delay	option	Delay between task rollbacks (ns|us|ms|s|m|h) (default 0s)
docker	service create --rollback-failure-action	option	Action on rollback failure ("pause"|"continue") (default "pause")
docker	service create --rollback-max-failure-ratio	option	Failure rate to tolerate during a rollback (default 0)
docker	service create --rollback-monitor	option	Duration after each task rollback to monitor for failure (ns|us|ms|s|m|h) (default 5s)
docker	service create --rollback-order	option	Rollback order ("start-first"|"stop-first") (default "stop-first")
docker	service create --rollback-parallelism	option	Maximum number of tasks rolled back simultaneously (0 to roll back all at once) (default 1)
docker	service create --secret	option	Specify secrets to expose to the service
docker	service create --stop-grace-period	option	Time to wait before force killing a container (ns|us|ms|s|m|h) (default 10s)
docker	service create --stop-signal	option	Signal to stop the container
docker	service create --sysctl	option	Sysctl options
docker	service create -t	option	Allocate a pseudo-TTY
docker	service create --ulimit	option	Ulimit options (default [])
docker	service create --update-delay	option	Delay between updates (ns|us|ms|s|m|h) (default 0s)
docker	service create --update-failure-action	option	Action on update failure ("pause"|"continue"|"rollback") (default "pause")
docker	service create --update-max-failure-ratio	option	Failure rate to tolerate during an update (default 0)
docker	service create --update-monitor	option	Duration after each task update to monitor for failure (ns|us|ms|s|m|h) (default 5s)
docker	service create --update-order	option	Update order ("start-first"|"stop-first") (default "stop-first")
docker	service create --update-parallelism	option	Maximum number of tasks updated simultaneously (0 to update all at once) (default 1)
docker	service create -u	option	Username or UID (format: <name|uid>[:<group|gid>])
docker	service create --with-registry-auth	option	Send registry authentication details to swarm agents
docker	service create -w	option	Working directory inside the container
docker	service inspect	subcommand	Display detailed information on one or more services
docker	service inspect -f	option	Format the output using the given Go template
docker	service inspect --pretty	option	Print the information in a human friendly format
docker	service logs	subcommand	Fetch the logs of a service or task
docker	service logs --details	option	Show extra details provided to logs
docker	service logs -f	option	Follow log output
docker	service logs --no-resolve	option	Do not map IDs to Names in output
docker	service logs --no-task-ids	option	Do not include task IDs in output
docker	service logs --no-trunc	option	Do not truncate output
docker	service logs --raw	option	Do not neatly format logs
docker	service logs --since	option	Show logs since timestamp (e.g. 2013-01-02T13:23:37Z) or relative (e.g. 42m for 42 minutes)
docker	service logs -n	option	Number of lines to show from the end of the logs (default "all")
docker	service logs -t	option	Show timestamps
docker	service ls	subcommand	List services
docker	service ls -f	option	Filter output based on conditions provided
docker	service ls --format	option	Pretty-print services using a Go template
docker	service ls -q	option	Only display IDs
docker	service ps	subcommand	List the tasks of one or more services
docker	service ps -f	option	Filter output based on conditions provided
docker	service ps --format	option	Pretty-print tasks using a Go template
docker	service ps --no-resolve	option	Do not map IDs to Names
docker	service ps --no-trunc	option	Do not truncate output
docker	service ps -q	option	Only display task IDs
docker	service rm	subcommand	Remove one or more services
docker	service rollback	subcommand	Revert changes to a service's configuration
docker	service rollback -d	option	Exit immediately instead of waiting for the service to converge
docker	service rollback -q	option	Suppress progress output
docker	service scale	subcommand	Scale one or multiple replicated services
docker	service scale -d	option	Exit immediately instead of waiting for the service to converge
docker	service update	subcommand	Update a service
docker	service update --args	option	Service command args
docker	service update --cap-add	option	Add Linux capabilities
docker	service update --cap-drop	option	Drop Linux capabilities
docker	service update --config-add	option	Add or update a config file on a service
docker	service update --config-rm	option	Remove a configuration file
docker	service update --constraint-add	option	Add or update a placement constraint
docker	service update --constraint-rm	option	Remove a constraint
docker	service update --container-label-add	option	Add or update a container label
docker	service update --container-label-rm	option	Remove a container label by its key
docker	service update --credential-spec	option	Credential spec for managed service account (Windows only)
docker	service update -d	option	Exit immediately instead of waiting for the service to converge
docker	service update --dns-add	option	Add or update a custom DNS server
docker	service update --dns-option-add	option	Add or update a DNS option
docker	service update --dns-option-rm	option	Remove a DNS option
docker	service update --dns-rm	option	Remove a custom DNS server
docker	service update --dns-search-add	option	Add or update a custom DNS search domain
docker	service update --dns-search-rm	option	Remove a DNS search domain
docker	service update --endpoint-mode	option	Endpoint mode (vip or dnsrr)
docker	service update --entrypoint	option	Overwrite the default ENTRYPOINT of the image
docker	service update --env-add	option	Add or update an environment variable
docker	service update --env-rm	option	Remove an environment variable
docker	service update --force	option	Force update even if no changes require it
docker	service update --generic-resource-add	option	Add a Generic resource
docker	service update --generic-resource-rm	option	Remove a Generic resource
docker	service update --group-add	option	Add an additional supplementary user group to the container
docker	service update --group-rm	option	Remove a previously added supplementary user group from the container
docker	service update --health-cmd	option	Command to run to check health
docker	service update --health-interval	option	Time between running the check (ms|s|m|h)
docker	service update --health-retries	option	Consecutive failures needed to report unhealthy
docker	service update --health-start-period	option	Start period for the container to initialize before counting retries towards unstable (ms|s|m|h)
docker	service update --health-timeout	option	Maximum time to allow one check to run (ms|s|m|h)
docker	service update --host-add	option	Add a custom host-to-IP mapping (host:ip)
docker	service update --host-rm	option	Remove a custom host-to-IP mapping (host:ip)
docker	service update --hostname	option	Container hostname
docker	service update --image	option	Service image tag
docker	service update --init	option	Use an init inside each service container to forward signals and reap processes
docker	service update --isolation	option	Service container isolation mode
docker	service update --label-add	option	Add or update a service label
docker	service update --label-rm	option	Remove a label by its key
docker	service update --limit-cpu	option	Limit CPUs
docker	service update --limit-memory	option	Limit Memory
docker	service update --limit-pids	option	Limit maximum number of processes (default 0 = unlimited)
docker	service update --log-driver	option	Logging driver for service
docker	service update --log-opt	option	Logging driver options
docker	service update --max-concurrent	option	Number of job tasks to run concurrently (default equal to --replicas)
docker	service update --mount-add	option	Add or update a mount on a service
docker	service update --mount-rm	option	Remove a mount by its target path
docker	service update --network-add	option	Add a network
docker	service update --network-rm	option	Remove a network
docker	service update --no-healthcheck	option	Disable any container-specified HEALTHCHECK
docker	service update --no-resolve-image	option	Do not query the registry to resolve image digest and supported platforms
docker	service update --placement-pref-add	option	Add a placement preference
docker	service update --placement-pref-rm	option	Remove a placement preference
docker	service update --publish-add	option	Add or update a published port
docker	service update --publish-rm	option	Remove a published port by its target port
docker	service update -q	option	Suppress progress output
docker	service update --read-only	option	Mount the container's root filesystem as read only
docker	service update --replicas	option	Number of tasks
docker	service update --replicas-max-per-node	option	Maximum number of tasks per node (default 0 = unlimited)
docker	service update --reserve-cpu	option	Reserve CPUs
docker	service update --reserve-memory	option	Reserve Memory
docker	service update --restart-condition	option	Restart when condition is met ("none"|"on-failure"|"any")
docker	service update --restart-delay	option	Delay between restart attempts (ns|us|ms|s|m|h)
docker	service update --restart-max-attempts	option	Maximum number of restarts before giving up
docker	service update --restart-window	option	Window used to evaluate the restart policy (ns|us|ms|s|m|h)
docker	service update --rollback	option	Rollback to previous specification
docker	service update --rollback-delay	option	Delay between task rollbacks (ns|us|ms|s|m|h)
docker	service update --rollback-failure-action	option	Action on rollback failure ("pause"|"continue")
docker	service update --rollback-max-failure-ratio	option	Failure rate to tolerate during a rollback
docker	service update --rollback-monitor	option	Duration after each task rollback to monitor for failure (ns|us|ms|s|m|h)
docker	service update --rollback-order	option	Rollback order ("start-first"|"stop-first")
docker	service update --rollback-parallelism	option	Maximum number of tasks rolled back simultaneously (0 to roll back all at once)
docker	service update --secret-add	option	Add or update a secret on a service
docker	service update --secret-rm	option	Remove a secret
docker	service update --stop-grace-period	option	Time to wait before force killing a container (ns|us|ms|s|m|h)
docker	service update --stop-signal	option	Signal to stop the container
docker	service update --sysctl-add	option	Add or update a Sysctl option
docker	service update --sysctl-rm	option	Remove a Sysctl option
docker	service update -t	option	Allocate a pseudo-TTY
docker	service update --ulimit-add	option	Add or update a ulimit option (default [])
docker	service update --ulimit-rm	option	Remove a ulimit option
docker	service update --update-delay	option	Delay between updates (ns|us|ms|s|m|h)
docker	service update --update-failure-action	option	Action on update failure ("pause"|"continue"|"rollback")
docker	service update --update-max-failure-ratio	option	Failure rate to tolerate during an update
docker	service update --update-monitor	option	Duration after each task update to monitor for failure (ns|us|ms|s|m|h)
docker	service update --update-order	option	Update order ("start-first"|"stop-first")
docker	service update --update-parallelism	option	Maximum number of tasks updated simultaneously (0 to update all at once)
docker	service update -u	option	Username or UID (format: <name|uid>[:<group|gid>])
docker	service update --with-registry-auth	option	Send registry authentication details to swarm agents
docker	service update -w	option	Working directory inside the container
docker	stack	subcommand	Manage Docker stacks
docker	stack deploy	subcommand	Deploy a new stack or update an existing stack
docker	stack deploy -c	option	Path to a Compose file, or "-" to read from stdin
docker	stack deploy --orchestrator	option	Orchestrator to use (swarm|kubernetes|all)
docker	stack deploy --prune	option	Prune services that are no longer referenced
docker	stack deploy --resolve-image	option	Query the registry to resolve image digest and supported platforms ("always"|"changed"|"never") (default "always")
docker	stack deploy --with-registry-auth	option	Send registry authentication details to Swarm agents
docker	stack ls	subcommand	List stacks
docker	stack ls --format	option	Pretty-print stacks using a Go template
docker	stack ls --orchestrator	option	Orchestrator to use (swarm|kubernetes|all)
docker	stack ps	subcommand	List the tasks in the stack
docker	stack ps -f	option	Filter output based on conditions provided
docker	stack ps --format	option	Pretty-print tasks using a Go template
docker	stack ps --no-resolve	option	Do not map IDs to Names
docker	stack ps --no-trunc	option	Do not truncate output
docker	stack ps --orchestrator	option	Orchestrator to use (swarm|kubernetes|all)
docker	stack ps -q	option	Only display task IDs
docker	stack rm	subcommand	Remove one or more stacks
docker	stack rm --orchestrator	option	Orchestrator to use (swarm|kubernetes|all)
docker	stack services	subcommand	List the services in the stack
docker	stack services -f	option	Filter output based on conditions provided
docker	stack services --format	option	Pretty-print services using a Go template
docker	stack services --orchestrator	option	Orchestrator to use (swarm|kubernetes|all)
docker	stack services -q	option	Only display IDs
docker	swarm	subcommand	Manage Swarm
docker	swarm ca	subcommand	Display and rotate the root CA
docker	swarm ca --ca-cert	option	Path to the PEM-formatted root CA certificate to use for the new cluster
docker	swarm ca --ca-key	option	Path to the PEM-formatted root CA key to use for the new cluster
docker	swarm ca --cert-expiry	option	Validity period for node certificates (ns|us|ms|s|m|h) (default 2160h0m0s)
docker	swarm ca -d	option	Exit immediately instead of waiting for the root rotation to converge
docker	swarm ca --external-ca	option	Specifications of one or more certificate signing endpoints
docker	swarm ca -q	option	Suppress progress output
docker	swarm ca --rotate	option	Rotate the swarm CA - if no certificate or key are provided, new ones will be generated
docker	swarm init	subcommand	Initialize a swarm
docker	swarm init --advertise-addr	option	Advertised address (format: <ip|interface>[:port])
docker	swarm init --autolock	option	Enable manager autolocking (requiring an unlock key to start a stopped manager)
docker	swarm init --availability	option	Availability of the node ("active"|"pause"|"drain") (default "active")
docker	swarm init --cert-expiry	option	Validity period for node certificates (ns|us|ms|s|m|h) (default 2160h0m0s)
docker	swarm init --data-path-addr	option	Address or interface to use for data path traffic (format: <ip|interface>)
docker	swarm init --data-path-port	option	Port number to use for data path traffic (1024 - 49151). If no value is set or is set to 0, the default port (4789) is u
docker	swarm init --default-addr-pool	option	Default address pool in CIDR format (default [])
docker	swarm init --default-addr-pool-mask-length	option	Default address pool subnet mask length (default 24)
docker	swarm init --dispatcher-heartbeat	option	Dispatcher heartbeat period (ns|us|ms|s|m|h) (default 5s)
docker	swarm init --external-ca	option	Specifications of one or more certificate signing endpoints
docker	swarm init --force-new-cluster	option	Force create a new cluster from current state
docker	swarm init --listen-addr	option	Listen address (format: <ip|interface>[:port]) (default 0.0.0.0:2377)
docker	swarm init --max-snapshots	option	Number of additional Raft snapshots to retain
docker	swarm init --snapshot-interval	option	Number of log entries between Raft snapshots (default 10000)
docker	swarm init --task-history-limit	option	Task history retention limit (default 5)
docker	swarm join	subcommand	Join a swarm as a node and/or manager
docker	swarm join --advertise-addr	option	Advertised address (format: <ip|interface>[:port])
docker	swarm join --availability	option	Availability of the node ("active"|"pause"|"drain") (default "active")
docker	swarm join --data-path-addr	option	Address or interface to use for data path traffic (format: <ip|interface>)
docker	swarm join --listen-addr	option	Listen address (format: <ip|interface>[:port]) (default 0.0.0.0:2377)
docker	swarm join --token	option	Token for entry into the swarm
docker	swarm join-token	subcommand	Manage join tokens
docker	swarm join-token -q	option	Only display token
docker	swarm join-token --rotate	option	Rotate join token
docker	swarm leave	subcommand	Leave the swarm
docker	swarm leave -f	option	Force this node to leave the swarm, ignoring warnings
docker	swarm unlock	subcommand	Unlock swarm
docker	swarm unlock-key	subcommand	Manage the unlock key
docker	swarm unlock-key -q	option	Only display token
docker	swarm unlock-key --rotate	option	Rotate unlock key
docker	swarm update	subcommand	Update the swarm
docker	swarm update --autolock	option	Change manager autolocking setting (true|false)
docker	swarm update --cert-expiry	option	Validity period for node certificates (ns|us|ms|s|m|h) (default 2160h0m0s)
docker	swarm update --dispatcher-heartbeat	option	Dispatcher heartbeat period (ns|us|ms|s|m|h) (default 5s)
docker	swarm update --external-ca	option	Specifications of one or more certificate signing endpoints
docker	swarm update --max-snapshots	option	Number of additional Raft snapshots to retain
docker	swarm update --snapshot-interval	option	Number of log entries between Raft snapshots (default 10000)
docker	swarm update --task-history-limit	option	Task history retention limit (default 5)
docker	system	subcommand	Manage Docker
docker	system prune	subcommand	Remove unused data
docker	system prune -a	option	Remove all unused images not just dangling ones
docker	system prune --filter	option	Provide filter values (e.g. 'label=<key>=<value')
docker	system prune -f	option	Do not prompt for confirmation
docker	system prune --volumes	option	Prune volumes
docker	system df	subcommand	Show docker disk usage
docker	system df --format	option	Pretty-print images using a Go template
docker	system df -v	option	Show detailed information on space usage
docker	system events	subcommand	Get real time events from the server
docker	system events -f	option	Filter output based on conditions provided
docker	system events --format	option	Format the output using the given Go template
docker	system events --since	option	Show all events created since timestamp
docker	system events --until	option	Stream events until this timestamp
docker	system info	subcommand	Display system-wide information
docker	system info -f	option	Format the output using the given Go template
docker	trust	subcommand	Manage trust on Docker images
docker	trust inspect	subcommand	Return low-level information about keys and signatures
docker	trust inspect --pretty	option	Print the information in a human friendly format
docker	trust revoke	subcommand	Remove trust for an image
docker	trust revoke -y	option	Do not prompt for confirmation
docker	trust sign	subcommand	Sign an image
docker	trust sign --local	option	Sign a locally tagged image
docker	volume	subcommand	Manage volumes
docker	volume create	subcommand	Create a volume
docker	volume create -d	option	Specify volume driver name (default "local")
docker	volume create --label	option	Set metadata for a volume
docker	volume create -o	option	Set driver specific options (default map[])
docker	volume inspect	subcommand	Display detailed information on one or more volumes
docker	volume inspect -f	option	Format the output using the given Go template
docker	volume ls	subcommand	List volumes
docker	volume ls -f	option	Provide filter values (e.g. 'dangling=true')
docker	volume ls --format	option	Pretty-print volumes using a Go template
docker	volume ls -q	option	Only display volume names
docker	volume prune	subcommand	Remove all unused local volumes
docker	volume prune --filter	option	Provide filter values (e.g. 'label=<label>')
docker	volume prune -f	option	Do not prompt for confirmation
docker	volume rm	subcommand	Remove one or more volumes
docker	volume rm -f	option	Force the removal of one or more volumes
docker	compose	subcommand	Define and run multi-container applications with Docker
pnpm	add	subcommand	Installs a package and any packages that it depends on. By default, any new package is installed as a production depende
pnpm	add --offline	option	If true, pnpm will use only packages already available in the store. If a package won't be found locally, the installati
pnpm	add --prefer-offline	option	If true, staleness checks for cached data will be bypassed, but missing data will be requested from the server. To force
pnpm	add --ignore-scripts	option	Do not execute any scripts defined in the project package.json and its dependencies
pnpm	add --reporter	option	Allows you to choose the reporter that will log debug info to the terminal about the installation progress
pnpm	add -P	option	Install the specified packages as regular dependencies
pnpm	add -D	option	Install the specified packages as devDependencies
pnpm	add -O	option	Install the specified packages as optionalDependencies
pnpm	add --no-save	option	Prevents saving to `dependencies`
pnpm	add -E	option	Saved dependencies will be configured with an exact version rather than using pnpm's default semver range operator
pnpm	add --save-peer	option	Using --save-peer will add one or more packages to peerDependencies and install them as dev dependencies
pnpm	add --ignore-workspace-root-check	option	Adding a new dependency to the root workspace package fails, unless the --ignore-workspace-root-check or -W flag is used
pnpm	add --global	option	Install a package globally
pnpm	add --workspace	option	Only adds the new dependency if it is found in the workspace
pnpm	add --filter	option	Filtering allows you to restrict commands to specific subsets of packages. pnpm supports a rich selector syntax for pick
pnpm	install	subcommand	Pnpm install is used to install all dependencies for a project. In a CI environment, installation fails if a lockfile is
pnpm	install-test	subcommand	Runs pnpm install followed immediately by pnpm test. It takes exactly the same arguments as pnpm install
pnpm	install-test --offline	option	If true, pnpm will use only packages already available in the store. If a package won't be found locally, the installati
pnpm	install-test --prefer-offline	option	If true, staleness checks for cached data will be bypassed, but missing data will be requested from the server. To force
pnpm	install-test --ignore-scripts	option	Do not execute any scripts defined in the project package.json and its dependencies
pnpm	install-test --reporter	option	Allows you to choose the reporter that will log debug info to the terminal about the installation progress
pnpm	install-test -P	option	Pnpm will not install any package listed in devDependencies if the NODE_ENV environment variable is set to production. U
pnpm	install-test -D	option	Only devDependencies are installed regardless of the NODE_ENV
pnpm	install-test --no-optional	option	OptionalDependencies are not installed
pnpm	install-test --lockfile-only	option	When used, only updates pnpm-lock.yaml and package.json instead of checking node_modules and downloading dependencies
pnpm	install-test --frozen-lockfile	option	If true, pnpm doesn't generate a lockfile and fails to install if the lockfile is out of sync with the manifest / an upd
pnpm	install-test --use-store-server	option	Starts a store server in the background. The store server will keep running after installation is done. To stop the stor
pnpm	install-test --shamefully-hoist	option	Creates a flat node_modules structure, similar to that of npm or yarn. WARNING: This is highly discouraged
pnpm	update	subcommand	Pnpm update updates packages to their latest version based on the specified range. When used without arguments, updates
pnpm	update --recursive	option	Concurrently runs update in all subdirectories with a package.json (excluding node_modules)
pnpm	update --latest	option	Ignores the version range specified in package.json. Instead, the version specified by the latest tag will be used (pote
pnpm	update --global	option	Update global packages
pnpm	update -P	option	Only update packages in dependencies and optionalDependencies
pnpm	update -D	option	Only update packages in devDependencies
pnpm	update --no-optional	option	Don't update packages in optionalDependencies
pnpm	update --interactive	option	Show outdated dependencies and select which ones to update
pnpm	update --workspace	option	Tries to link all packages from the workspace. Versions are updated to match the versions of packages inside the workspa
pnpm	update --filter	option	Filtering allows you to restrict commands to specific subsets of packages. pnpm supports a rich selector syntax for pick
pnpm	remove	subcommand	Removes packages from node_modules and from the project's package.json
pnpm	remove --recursive	option	When used inside a workspace, removes a dependency (or dependencies) from every workspace package. When used not inside
pnpm	remove --global	option	Remove a global package
pnpm	remove -P	option	Only remove the dependency from dependencies
pnpm	remove -D	option	Only remove the dependency from devDependencies
pnpm	remove --save-optional	option	Only remove the dependency from optionalDependencies
pnpm	remove --filter	option	Filtering allows you to restrict commands to specific subsets of packages. pnpm supports a rich selector syntax for pick
pnpm	link	subcommand	Makes the current local package accessible system-wide, or in another location
pnpm	link --dir	option	Changes the link location to <dir>
pnpm	link --global	option	Links the specified package (<pkg>) from global node_modules to the node_nodules of package from where this command was
pnpm	unlink	subcommand	Unlinks a system-wide package (inverse of pnpm link). If called without arguments, all linked dependencies will be unlin
pnpm	unlink --recursive	option	Unlink in every package found in subdirectories or in every workspace package, when executed inside a workspace
pnpm	unlink --filter	option	Filtering allows you to restrict commands to specific subsets of packages. pnpm supports a rich selector syntax for pick
pnpm	import	subcommand	Pnpm import generates a pnpm-lock.yaml from an npm package-lock.json (or npm-shrinkwrap.json) file
pnpm	rebuild	subcommand	Rebuild a package
pnpm	rebuild --recursive	option	This command runs the pnpm rebuild command in every package of the monorepo
pnpm	rebuild --filter	option	Filtering allows you to restrict commands to specific subsets of packages. pnpm supports a rich selector syntax for pick
pnpm	prune	subcommand	Removes unnecessary packages
pnpm	prune --prod	option	Remove the packages specified in devDependencies
pnpm	prune --no-optional	option	Remove the packages specified in optionalDependencies
pnpm	fetch	subcommand	EXPERIMENTAL FEATURE: Fetch packages from a lockfile into virtual store, package manifest is ignored: https://pnpm.io/cl
pnpm	fetch --prod	option	Development packages will not be fetched
pnpm	fetch --dev	option	Only development packages will be fetched
pnpm	patch	subcommand	This command will cause a package to be extracted in a temporary directory intended to be editable at will
pnpm	patch --edit-dir	option	The package that needs to be patched will be extracted to this directory
pnpm	patch-commit	subcommand	Generate a patch out of a directory
pnpm	patch-remove	subcommand	
pnpm	audit	subcommand	Checks for known security issues with the installed packages. If security issues are found, try to update your dependenc
pnpm	audit --audit-level	option	Only print advisories with severity greater than or equal to <severity>
pnpm	audit --fix	option	Add overrides to the package.json file in order to force non-vulnerable versions of the dependencies
pnpm	audit --json	option	Output audit report in JSON format
pnpm	audit --dev	option	Only audit dev dependencies
pnpm	audit --prod	option	Only audit production dependencies
pnpm	audit --no-optional	option	Don't audit optionalDependencies
pnpm	audit --ignore-registry-errors	option	If the registry responds with a non-200 status code, the process should exit with 0. So the process will fail only if th
pnpm	list	subcommand	This command will output all the versions of packages that are installed, as well as their dependencies, in a tree-struc
pnpm	list --recursive	option	Perform command on every package in subdirectories or on every workspace package, when executed inside a workspace
pnpm	list --json	option	Log output in JSON format
pnpm	list --long	option	Show extended information
pnpm	list --parseable	option	Outputs package directories in a parseable format instead of their tree view
pnpm	list --global	option	List packages in the global install directory instead of in the current project
pnpm	list --depth	option	Max display depth of the dependency tree. pnpm ls --depth 0 will list direct dependencies only. pnpm ls --depth -1 will
pnpm	list --dev	option	Only list dev dependencies
pnpm	list --prod	option	Only list production dependencies
pnpm	list --no-optional	option	Don't list optionalDependencies
pnpm	list --filter	option	Filtering allows you to restrict commands to specific subsets of packages. pnpm supports a rich selector syntax for pick
pnpm	outdated	subcommand	Checks for outdated packages. The check can be limited to a subset of the installed packages by providing arguments (pat
pnpm	outdated --recursive	option	Check for outdated dependencies in every package found in subdirectories, or in every workspace package when executed in
pnpm	outdated --long	option	Print details
pnpm	outdated --global	option	List outdated global packages
pnpm	outdated --no-table	option	Prints the outdated dependencies in a list format instead of the default table. Good for small consoles
pnpm	outdated --compatible	option	Prints only versions that satisfy specifications in package.json
pnpm	outdated --dev	option	Only list dev dependencies
pnpm	outdated --prod	option	Only list production dependencies
pnpm	outdated --no-optional	option	Doesn't check optionalDependencies
pnpm	why	subcommand	Shows all packages that depend on the specified package
pnpm	why --recursive	option	Show the dependency tree for the specified package on every package in subdirectories or on every workspace package when
pnpm	why --json	option	Log output in JSON format
pnpm	why --long	option	Show verbose output
pnpm	why --parseable	option	Show parseable output instead of tree view
pnpm	why --global	option	List packages in the global install directory instead of in the current project
pnpm	why --dev	option	Only display the dependency tree for packages in devDependencies
pnpm	why --prod	option	Only display the dependency tree for packages in dependencies
pnpm	why --filter	option	Filtering allows you to restrict commands to specific subsets of packages. pnpm supports a rich selector syntax for pick
pnpm	run	subcommand	Runs a script defined in the package's manifest file
pnpm	run -r	option	This runs an arbitrary command from each package's "scripts" object. If a package doesn't have the command, it is skippe
pnpm	run --if-present	option	You can use the --if-present flag to avoid exiting with a non-zero exit code when the script is undefined. This lets you
pnpm	run --parallel	option	Completely disregard concurrency and topological sorting, running a given script immediately in all matching packages wi
pnpm	run --stream	option	Stream output from child processes immediately, prefixed with the originating package directory. This allows output from
pnpm	run --filter	option	Filtering allows you to restrict commands to specific subsets of packages. pnpm supports a rich selector syntax for pick
pnpm	exec	subcommand	Execute a shell command in scope of a project. node_modules/.bin is added to the PATH, so pnpm exec allows executing com
pnpm	exec -r	option	Execute the shell command in every project of the workspace. The name of the current package is available through the en
pnpm	exec --parallel	option	Completely disregard concurrency and topological sorting, running a given script immediately in all matching packages wi
pnpm	exec --filter	option	Filtering allows you to restrict commands to specific subsets of packages. pnpm supports a rich selector syntax for pick
pnpm	test	subcommand	Runs an arbitrary command specified in the package's test property of its scripts object. The intended usage of the prop
pnpm	start	subcommand	Runs an arbitrary command specified in the package's start property of its scripts object. If no start property is speci
pnpm	publish	subcommand	Publishes a package to the registry. When publishing a package inside a workspace, the LICENSE file from the root of the
pnpm	publish --tag	option	Publishes the package with the given tag. By default, pnpm publish updates the latest tag
pnpm	publish --dry-run	option	Does everything a publish would do except actually publishing to the registry
pnpm	publish --ignore-scripts	option	Ignores any publish related lifecycle scripts (prepublishOnly, postpublish, and the like)
pnpm	publish --no-git-checks	option	Don't check if current branch is your publish branch, clean, and up-to-date
pnpm	publish --access	option	Tells the registry whether the published package should be public or restricted
pnpm	publish --force	option	Try to publish packages even if their current version is already found in the registry
pnpm	publish --report-summary	option	Save the list of published packages to pnpm-publish-summary.json. Useful when some other tooling is used to report the l
pnpm	publish --filter	option	Filtering allows you to restrict commands to specific subsets of packages. pnpm supports a rich selector syntax for pick
pnpm	recursive	subcommand	Runs a pnpm command recursively on all subdirectories in the package or every available workspace
pnpm	recursive add	subcommand	Installs a package and any packages that it depends on. By default, any new package is installed as a production depende
pnpm	recursive add --offline	option	If true, pnpm will use only packages already available in the store. If a package won't be found locally, the installati
pnpm	recursive add --prefer-offline	option	If true, staleness checks for cached data will be bypassed, but missing data will be requested from the server. To force
pnpm	recursive add --ignore-scripts	option	Do not execute any scripts defined in the project package.json and its dependencies
pnpm	recursive add --reporter	option	Allows you to choose the reporter that will log debug info to the terminal about the installation progress
pnpm	recursive add -P	option	Install the specified packages as regular dependencies
pnpm	recursive add -D	option	Install the specified packages as devDependencies
pnpm	recursive add -O	option	Install the specified packages as optionalDependencies
pnpm	recursive add --no-save	option	Prevents saving to `dependencies`
pnpm	recursive add -E	option	Saved dependencies will be configured with an exact version rather than using pnpm's default semver range operator
pnpm	recursive add --save-peer	option	Using --save-peer will add one or more packages to peerDependencies and install them as dev dependencies
pnpm	recursive add --ignore-workspace-root-check	option	Adding a new dependency to the root workspace package fails, unless the --ignore-workspace-root-check or -W flag is used
pnpm	recursive add --global	option	Install a package globally
pnpm	recursive add --workspace	option	Only adds the new dependency if it is found in the workspace
pnpm	recursive add --filter	option	Filtering allows you to restrict commands to specific subsets of packages. pnpm supports a rich selector syntax for pick
pnpm	recursive install	subcommand	Pnpm install is used to install all dependencies for a project. In a CI environment, installation fails if a lockfile is
pnpm	recursive update	subcommand	Pnpm update updates packages to their latest version based on the specified range. When used without arguments, updates
pnpm	recursive update --recursive	option	Concurrently runs update in all subdirectories with a package.json (excluding node_modules)
pnpm	recursive update --latest	option	Ignores the version range specified in package.json. Instead, the version specified by the latest tag will be used (pote
pnpm	recursive update --global	option	Update global packages
pnpm	recursive update -P	option	Only update packages in dependencies and optionalDependencies
pnpm	recursive update -D	option	Only update packages in devDependencies
pnpm	recursive update --no-optional	option	Don't update packages in optionalDependencies
pnpm	recursive update --interactive	option	Show outdated dependencies and select which ones to update
pnpm	recursive update --workspace	option	Tries to link all packages from the workspace. Versions are updated to match the versions of packages inside the workspa
pnpm	recursive update --filter	option	Filtering allows you to restrict commands to specific subsets of packages. pnpm supports a rich selector syntax for pick
pnpm	recursive remove	subcommand	Removes packages from node_modules and from the project's package.json
pnpm	recursive remove --recursive	option	When used inside a workspace, removes a dependency (or dependencies) from every workspace package. When used not inside
pnpm	recursive remove --global	option	Remove a global package
pnpm	recursive remove -P	option	Only remove the dependency from dependencies
pnpm	recursive remove -D	option	Only remove the dependency from devDependencies
pnpm	recursive remove --save-optional	option	Only remove the dependency from optionalDependencies
pnpm	recursive remove --filter	option	Filtering allows you to restrict commands to specific subsets of packages. pnpm supports a rich selector syntax for pick
pnpm	recursive unlink	subcommand	Unlinks a system-wide package (inverse of pnpm link). If called without arguments, all linked dependencies will be unlin
pnpm	recursive unlink --recursive	option	Unlink in every package found in subdirectories or in every workspace package, when executed inside a workspace
pnpm	recursive unlink --filter	option	Filtering allows you to restrict commands to specific subsets of packages. pnpm supports a rich selector syntax for pick
pnpm	recursive rebuild	subcommand	Rebuild a package
pnpm	recursive rebuild --recursive	option	This command runs the pnpm rebuild command in every package of the monorepo
pnpm	recursive rebuild --filter	option	Filtering allows you to restrict commands to specific subsets of packages. pnpm supports a rich selector syntax for pick
pnpm	recursive list	subcommand	This command will output all the versions of packages that are installed, as well as their dependencies, in a tree-struc
pnpm	recursive list --recursive	option	Perform command on every package in subdirectories or on every workspace package, when executed inside a workspace
pnpm	recursive list --json	option	Log output in JSON format
pnpm	recursive list --long	option	Show extended information
pnpm	recursive list --parseable	option	Outputs package directories in a parseable format instead of their tree view
pnpm	recursive list --global	option	List packages in the global install directory instead of in the current project
pnpm	recursive list --depth	option	Max display depth of the dependency tree. pnpm ls --depth 0 will list direct dependencies only. pnpm ls --depth -1 will
pnpm	recursive list --dev	option	Only list dev dependencies
pnpm	recursive list --prod	option	Only list production dependencies
pnpm	recursive list --no-optional	option	Don't list optionalDependencies
pnpm	recursive list --filter	option	Filtering allows you to restrict commands to specific subsets of packages. pnpm supports a rich selector syntax for pick
pnpm	recursive outdated	subcommand	Checks for outdated packages. The check can be limited to a subset of the installed packages by providing arguments (pat
pnpm	recursive outdated --recursive	option	Check for outdated dependencies in every package found in subdirectories, or in every workspace package when executed in
pnpm	recursive outdated --long	option	Print details
pnpm	recursive outdated --global	option	List outdated global packages
pnpm	recursive outdated --no-table	option	Prints the outdated dependencies in a list format instead of the default table. Good for small consoles
pnpm	recursive outdated --compatible	option	Prints only versions that satisfy specifications in package.json
pnpm	recursive outdated --dev	option	Only list dev dependencies
pnpm	recursive outdated --prod	option	Only list production dependencies
pnpm	recursive outdated --no-optional	option	Doesn't check optionalDependencies
pnpm	recursive why	subcommand	Shows all packages that depend on the specified package
pnpm	recursive why --recursive	option	Show the dependency tree for the specified package on every package in subdirectories or on every workspace package when
pnpm	recursive why --json	option	Log output in JSON format
pnpm	recursive why --long	option	Show verbose output
pnpm	recursive why --parseable	option	Show parseable output instead of tree view
pnpm	recursive why --global	option	List packages in the global install directory instead of in the current project
pnpm	recursive why --dev	option	Only display the dependency tree for packages in devDependencies
pnpm	recursive why --prod	option	Only display the dependency tree for packages in dependencies
pnpm	recursive why --filter	option	Filtering allows you to restrict commands to specific subsets of packages. pnpm supports a rich selector syntax for pick
pnpm	recursive run	subcommand	Runs a script defined in the package's manifest file
pnpm	recursive run -r	option	This runs an arbitrary command from each package's "scripts" object. If a package doesn't have the command, it is skippe
pnpm	recursive run --if-present	option	You can use the --if-present flag to avoid exiting with a non-zero exit code when the script is undefined. This lets you
pnpm	recursive run --parallel	option	Completely disregard concurrency and topological sorting, running a given script immediately in all matching packages wi
pnpm	recursive run --stream	option	Stream output from child processes immediately, prefixed with the originating package directory. This allows output from
pnpm	recursive run --filter	option	Filtering allows you to restrict commands to specific subsets of packages. pnpm supports a rich selector syntax for pick
pnpm	recursive exec	subcommand	Execute a shell command in scope of a project. node_modules/.bin is added to the PATH, so pnpm exec allows executing com
pnpm	recursive exec -r	option	Execute the shell command in every project of the workspace. The name of the current package is available through the en
pnpm	recursive exec --parallel	option	Completely disregard concurrency and topological sorting, running a given script immediately in all matching packages wi
pnpm	recursive exec --filter	option	Filtering allows you to restrict commands to specific subsets of packages. pnpm supports a rich selector syntax for pick
pnpm	recursive test	subcommand	Runs an arbitrary command specified in the package's test property of its scripts object. The intended usage of the prop
pnpm	recursive publish	subcommand	Publishes a package to the registry. When publishing a package inside a workspace, the LICENSE file from the root of the
pnpm	recursive publish --tag	option	Publishes the package with the given tag. By default, pnpm publish updates the latest tag
pnpm	recursive publish --dry-run	option	Does everything a publish would do except actually publishing to the registry
pnpm	recursive publish --ignore-scripts	option	Ignores any publish related lifecycle scripts (prepublishOnly, postpublish, and the like)
pnpm	recursive publish --no-git-checks	option	Don't check if current branch is your publish branch, clean, and up-to-date
pnpm	recursive publish --access	option	Tells the registry whether the published package should be public or restricted
pnpm	recursive publish --force	option	Try to publish packages even if their current version is already found in the registry
pnpm	recursive publish --report-summary	option	Save the list of published packages to pnpm-publish-summary.json. Useful when some other tooling is used to report the l
pnpm	recursive publish --filter	option	Filtering allows you to restrict commands to specific subsets of packages. pnpm supports a rich selector syntax for pick
pnpm	recursive --link-workspace-packages	option	Link locally available packages in workspaces of a monorepo into node_modules instead of re-downloading them from the re
pnpm	recursive --workspace-concurrency	option	Set the maximum number of tasks to run simultaneously. For unlimited concurrency use Infinity
pnpm	recursive --bail	option	Stops when a task throws an error
pnpm	recursive --no-bail	option	Don't stop when a task throws an error
pnpm	recursive --sort	option	Packages are sorted topologically (dependencies before dependents)
pnpm	recursive --no-sort	option	Disable packages sorting
pnpm	recursive --reverse	option	The order of packages is reversed
pnpm	recursive --filter	option	Filtering allows you to restrict commands to specific subsets of packages. pnpm supports a rich selector syntax for pick
pnpm	server	subcommand	Manage a store server
pnpm	server start	subcommand	Starts a server that performs all interactions with the store. Other commands will delegate any store-related tasks to t
pnpm	server start --background	option	Runs the server in the background, similar to daemonizing on UNIX systems
pnpm	server start --network-concurrency	option	The maximum number of network requests to process simultaneously
pnpm	server start --protocol	option	The communication protocol used by the server. When this is set to auto, IPC is used on all systems except for Windows,
pnpm	server start --port	option	The port number to use when TCP is used for communication. If a port is specified and the protocol is set to auto, regar
pnpm	server start --store-dir	option	The directory to use for the content addressable store
pnpm	server start --lock	option	Set to make the package store immutable to external processes while the server is running or not
pnpm	server start --no-lock	option	Set to make the package store mutable to external processes while the server is running or not
pnpm	server start --ignore-stop-requests	option	Prevents you from stopping the server using pnpm server stop
pnpm	server start --ignore-upload-requests	option	Prevents creating a new side effect cache during install
pnpm	server stop	subcommand	Stops the store server
pnpm	server status	subcommand	Prints information about the running server
pnpm	store	subcommand	Managing the package store
pnpm	store status	subcommand	Checks for modified packages in the store. Returns exit code 0 if the content of the package is the same as it was at th
pnpm	store add	subcommand	Functionally equivalent to pnpm add, except this adds new packages to the store directly without modifying any projects
pnpm	store prune	subcommand	Removes orphan packages from the store. Pruning the store will save disk space, however may slow down future installatio
pnpm	store path	subcommand	Returns the path to the active store directory
pnpm	init	subcommand	Creates a basic package.json file in the current directory, if it doesn't exist already
pnpm	doctor	subcommand	Checks for known common issues with pnpm configuration
pnpm	-C	option	Run as if pnpm was started in <path> instead of the current working directory
pnpm	-w	option	Run as if pnpm was started in the root of the <workspace> instead of the current working directory
pnpm	-h	option	Output usage information
pnpm	-v	option	Show pnpm's version
bun	c	subcommand	Start a new project from a template
bun	c --force	option	Overwrite existing files
bun	c --no-install	option	Don't install node_modules
bun	c --no-git	option	Don't create a git repository
bun	c --verbose	option	Too many logs
bun	c --no-package-json	option	Disable package.json transforms
bun	c --open	option	On finish, start bun and open in browser
bun	run	subcommand	Run a package.json script or executable
bun	i	subcommand	Install dependencies for a package.json
bun	i -c	option	Load config (bunfig.toml)
bun	i -y	option	Write a yarn.lock file (yarn v1)
bun	i -p	option	Don't install devDependencies
bun	i --no-save	option	Don't save a lockfile
bun	i --save	option	Save to package.json
bun	i --dry-run	option	Don't install anything
bun	i --frozen-lockfile	option	Disallow changes to lockfile
bun	i -f	option	Always request the latest versions from the registry & reinstall all dependencies
bun	i --cache-dir	option	Store & load cached data from a specific directory path
bun	i --no-cache	option	Ignore manifest cache entirely
bun	i --silent	option	Don't log anything
bun	i --verbose	option	Excessively verbose logging
bun	i -g	option	Install globally
bun	i --cwd	option	Set a specific cwd
bun	i --backend	option	Platform-specific optimizations for installing dependencies. For macOS, 'clonefile' (default), 'copyfile'
bun	i --link-native-bins	option	Link 'bin' from a matching platform-specific 'optionalDependencies' instead. Default: esbuild, turbo
bun	i --help	option	Print the help menu
bun	i --no-progress	option	Disable the progress bar
bun	i --no-summary	option	Don't print a summary
bun	i --no-verify	option	Skip verifying integrity of newly downloaded packages
bun	i --ignore-scripts	option	Skip lifecycle scripts in the project's package.json (dependency scripts are never run)
bun	i -d	option	Install as devDependency
bun	i --exact	option	Install exact version
bun	i --optional	option	Install as optionalDependency
bun	a	subcommand	Add a dependency to package.json
bun	a -c	option	Load config (bunfig.toml)
bun	a -y	option	Write a yarn.lock file (yarn v1)
bun	a -p	option	Don't install devDependencies
bun	a --no-save	option	Don't save a lockfile
bun	a --save	option	Save to package.json
bun	a --dry-run	option	Don't install anything
bun	a --frozen-lockfile	option	Disallow changes to lockfile
bun	a -f	option	Always request the latest versions from the registry & reinstall all dependencies
bun	a --cache-dir	option	Store & load cached data from a specific directory path
bun	a --no-cache	option	Ignore manifest cache entirely
bun	a --silent	option	Don't log anything
bun	a --verbose	option	Excessively verbose logging
bun	a -g	option	Install globally
bun	a --cwd	option	Set a specific cwd
bun	a --backend	option	Platform-specific optimizations for installing dependencies. For macOS, 'clonefile' (default), 'copyfile'
bun	a --link-native-bins	option	Link 'bin' from a matching platform-specific 'optionalDependencies' instead. Default: esbuild, turbo
bun	a --help	option	Print the help menu
bun	a --no-progress	option	Disable the progress bar
bun	a --no-summary	option	Don't print a summary
bun	a --no-verify	option	Skip verifying integrity of newly downloaded packages
bun	a --ignore-scripts	option	Skip lifecycle scripts in the project's package.json (dependency scripts are never run)
bun	a -d	option	Install as devDependency
bun	a --exact	option	Install exact version
bun	a --optional	option	Install as optionalDependency
bun	rm	subcommand	Remove a dependency from package.json
bun	rm -c	option	Load config (bunfig.toml)
bun	rm -y	option	Write a yarn.lock file (yarn v1)
bun	rm -p	option	Don't install devDependencies
bun	rm --no-save	option	Don't save a lockfile
bun	rm --save	option	Save to package.json
bun	rm --dry-run	option	Don't install anything
bun	rm --frozen-lockfile	option	Disallow changes to lockfile
bun	rm -f	option	Always request the latest versions from the registry & reinstall all dependencies
bun	rm --cache-dir	option	Store & load cached data from a specific directory path
bun	rm --no-cache	option	Ignore manifest cache entirely
bun	rm --silent	option	Don't log anything
bun	rm --verbose	option	Excessively verbose logging
bun	rm -g	option	Install globally
bun	rm --cwd	option	Set a specific cwd
bun	rm --backend	option	Platform-specific optimizations for installing dependencies. For macOS, 'clonefile' (default), 'copyfile'
bun	rm --link-native-bins	option	Link 'bin' from a matching platform-specific 'optionalDependencies' instead. Default: esbuild, turbo
bun	rm --help	option	Print the help menu
bun	rm --no-progress	option	Disable the progress bar
bun	rm --no-summary	option	Don't print a summary
bun	rm --no-verify	option	Skip verifying integrity of newly downloaded packages
bun	rm --ignore-scripts	option	Skip lifecycle scripts in the project's package.json (dependency scripts are never run)
bun	rm -d	option	Install as devDependency
bun	rm --exact	option	Install exact version
bun	rm --optional	option	Install as optionalDependency
bun	build	subcommand	Bundle files using Bun's native bundler
bun	build -h	option	Display this help and exit
bun	build -b	option	Force a script or package to use Bun's runtime instead of Node.js (via symlinking node)
bun	build --cwd	option	
bun	build -c	option	Load config (bunfig.toml)
bun	build --extension-order	option	
bun	build --jsx-factory	option	Changes the function called when compiling JSX elements using the classic JSX runtime
bun	build --jsx-fragment	option	Changes the function called when compiling JSX fragments
bun	build --jsx-import-source	option	Declares the module specifier to be used for importing the jsx and jsxs factory functions. Default: "react"
bun	build --jsx-runtime	option	"automatic" (default) or "classic"
bun	build -r	option	
bun	build --main-fields	option	
bun	build --no-summary	option	Don't print a summary (when generating .bun)
bun	build -v	option	Print version and exit
bun	build --revision	option	Print version with revision and exit
bun	build --tsconfig-override	option	
bun	build -d	option	
bun	build -e	option	
bun	build -l	option	
bun	build -u	option	
bun	build -p	option	
bun	build --smol	option	Use less memory, but run garbage collection more often
bun	build --minify	option	Minify (experimental)
bun	build --minify-syntax	option	Minify syntax and inline data (experimental)
bun	build --minify-whitespace	option	Minify whitespace (experimental)
bun	build --minify-identifiers	option	Minify identifiers
bun	build --no-macros	option	Disable macros from being executed in the bundler, transpiler and runtime
bun	build --target	option	Target environment
bun	build --inspect	option	Activate Bun's debugger for a file
bun	build --inspect-wait	option	Activate Bun's Debugger, wait for a connection before executing
bun	build --inspect-brk	option	Activate Bun's Debugger, set breakpoint on first line of code and wait
bun	build --if-present	option	Exit if the entrypoint does not exist
bun	build --hot	option	Enable auto reload in the Bun runtime, test runner, or bundler
bun	build --watch	option	Automatically restart the process on file change
bun	build --no-install	option	Disable auto install in the Bun runtime
bun	build -i	option	Automatically install dependencies and use global cache in Bun's runtime, equivalent to --install=fallback
bun	build --install	option	
bun	build --prefer-offline	option	Skip staleness checks for packages in the Bun runtime and resolve from disk
bun	build --prefer-latest	option	Use the latest matching versions of packages in the Bun runtime, always checking npm
bun	build --silent	option	Don't repeat the command for bun run
bun	build compile	option	Generate a standalone Bun executable containing your bundled code
bun	build --format	option	Specifies the module format to build to. Only esm is supported currently
bun	build --outdir	option	Default to "dist" if multiple files
bun	build --outfile	option	Write to a file
bun	build --root	option	Root directory used for multiple entry points
bun	build --splitting	option	Enable code splitting
bun	build --public-path	option	A prefix to be appended to any import paths in bundled code
bun	build --sourcemap	option	Build with sourcemaps - 'inline', 'external', or 'none'
bun	build --entry-naming	option	Customize entry point filenames. Defaults to "[dir]/[name].[ext]"
bun	build --chunk-naming	option	Customize chunk filenames. Defaults to "[name]-[hash].[ext]"
bun	build --asset-naming	option	Customize asset filenames. Defaults to "[name]-[hash].[ext]"
bun	build --server-components	option	Enable React Server Components (experimental)
bun	build --no-bundle	option	Transpile file only, do not bundle
bun	build --dump-environment-variables	option	Dump environment variables from .env and process as JSON and quit. Useful for debugging
bun	build --dump-limits	option	Dump system limits. Useful for debugging
bun	update	subcommand	Update outdated dependencies
bun	update -c	option	Load config (bunfig.toml)
bun	update -y	option	Write a yarn.lock file (yarn v1)
bun	update -p	option	Don't install devDependencies
bun	update --no-save	option	Don't save a lockfile
bun	update --save	option	Save to package.json
bun	update --dry-run	option	Don't install anything
bun	update --frozen-lockfile	option	Disallow changes to lockfile
bun	update -f	option	Always request the latest versions from the registry & reinstall all dependencies
bun	update --cache-dir	option	Store & load cached data from a specific directory path
bun	update --no-cache	option	Ignore manifest cache entirely
bun	update --silent	option	Don't log anything
bun	update --verbose	option	Excessively verbose logging
bun	update -g	option	Install globally
bun	update --cwd	option	Set a specific cwd
bun	update --backend	option	Platform-specific optimizations for installing dependencies. For macOS, 'clonefile' (default), 'copyfile'
bun	update --link-native-bins	option	Link 'bin' from a matching platform-specific 'optionalDependencies' instead. Default: esbuild, turbo
bun	update --help	option	Print the help menu
bun	update --no-progress	option	Disable the progress bar
bun	update --no-summary	option	Don't print a summary
bun	update --no-verify	option	Skip verifying integrity of newly downloaded packages
bun	update --ignore-scripts	option	Skip lifecycle scripts in the project's package.json (dependency scripts are never run)
bun	update -d	option	Install as devDependency
bun	update --exact	option	Install exact version
bun	update --optional	option	Install as optionalDependency
bun	link	subcommand	Run without an argument to register this package to the global package registry. Uses the name field from package.json
bun	link --save	option	Save to package.json
bun	unlink	subcommand	Unlink this package from the global package registry
bun	upgrade	subcommand	Get the latest version of bun
bun	upgrade --canary	option	Install the latest canary release
bun	test	subcommand	Run unit tests with Bun
bun	test -h	option	Display this help and exit
bun	test -b	option	Force a script or package to use Bun's runtime instead of Node.js (via symlinking node)
bun	test --cwd	option	
bun	test -c	option	Load config (bunfig.toml)
bun	test --extension-order	option	
bun	test --jsx-factory	option	Changes the function called when compiling JSX elements using the classic JSX runtime
bun	test --jsx-fragment	option	Changes the function called when compiling JSX fragments
bun	test --jsx-import-source	option	Declares the module specifier to be used for importing the jsx and jsxs factory functions. Default: "react"
bun	test --jsx-runtime	option	"automatic" (default) or "classic"
bun	test -r	option	
bun	test --main-fields	option	
bun	test --no-summary	option	Don't print a summary (when generating .bun)
bun	test -v	option	Print version and exit
bun	test --revision	option	Print version with revision and exit
bun	test --tsconfig-override	option	
bun	test -d	option	
bun	test -e	option	
bun	test -l	option	
bun	test -u	option	
bun	test -p	option	
bun	test --smol	option	Use less memory, but run garbage collection more often
bun	test --minify	option	Minify (experimental)
bun	test --minify-syntax	option	Minify syntax and inline data (experimental)
bun	test --minify-whitespace	option	Minify whitespace (experimental)
bun	test --minify-identifiers	option	Minify identifiers
bun	test --no-macros	option	Disable macros from being executed in the bundler, transpiler and runtime
bun	test --target	option	Target environment
bun	test --inspect	option	Activate Bun's debugger for a file
bun	test --inspect-wait	option	Activate Bun's Debugger, wait for a connection before executing
bun	test --inspect-brk	option	Activate Bun's Debugger, set breakpoint on first line of code and wait
bun	test --if-present	option	Exit if the entrypoint does not exist
bun	test --hot	option	Enable auto reload in the Bun runtime, test runner, or bundler
bun	test --watch	option	Automatically restart the process on file change
bun	test --no-install	option	Disable auto install in the Bun runtime
bun	test -i	option	Automatically install dependencies and use global cache in Bun's runtime, equivalent to --install=fallback
bun	test --install	option	
bun	test --prefer-offline	option	Skip staleness checks for packages in the Bun runtime and resolve from disk
bun	test --prefer-latest	option	Use the latest matching versions of packages in the Bun runtime, always checking npm
bun	test --silent	option	Don't repeat the command for bun run
bun	test --timeout	option	Set the per-test timeout in milliseconds, default is 5000
bun	test --update-snapshots	option	Update snapshot files
bun	test --rerun-each	option	Re-run each test file <NUMBER> times, helps catch certain bugs
bun	test --only	option	Only run tests that are marked with "test.only()"
bun	test --todo	option	Include tests that are marked with "test.todo()"
bun	test --coverage	option	Generate a coverage profile
bun	test --bail	option	Exit the test suite after <NUMBER> failures. If you do not specify a number, it defaults to 1
bun	test -t	option	Run only tests with a name that matches the given regex
bun	test --dump-environment-variables	option	Dump environment variables from .env and process as JSON and quit. Useful for debugging
bun	test --dump-limits	option	Dump system limits. Useful for debugging
bun	pm	subcommand	Set of utilities for working with Bun's package manager
bun	pm bin	option	Print the path to bin folder
bun	pm cache	option	Print the path to the cache folder
bun	pm hash	option	Generate & print the hash of the current lockfile
bun	pm hash-print	option	Print the hash stored in the current lockfile
bun	pm hash-string	option	Print the string used to hash the lockfile
bun	pm ls	option	List the dependency tree according to the current lockfile
bun	completions	subcommand	Install shell completions
bun	discord	subcommand	Open bun's Discord server
bun	help	subcommand	Print the help menu
bun	x	subcommand	Run an npx command
bun	repl	subcommand	Run a REPL (read eval print loop) with the Bun runtime.(experimental)
bun	init	subcommand	Initialize a new bun project
bun	init -y	option	Answer yes to all prompts
bun	--inspect	option	Activate Bun's debugger for a file
bun	--inspect-wait	option	Activate Bun's Debugger, wait for a connection before executing
bun	--inspect-brk	option	Activate Bun's Debugger, set breakpoint on first line of code and wait
bun	--hot	option	Enable auto reload in the Bun runtime, test runner, or bundler
bun	--watch	option	Automatically restart the process on file change
yarn	add	subcommand	Installs a package and any packages that it depends on
yarn	add -s	option	Skip Yarn console logs
yarn	add --no-default-rc	option	Prevent Yarn from automatically detecting yarnrc and npmrc files
yarn	add --use-yarnrc	option	Specifies a yarnrc file that Yarn should use (.yarnrc only, not .npmrc) (default: )
yarn	add --verbose	option	Output verbose messages on internal operations
yarn	add --offline	option	Trigger an error if any required dependencies are not available in local cache
yarn	add --prefer-offline	option	Use network only if dependencies are not available in local cache
yarn	add --enable-pnp	option	Enable the Plug'n'Play installation
yarn	add --json	option	Format Yarn log messages as lines of JSON
yarn	add --ignore-scripts	option	Don't run lifecycle scripts
yarn	add --har	option	Save HAR output of network traffic
yarn	add --ignore-platform	option	Ignore platform checks
yarn	add --ignore-engines	option	Ignore engines check
yarn	add --ignore-optional	option	Ignore optional dependencies
yarn	add --force	option	Install and build packages even if they were built before, overwrite lockfile
yarn	add --skip-integrity-check	option	Run install without checking if node_modules is installed
yarn	add --check-files	option	Install will verify file tree of packages for consistency
yarn	add --no-bin-links	option	Don't generate bin links when setting up packages
yarn	add --flat	option	Only allow one version of a package
yarn	add --prod	option	Instruct Yarn to ignore NODE_ENV and take its production-or-not status from this flag instead
yarn	add --no-lockfile	option	Don't read or generate a lockfile
yarn	add --pure-lockfile	option	Don't generate a lockfile
yarn	add --frozen-lockfile	option	Don't generate a lockfile and fail if an update is needed
yarn	add --update-checksums	option	Update package checksums from current repository
yarn	add --link-duplicates	option	Create hardlinks to the repeated modules in node_modules
yarn	add --link-folder	option	Specify a custom folder to store global links
yarn	add --global-folder	option	Specify a custom folder to store global packages
yarn	add --modules-folder	option	Rather than installing modules into the node_modules folder relative to the cwd, output them here
yarn	add --preferred-cache-folder	option	Specify a custom folder to store the yarn cache if possible
yarn	add --cache-folder	option	Specify a custom folder that must be used to store the yarn cache
yarn	add --mutex	option	Use a mutex to ensure only one yarn instance is executing
yarn	add --emoji	option	Enables emoji in output
yarn	add --cwd	option	Working directory to use
yarn	add --proxy	option	
yarn	add --registry	option	Override configuration registry
yarn	add --no-progress	option	Disable progress bar
yarn	add --network-concurrency	option	Maximum number of concurrent network requests
yarn	add --network-timeout	option	TCP timeout for network requests
yarn	add --non-interactive	option	Do not show interactive prompts
yarn	add --scripts-prepend-node-path	option	Prepend the node executable dir to the PATH in scripts
yarn	add --no-node-version-check	option	Do not warn when using a potentially unsupported Node version
yarn	add --focus	option	Focus on a single workspace by installing remote copies of its sibling workspaces
yarn	add --otp	option	One-time password for two factor authentication
yarn	add -W	option	Required to run yarn add inside a workspace root
yarn	add -D	option	Save package to your `devDependencies`
yarn	add -P	option	Save package to your `peerDependencies`
yarn	add -O	option	Save package to your `optionalDependencies`
yarn	add -E	option	Install exact version
yarn	add -T	option	Install most recent release with the same minor version
yarn	add -A	option	Run vulnerability audit on installed packages
yarn	add -h	option	Output usage information
yarn	audit	subcommand	Perform a vulnerability audit against the installed packages
yarn	audit --summary	option	Only print the summary
yarn	audit --groups	option	Only audit dependencies from listed groups. Default: devDependencies, dependencies, optionalDependencies
yarn	audit --level	option	Only print advisories with severity greater than or equal to one of the following: info|low|moderate|high|critical. Defa
yarn	audit -h	option	Output usage information
yarn	autoclean	subcommand	Cleans and removes unnecessary files from package dependencies
yarn	autoclean -h	option	Output usage information
yarn	autoclean -i	option	Creates the .yarnclean file if it does not exist, and adds the default entries
yarn	autoclean -f	option	If a .yarnclean file exists, run the clean process
yarn	bin	subcommand	Displays the location of the yarn bin folder
yarn	bin -h	option	Output usage information
yarn	cache	subcommand	Yarn cache list will print out every cached package
yarn	cache clean	subcommand	Clear global cache
yarn	cache dir	subcommand	Print yarn’s global cache path
yarn	cache list	subcommand	Print out every cached package
yarn	cache list --pattern	option	Filter cached packages by pattern
yarn	cache -s	option	Skip Yarn console logs
yarn	cache --no-default-rc	option	Prevent Yarn from automatically detecting yarnrc and npmrc files
yarn	cache --use-yarnrc	option	Specifies a yarnrc file that Yarn should use (.yarnrc only, not .npmrc) (default: )
yarn	cache --verbose	option	Output verbose messages on internal operations
yarn	cache --offline	option	Trigger an error if any required dependencies are not available in local cache
yarn	cache --prefer-offline	option	Use network only if dependencies are not available in local cache
yarn	cache --enable-pnp	option	Enable the Plug'n'Play installation
yarn	cache --json	option	Format Yarn log messages as lines of JSON
yarn	cache --ignore-scripts	option	Don't run lifecycle scripts
yarn	cache --har	option	Save HAR output of network traffic
yarn	cache --ignore-platform	option	Ignore platform checks
yarn	cache --ignore-engines	option	Ignore engines check
yarn	cache --ignore-optional	option	Ignore optional dependencies
yarn	cache --force	option	Install and build packages even if they were built before, overwrite lockfile
yarn	cache --skip-integrity-check	option	Run install without checking if node_modules is installed
yarn	cache --check-files	option	Install will verify file tree of packages for consistency
yarn	cache --no-bin-links	option	Don't generate bin links when setting up packages
yarn	cache --flat	option	Only allow one version of a package
yarn	cache --prod	option	Instruct Yarn to ignore NODE_ENV and take its production-or-not status from this flag instead
yarn	cache --no-lockfile	option	Don't read or generate a lockfile
yarn	cache --pure-lockfile	option	Don't generate a lockfile
yarn	cache --frozen-lockfile	option	Don't generate a lockfile and fail if an update is needed
yarn	cache --update-checksums	option	Update package checksums from current repository
yarn	cache --link-duplicates	option	Create hardlinks to the repeated modules in node_modules
yarn	cache --link-folder	option	Specify a custom folder to store global links
yarn	cache --global-folder	option	Specify a custom folder to store global packages
yarn	cache --modules-folder	option	Rather than installing modules into the node_modules folder relative to the cwd, output them here
yarn	cache --preferred-cache-folder	option	Specify a custom folder to store the yarn cache if possible
yarn	cache --cache-folder	option	Specify a custom folder that must be used to store the yarn cache
yarn	cache --mutex	option	Use a mutex to ensure only one yarn instance is executing
yarn	cache --emoji	option	Enables emoji in output
yarn	cache --cwd	option	Working directory to use
yarn	cache --proxy	option	
yarn	cache --registry	option	Override configuration registry
yarn	cache --no-progress	option	Disable progress bar
yarn	cache --network-concurrency	option	Maximum number of concurrent network requests
yarn	cache --network-timeout	option	TCP timeout for network requests
yarn	cache --non-interactive	option	Do not show interactive prompts
yarn	cache --scripts-prepend-node-path	option	Prepend the node executable dir to the PATH in scripts
yarn	cache --no-node-version-check	option	Do not warn when using a potentially unsupported Node version
yarn	cache --focus	option	Focus on a single workspace by installing remote copies of its sibling workspaces
yarn	cache --otp	option	One-time password for two factor authentication
yarn	cache -h	option	Output usage information
yarn	config	subcommand	Configure yarn
yarn	config set	subcommand	Sets the config key to a certain value
yarn	config set -g	option	Set global config
yarn	config get	subcommand	Print the value for a given key
yarn	config delete	subcommand	Deletes a given key from the config
yarn	config list	subcommand	Displays the current configuration
yarn	config -h	option	Output usage information
yarn	create	subcommand	Creates new projects from any create-* starter kits
yarn	create -s	option	Skip Yarn console logs
yarn	create --no-default-rc	option	Prevent Yarn from automatically detecting yarnrc and npmrc files
yarn	create --use-yarnrc	option	Specifies a yarnrc file that Yarn should use (.yarnrc only, not .npmrc) (default: )
yarn	create --verbose	option	Output verbose messages on internal operations
yarn	create --offline	option	Trigger an error if any required dependencies are not available in local cache
yarn	create --prefer-offline	option	Use network only if dependencies are not available in local cache
yarn	create --enable-pnp	option	Enable the Plug'n'Play installation
yarn	create --json	option	Format Yarn log messages as lines of JSON
yarn	create --ignore-scripts	option	Don't run lifecycle scripts
yarn	create --har	option	Save HAR output of network traffic
yarn	create --ignore-platform	option	Ignore platform checks
yarn	create --ignore-engines	option	Ignore engines check
yarn	create --ignore-optional	option	Ignore optional dependencies
yarn	create --force	option	Install and build packages even if they were built before, overwrite lockfile
yarn	create --skip-integrity-check	option	Run install without checking if node_modules is installed
yarn	create --check-files	option	Install will verify file tree of packages for consistency
yarn	create --no-bin-links	option	Don't generate bin links when setting up packages
yarn	create --flat	option	Only allow one version of a package
yarn	create --prod	option	Instruct Yarn to ignore NODE_ENV and take its production-or-not status from this flag instead
yarn	create --no-lockfile	option	Don't read or generate a lockfile
yarn	create --pure-lockfile	option	Don't generate a lockfile
yarn	create --frozen-lockfile	option	Don't generate a lockfile and fail if an update is needed
yarn	create --update-checksums	option	Update package checksums from current repository
yarn	create --link-duplicates	option	Create hardlinks to the repeated modules in node_modules
yarn	create --link-folder	option	Specify a custom folder to store global links
yarn	create --global-folder	option	Specify a custom folder to store global packages
yarn	create --modules-folder	option	Rather than installing modules into the node_modules folder relative to the cwd, output them here
yarn	create --preferred-cache-folder	option	Specify a custom folder to store the yarn cache if possible
yarn	create --cache-folder	option	Specify a custom folder that must be used to store the yarn cache
yarn	create --mutex	option	Use a mutex to ensure only one yarn instance is executing
yarn	create --emoji	option	Enables emoji in output
yarn	create --cwd	option	Working directory to use
yarn	create --proxy	option	
yarn	create --registry	option	Override configuration registry
yarn	create --no-progress	option	Disable progress bar
yarn	create --network-concurrency	option	Maximum number of concurrent network requests
yarn	create --network-timeout	option	TCP timeout for network requests
yarn	create --non-interactive	option	Do not show interactive prompts
yarn	create --scripts-prepend-node-path	option	Prepend the node executable dir to the PATH in scripts
yarn	create --no-node-version-check	option	Do not warn when using a potentially unsupported Node version
yarn	create --focus	option	Focus on a single workspace by installing remote copies of its sibling workspaces
yarn	create --otp	option	One-time password for two factor authentication
yarn	create -h	option	Output usage information
yarn	exec	subcommand	
yarn	exec -h	option	Output usage information
yarn	generate-lock-entry	subcommand	Generates a lock file entry
yarn	generate-lock-entry --use-manifest	option	Specify which manifest file to use for generating lock entry
yarn	generate-lock-entry --resolved	option	Generate from <*.tgz>#<hash>
yarn	generate-lock-entry -h	option	Output usage information
yarn	global	subcommand	Manage yarn globally
yarn	global add	subcommand	Install globally packages on your operating system
yarn	global bin	subcommand	Displays the location of the yarn global bin folder
yarn	global dir	subcommand	Displays the location of the global installation folder
yarn	global ls	subcommand	List globally installed packages (deprecated)
yarn	global list	subcommand	List globally installed packages
yarn	global remove	subcommand	Remove globally installed packages
yarn	global remove -s	option	Skip Yarn console logs
yarn	global remove --no-default-rc	option	Prevent Yarn from automatically detecting yarnrc and npmrc files
yarn	global remove --use-yarnrc	option	Specifies a yarnrc file that Yarn should use (.yarnrc only, not .npmrc) (default: )
yarn	global remove --verbose	option	Output verbose messages on internal operations
yarn	global remove --offline	option	Trigger an error if any required dependencies are not available in local cache
yarn	global remove --prefer-offline	option	Use network only if dependencies are not available in local cache
yarn	global remove --enable-pnp	option	Enable the Plug'n'Play installation
yarn	global remove --json	option	Format Yarn log messages as lines of JSON
yarn	global remove --ignore-scripts	option	Don't run lifecycle scripts
yarn	global remove --har	option	Save HAR output of network traffic
yarn	global remove --ignore-platform	option	Ignore platform checks
yarn	global remove --ignore-engines	option	Ignore engines check
yarn	global remove --ignore-optional	option	Ignore optional dependencies
yarn	global remove --force	option	Install and build packages even if they were built before, overwrite lockfile
yarn	global remove --skip-integrity-check	option	Run install without checking if node_modules is installed
yarn	global remove --check-files	option	Install will verify file tree of packages for consistency
yarn	global remove --no-bin-links	option	Don't generate bin links when setting up packages
yarn	global remove --flat	option	Only allow one version of a package
yarn	global remove --prod	option	Instruct Yarn to ignore NODE_ENV and take its production-or-not status from this flag instead
yarn	global remove --no-lockfile	option	Don't read or generate a lockfile
yarn	global remove --pure-lockfile	option	Don't generate a lockfile
yarn	global remove --frozen-lockfile	option	Don't generate a lockfile and fail if an update is needed
yarn	global remove --update-checksums	option	Update package checksums from current repository
yarn	global remove --link-duplicates	option	Create hardlinks to the repeated modules in node_modules
yarn	global remove --link-folder	option	Specify a custom folder to store global links
yarn	global remove --global-folder	option	Specify a custom folder to store global packages
yarn	global remove --modules-folder	option	Rather than installing modules into the node_modules folder relative to the cwd, output them here
yarn	global remove --preferred-cache-folder	option	Specify a custom folder to store the yarn cache if possible
yarn	global remove --cache-folder	option	Specify a custom folder that must be used to store the yarn cache
yarn	global remove --mutex	option	Use a mutex to ensure only one yarn instance is executing
yarn	global remove --emoji	option	Enables emoji in output
yarn	global remove --cwd	option	Working directory to use
yarn	global remove --proxy	option	
yarn	global remove --registry	option	Override configuration registry
yarn	global remove --no-progress	option	Disable progress bar
yarn	global remove --network-concurrency	option	Maximum number of concurrent network requests
yarn	global remove --network-timeout	option	TCP timeout for network requests
yarn	global remove --non-interactive	option	Do not show interactive prompts
yarn	global remove --scripts-prepend-node-path	option	Prepend the node executable dir to the PATH in scripts
yarn	global remove --no-node-version-check	option	Do not warn when using a potentially unsupported Node version
yarn	global remove --focus	option	Focus on a single workspace by installing remote copies of its sibling workspaces
yarn	global remove --otp	option	One-time password for two factor authentication
yarn	global remove -W	option	Required to run yarn remove inside a workspace root
yarn	global remove -h	option	Output usage information
yarn	global upgrade	subcommand	Upgrade globally installed packages
yarn	global upgrade -s	option	Skip Yarn console logs
yarn	global upgrade --no-default-rc	option	Prevent Yarn from automatically detecting yarnrc and npmrc files
yarn	global upgrade --use-yarnrc	option	Specifies a yarnrc file that Yarn should use (.yarnrc only, not .npmrc) (default: )
yarn	global upgrade --verbose	option	Output verbose messages on internal operations
yarn	global upgrade --offline	option	Trigger an error if any required dependencies are not available in local cache
yarn	global upgrade --prefer-offline	option	Use network only if dependencies are not available in local cache
yarn	global upgrade --enable-pnp	option	Enable the Plug'n'Play installation
yarn	global upgrade --json	option	Format Yarn log messages as lines of JSON
yarn	global upgrade --ignore-scripts	option	Don't run lifecycle scripts
yarn	global upgrade --har	option	Save HAR output of network traffic
yarn	global upgrade --ignore-platform	option	Ignore platform checks
yarn	global upgrade --ignore-engines	option	Ignore engines check
yarn	global upgrade --ignore-optional	option	Ignore optional dependencies
yarn	global upgrade --force	option	Install and build packages even if they were built before, overwrite lockfile
yarn	global upgrade --skip-integrity-check	option	Run install without checking if node_modules is installed
yarn	global upgrade --check-files	option	Install will verify file tree of packages for consistency
yarn	global upgrade --no-bin-links	option	Don't generate bin links when setting up packages
yarn	global upgrade --flat	option	Only allow one version of a package
yarn	global upgrade --prod	option	Instruct Yarn to ignore NODE_ENV and take its production-or-not status from this flag instead
yarn	global upgrade --no-lockfile	option	Don't read or generate a lockfile
yarn	global upgrade --pure-lockfile	option	Don't generate a lockfile
yarn	global upgrade --frozen-lockfile	option	Don't generate a lockfile and fail if an update is needed
yarn	global upgrade --update-checksums	option	Update package checksums from current repository
yarn	global upgrade --link-duplicates	option	Create hardlinks to the repeated modules in node_modules
yarn	global upgrade --link-folder	option	Specify a custom folder to store global links
yarn	global upgrade --global-folder	option	Specify a custom folder to store global packages
yarn	global upgrade --modules-folder	option	Rather than installing modules into the node_modules folder relative to the cwd, output them here
yarn	global upgrade --preferred-cache-folder	option	Specify a custom folder to store the yarn cache if possible
yarn	global upgrade --cache-folder	option	Specify a custom folder that must be used to store the yarn cache
yarn	global upgrade --mutex	option	Use a mutex to ensure only one yarn instance is executing
yarn	global upgrade --emoji	option	Enables emoji in output
yarn	global upgrade --cwd	option	Working directory to use
yarn	global upgrade --proxy	option	
yarn	global upgrade --registry	option	Override configuration registry
yarn	global upgrade --no-progress	option	Disable progress bar
yarn	global upgrade --network-concurrency	option	Maximum number of concurrent network requests
yarn	global upgrade --network-timeout	option	TCP timeout for network requests
yarn	global upgrade --non-interactive	option	Do not show interactive prompts
yarn	global upgrade --scripts-prepend-node-path	option	Prepend the node executable dir to the PATH in scripts
yarn	global upgrade --no-node-version-check	option	Do not warn when using a potentially unsupported Node version
yarn	global upgrade --focus	option	Focus on a single workspace by installing remote copies of its sibling workspaces
yarn	global upgrade --otp	option	One-time password for two factor authentication
yarn	global upgrade -S	option	Upgrade packages under the specified scope
yarn	global upgrade -L	option	List the latest version of packages
yarn	global upgrade -E	option	Install exact version. Only used when --latest is specified
yarn	global upgrade -P	option	Upgrade packages that match pattern
yarn	global upgrade -T	option	Install most recent release with the same minor version. Only used when --latest is specified
yarn	global upgrade -C	option	Install most recent release with the same major version. Only used when --latest is specified
yarn	global upgrade -A	option	Run vulnerability audit on installed packages
yarn	global upgrade -h	option	Output usage information
yarn	global upgrade-interactive	subcommand	Display the outdated packages before performing any upgrade
yarn	global upgrade-interactive --latest	option	Use the version tagged latest in the registry
yarn	global -s	option	Skip Yarn console logs
yarn	global --no-default-rc	option	Prevent Yarn from automatically detecting yarnrc and npmrc files
yarn	global --use-yarnrc	option	Specifies a yarnrc file that Yarn should use (.yarnrc only, not .npmrc) (default: )
yarn	global --verbose	option	Output verbose messages on internal operations
yarn	global --offline	option	Trigger an error if any required dependencies are not available in local cache
yarn	global --prefer-offline	option	Use network only if dependencies are not available in local cache
yarn	global --enable-pnp	option	Enable the Plug'n'Play installation
yarn	global --json	option	Format Yarn log messages as lines of JSON
yarn	global --ignore-scripts	option	Don't run lifecycle scripts
yarn	global --har	option	Save HAR output of network traffic
yarn	global --ignore-platform	option	Ignore platform checks
yarn	global --ignore-engines	option	Ignore engines check
yarn	global --ignore-optional	option	Ignore optional dependencies
yarn	global --force	option	Install and build packages even if they were built before, overwrite lockfile
yarn	global --skip-integrity-check	option	Run install without checking if node_modules is installed
yarn	global --check-files	option	Install will verify file tree of packages for consistency
yarn	global --no-bin-links	option	Don't generate bin links when setting up packages
yarn	global --flat	option	Only allow one version of a package
yarn	global --prod	option	Instruct Yarn to ignore NODE_ENV and take its production-or-not status from this flag instead
yarn	global --no-lockfile	option	Don't read or generate a lockfile
yarn	global --pure-lockfile	option	Don't generate a lockfile
yarn	global --frozen-lockfile	option	Don't generate a lockfile and fail if an update is needed
yarn	global --update-checksums	option	Update package checksums from current repository
yarn	global --link-duplicates	option	Create hardlinks to the repeated modules in node_modules
yarn	global --link-folder	option	Specify a custom folder to store global links
yarn	global --global-folder	option	Specify a custom folder to store global packages
yarn	global --modules-folder	option	Rather than installing modules into the node_modules folder relative to the cwd, output them here
yarn	global --preferred-cache-folder	option	Specify a custom folder to store the yarn cache if possible
yarn	global --cache-folder	option	Specify a custom folder that must be used to store the yarn cache
yarn	global --mutex	option	Use a mutex to ensure only one yarn instance is executing
yarn	global --emoji	option	Enables emoji in output
yarn	global --cwd	option	Working directory to use
yarn	global --proxy	option	
yarn	global --registry	option	Override configuration registry
yarn	global --no-progress	option	Disable progress bar
yarn	global --network-concurrency	option	Maximum number of concurrent network requests
yarn	global --network-timeout	option	TCP timeout for network requests
yarn	global --non-interactive	option	Do not show interactive prompts
yarn	global --scripts-prepend-node-path	option	Prepend the node executable dir to the PATH in scripts
yarn	global --no-node-version-check	option	Do not warn when using a potentially unsupported Node version
yarn	global --focus	option	Focus on a single workspace by installing remote copies of its sibling workspaces
yarn	global --otp	option	One-time password for two factor authentication
yarn	global --prefix	option	Bin prefix to use to install binaries
yarn	global --latest	option	Bin prefix to use to install binaries
yarn	global -h	option	Output usage information
yarn	help	subcommand	Output usage information
yarn	import	subcommand	Generates yarn.lock from an npm package-lock.json file
yarn	info	subcommand	Show information about a package
yarn	init	subcommand	Interactively creates or updates a package.json file
yarn	init -s	option	Skip Yarn console logs
yarn	init --no-default-rc	option	Prevent Yarn from automatically detecting yarnrc and npmrc files
yarn	init --use-yarnrc	option	Specifies a yarnrc file that Yarn should use (.yarnrc only, not .npmrc) (default: )
yarn	init --verbose	option	Output verbose messages on internal operations
yarn	init --offline	option	Trigger an error if any required dependencies are not available in local cache
yarn	init --prefer-offline	option	Use network only if dependencies are not available in local cache
yarn	init --enable-pnp	option	Enable the Plug'n'Play installation
yarn	init --json	option	Format Yarn log messages as lines of JSON
yarn	init --ignore-scripts	option	Don't run lifecycle scripts
yarn	init --har	option	Save HAR output of network traffic
yarn	init --ignore-platform	option	Ignore platform checks
yarn	init --ignore-engines	option	Ignore engines check
yarn	init --ignore-optional	option	Ignore optional dependencies
yarn	init --force	option	Install and build packages even if they were built before, overwrite lockfile
yarn	init --skip-integrity-check	option	Run install without checking if node_modules is installed
yarn	init --check-files	option	Install will verify file tree of packages for consistency
yarn	init --no-bin-links	option	Don't generate bin links when setting up packages
yarn	init --flat	option	Only allow one version of a package
yarn	init --prod	option	Instruct Yarn to ignore NODE_ENV and take its production-or-not status from this flag instead
yarn	init --no-lockfile	option	Don't read or generate a lockfile
yarn	init --pure-lockfile	option	Don't generate a lockfile
yarn	init --frozen-lockfile	option	Don't generate a lockfile and fail if an update is needed
yarn	init --update-checksums	option	Update package checksums from current repository
yarn	init --link-duplicates	option	Create hardlinks to the repeated modules in node_modules
yarn	init --link-folder	option	Specify a custom folder to store global links
yarn	init --global-folder	option	Specify a custom folder to store global packages
yarn	init --modules-folder	option	Rather than installing modules into the node_modules folder relative to the cwd, output them here
yarn	init --preferred-cache-folder	option	Specify a custom folder to store the yarn cache if possible
yarn	init --cache-folder	option	Specify a custom folder that must be used to store the yarn cache
yarn	init --mutex	option	Use a mutex to ensure only one yarn instance is executing
yarn	init --emoji	option	Enables emoji in output
yarn	init --cwd	option	Working directory to use
yarn	init --proxy	option	
yarn	init --registry	option	Override configuration registry
yarn	init --no-progress	option	Disable progress bar
yarn	init --network-concurrency	option	Maximum number of concurrent network requests
yarn	init --network-timeout	option	TCP timeout for network requests
yarn	init --non-interactive	option	Do not show interactive prompts
yarn	init --scripts-prepend-node-path	option	Prepend the node executable dir to the PATH in scripts
yarn	init --no-node-version-check	option	Do not warn when using a potentially unsupported Node version
yarn	init --focus	option	Focus on a single workspace by installing remote copies of its sibling workspaces
yarn	init --otp	option	One-time password for two factor authentication
yarn	init -y	option	Use default options
yarn	init -p	option	Use default options and private true
yarn	init -i	option	Install a specific Yarn release
yarn	init -2	option	Generates the project using Yarn 2
yarn	init -h	option	Output usage information
yarn	install	subcommand	Install all the dependencies listed within package.json
yarn	install -s	option	Skip Yarn console logs
yarn	install --no-default-rc	option	Prevent Yarn from automatically detecting yarnrc and npmrc files
yarn	install --use-yarnrc	option	Specifies a yarnrc file that Yarn should use (.yarnrc only, not .npmrc) (default: )
yarn	install --verbose	option	Output verbose messages on internal operations
yarn	install --offline	option	Trigger an error if any required dependencies are not available in local cache
yarn	install --prefer-offline	option	Use network only if dependencies are not available in local cache
yarn	install --enable-pnp	option	Enable the Plug'n'Play installation
yarn	install --json	option	Format Yarn log messages as lines of JSON
yarn	install --ignore-scripts	option	Don't run lifecycle scripts
yarn	install --har	option	Save HAR output of network traffic
yarn	install --ignore-platform	option	Ignore platform checks
yarn	install --ignore-engines	option	Ignore engines check
yarn	install --ignore-optional	option	Ignore optional dependencies
yarn	install --force	option	Install and build packages even if they were built before, overwrite lockfile
yarn	install --skip-integrity-check	option	Run install without checking if node_modules is installed
yarn	install --check-files	option	Install will verify file tree of packages for consistency
yarn	install --no-bin-links	option	Don't generate bin links when setting up packages
yarn	install --flat	option	Only allow one version of a package
yarn	install --prod	option	Instruct Yarn to ignore NODE_ENV and take its production-or-not status from this flag instead
yarn	install --no-lockfile	option	Don't read or generate a lockfile
yarn	install --pure-lockfile	option	Don't generate a lockfile
yarn	install --frozen-lockfile	option	Don't generate a lockfile and fail if an update is needed
yarn	install --update-checksums	option	Update package checksums from current repository
yarn	install --link-duplicates	option	Create hardlinks to the repeated modules in node_modules
yarn	install --link-folder	option	Specify a custom folder to store global links
yarn	install --global-folder	option	Specify a custom folder to store global packages
yarn	install --modules-folder	option	Rather than installing modules into the node_modules folder relative to the cwd, output them here
yarn	install --preferred-cache-folder	option	Specify a custom folder to store the yarn cache if possible
yarn	install --cache-folder	option	Specify a custom folder that must be used to store the yarn cache
yarn	install --mutex	option	Use a mutex to ensure only one yarn instance is executing
yarn	install --emoji	option	Enables emoji in output
yarn	install --cwd	option	Working directory to use
yarn	install --proxy	option	
yarn	install --registry	option	Override configuration registry
yarn	install --no-progress	option	Disable progress bar
yarn	install --network-concurrency	option	Maximum number of concurrent network requests
yarn	install --network-timeout	option	TCP timeout for network requests
yarn	install --non-interactive	option	Do not show interactive prompts
yarn	install --scripts-prepend-node-path	option	Prepend the node executable dir to the PATH in scripts
yarn	install --no-node-version-check	option	Do not warn when using a potentially unsupported Node version
yarn	install --focus	option	Focus on a single workspace by installing remote copies of its sibling workspaces
yarn	install --otp	option	One-time password for two factor authentication
yarn	install -A	option	Run vulnerability audit on installed packages
yarn	install -h	option	Output usage information
yarn	licenses	subcommand	
yarn	licenses list	subcommand	List licenses for installed packages
yarn	licenses generate-disclaimer	subcommand	List of licenses from all the packages
yarn	link	subcommand	Symlink a package folder during development
yarn	link -s	option	Skip Yarn console logs
yarn	link --no-default-rc	option	Prevent Yarn from automatically detecting yarnrc and npmrc files
yarn	link --use-yarnrc	option	Specifies a yarnrc file that Yarn should use (.yarnrc only, not .npmrc) (default: )
yarn	link --verbose	option	Output verbose messages on internal operations
yarn	link --offline	option	Trigger an error if any required dependencies are not available in local cache
yarn	link --prefer-offline	option	Use network only if dependencies are not available in local cache
yarn	link --enable-pnp	option	Enable the Plug'n'Play installation
yarn	link --json	option	Format Yarn log messages as lines of JSON
yarn	link --ignore-scripts	option	Don't run lifecycle scripts
yarn	link --har	option	Save HAR output of network traffic
yarn	link --ignore-platform	option	Ignore platform checks
yarn	link --ignore-engines	option	Ignore engines check
yarn	link --ignore-optional	option	Ignore optional dependencies
yarn	link --force	option	Install and build packages even if they were built before, overwrite lockfile
yarn	link --skip-integrity-check	option	Run install without checking if node_modules is installed
yarn	link --check-files	option	Install will verify file tree of packages for consistency
yarn	link --no-bin-links	option	Don't generate bin links when setting up packages
yarn	link --flat	option	Only allow one version of a package
yarn	link --prod	option	Instruct Yarn to ignore NODE_ENV and take its production-or-not status from this flag instead
yarn	link --no-lockfile	option	Don't read or generate a lockfile
yarn	link --pure-lockfile	option	Don't generate a lockfile
yarn	link --frozen-lockfile	option	Don't generate a lockfile and fail if an update is needed
yarn	link --update-checksums	option	Update package checksums from current repository
yarn	link --link-duplicates	option	Create hardlinks to the repeated modules in node_modules
yarn	link --link-folder	option	Specify a custom folder to store global links
yarn	link --global-folder	option	Specify a custom folder to store global packages
yarn	link --modules-folder	option	Rather than installing modules into the node_modules folder relative to the cwd, output them here
yarn	link --preferred-cache-folder	option	Specify a custom folder to store the yarn cache if possible
yarn	link --cache-folder	option	Specify a custom folder that must be used to store the yarn cache
yarn	link --mutex	option	Use a mutex to ensure only one yarn instance is executing
yarn	link --emoji	option	Enables emoji in output
yarn	link --cwd	option	Working directory to use
yarn	link --proxy	option	
yarn	link --registry	option	Override configuration registry
yarn	link --no-progress	option	Disable progress bar
yarn	link --network-concurrency	option	Maximum number of concurrent network requests
yarn	link --network-timeout	option	TCP timeout for network requests
yarn	link --non-interactive	option	Do not show interactive prompts
yarn	link --scripts-prepend-node-path	option	Prepend the node executable dir to the PATH in scripts
yarn	link --no-node-version-check	option	Do not warn when using a potentially unsupported Node version
yarn	link --focus	option	Focus on a single workspace by installing remote copies of its sibling workspaces
yarn	link --otp	option	One-time password for two factor authentication
yarn	link -h	option	Output usage information
yarn	list	subcommand	Lists all dependencies for the current working directory
yarn	list --depth	option	Restrict the depth of the dependencies
yarn	list --pattern	option	Filter the list of dependencies by the pattern
yarn	login	subcommand	Store registry username and email
yarn	logout	subcommand	Clear registry username and email
yarn	node	subcommand	
yarn	outdated	subcommand	Checks for outdated package dependencies
yarn	outdated -s	option	Skip Yarn console logs
yarn	outdated --no-default-rc	option	Prevent Yarn from automatically detecting yarnrc and npmrc files
yarn	outdated --use-yarnrc	option	Specifies a yarnrc file that Yarn should use (.yarnrc only, not .npmrc) (default: )
yarn	outdated --verbose	option	Output verbose messages on internal operations
yarn	outdated --offline	option	Trigger an error if any required dependencies are not available in local cache
yarn	outdated --prefer-offline	option	Use network only if dependencies are not available in local cache
yarn	outdated --enable-pnp	option	Enable the Plug'n'Play installation
yarn	outdated --json	option	Format Yarn log messages as lines of JSON
yarn	outdated --ignore-scripts	option	Don't run lifecycle scripts
yarn	outdated --har	option	Save HAR output of network traffic
yarn	outdated --ignore-platform	option	Ignore platform checks
yarn	outdated --ignore-engines	option	Ignore engines check
yarn	outdated --ignore-optional	option	Ignore optional dependencies
yarn	outdated --force	option	Install and build packages even if they were built before, overwrite lockfile
yarn	outdated --skip-integrity-check	option	Run install without checking if node_modules is installed
yarn	outdated --check-files	option	Install will verify file tree of packages for consistency
yarn	outdated --no-bin-links	option	Don't generate bin links when setting up packages
yarn	outdated --flat	option	Only allow one version of a package
yarn	outdated --prod	option	Instruct Yarn to ignore NODE_ENV and take its production-or-not status from this flag instead
yarn	outdated --no-lockfile	option	Don't read or generate a lockfile
yarn	outdated --pure-lockfile	option	Don't generate a lockfile
yarn	outdated --frozen-lockfile	option	Don't generate a lockfile and fail if an update is needed
yarn	outdated --update-checksums	option	Update package checksums from current repository
yarn	outdated --link-duplicates	option	Create hardlinks to the repeated modules in node_modules
yarn	outdated --link-folder	option	Specify a custom folder to store global links
yarn	outdated --global-folder	option	Specify a custom folder to store global packages
yarn	outdated --modules-folder	option	Rather than installing modules into the node_modules folder relative to the cwd, output them here
yarn	outdated --preferred-cache-folder	option	Specify a custom folder to store the yarn cache if possible
yarn	outdated --cache-folder	option	Specify a custom folder that must be used to store the yarn cache
yarn	outdated --mutex	option	Use a mutex to ensure only one yarn instance is executing
yarn	outdated --emoji	option	Enables emoji in output
yarn	outdated --cwd	option	Working directory to use
yarn	outdated --proxy	option	
yarn	outdated --registry	option	Override configuration registry
yarn	outdated --no-progress	option	Disable progress bar
yarn	outdated --network-concurrency	option	Maximum number of concurrent network requests
yarn	outdated --network-timeout	option	TCP timeout for network requests
yarn	outdated --non-interactive	option	Do not show interactive prompts
yarn	outdated --scripts-prepend-node-path	option	Prepend the node executable dir to the PATH in scripts
yarn	outdated --no-node-version-check	option	Do not warn when using a potentially unsupported Node version
yarn	outdated --focus	option	Focus on a single workspace by installing remote copies of its sibling workspaces
yarn	outdated --otp	option	One-time password for two factor authentication
yarn	outdated -h	option	Output usage information
yarn	owner	subcommand	Manage package owners
yarn	owner list	subcommand	Lists all of the owners of a package
yarn	owner add	subcommand	Adds the user as an owner of the package
yarn	owner remove	subcommand	Removes the user as an owner of the package
yarn	pack	subcommand	Creates a compressed gzip archive of package dependencies
yarn	pack --filename	option	Creates a compressed gzip archive of package dependencies and names the file filename
yarn	policies	subcommand	Defines project-wide policies for your project
yarn	policies set-version	subcommand	Will download the latest stable release
yarn	policies set-version --rc	option	Download the latest rc release
yarn	publish	subcommand	Publishes a package to the npm registry
yarn	publish -s	option	Skip Yarn console logs
yarn	publish --no-default-rc	option	Prevent Yarn from automatically detecting yarnrc and npmrc files
yarn	publish --use-yarnrc	option	Specifies a yarnrc file that Yarn should use (.yarnrc only, not .npmrc) (default: )
yarn	publish --verbose	option	Output verbose messages on internal operations
yarn	publish --offline	option	Trigger an error if any required dependencies are not available in local cache
yarn	publish --prefer-offline	option	Use network only if dependencies are not available in local cache
yarn	publish --enable-pnp	option	Enable the Plug'n'Play installation
yarn	publish --json	option	Format Yarn log messages as lines of JSON
yarn	publish --ignore-scripts	option	Don't run lifecycle scripts
yarn	publish --har	option	Save HAR output of network traffic
yarn	publish --ignore-platform	option	Ignore platform checks
yarn	publish --ignore-engines	option	Ignore engines check
yarn	publish --ignore-optional	option	Ignore optional dependencies
yarn	publish --force	option	Install and build packages even if they were built before, overwrite lockfile
yarn	publish --skip-integrity-check	option	Run install without checking if node_modules is installed
yarn	publish --check-files	option	Install will verify file tree of packages for consistency
yarn	publish --no-bin-links	option	Don't generate bin links when setting up packages
yarn	publish --flat	option	Only allow one version of a package
yarn	publish --prod	option	Instruct Yarn to ignore NODE_ENV and take its production-or-not status from this flag instead
yarn	publish --no-lockfile	option	Don't read or generate a lockfile
yarn	publish --pure-lockfile	option	Don't generate a lockfile
yarn	publish --frozen-lockfile	option	Don't generate a lockfile and fail if an update is needed
yarn	publish --update-checksums	option	Update package checksums from current repository
yarn	publish --link-duplicates	option	Create hardlinks to the repeated modules in node_modules
yarn	publish --link-folder	option	Specify a custom folder to store global links
yarn	publish --global-folder	option	Specify a custom folder to store global packages
yarn	publish --modules-folder	option	Rather than installing modules into the node_modules folder relative to the cwd, output them here
yarn	publish --preferred-cache-folder	option	Specify a custom folder to store the yarn cache if possible
yarn	publish --cache-folder	option	Specify a custom folder that must be used to store the yarn cache
yarn	publish --mutex	option	Use a mutex to ensure only one yarn instance is executing
yarn	publish --emoji	option	Enables emoji in output
yarn	publish --cwd	option	Working directory to use
yarn	publish --proxy	option	
yarn	publish --registry	option	Override configuration registry
yarn	publish --no-progress	option	Disable progress bar
yarn	publish --network-concurrency	option	Maximum number of concurrent network requests
yarn	publish --network-timeout	option	TCP timeout for network requests
yarn	publish --non-interactive	option	Do not show interactive prompts
yarn	publish --scripts-prepend-node-path	option	Prepend the node executable dir to the PATH in scripts
yarn	publish --no-node-version-check	option	Do not warn when using a potentially unsupported Node version
yarn	publish --focus	option	Focus on a single workspace by installing remote copies of its sibling workspaces
yarn	publish --otp	option	One-time password for two factor authentication
yarn	publish -h	option	Output usage information
yarn	publish --major	option	Auto-increment major version number
yarn	publish --minor	option	Auto-increment minor version number
yarn	publish --patch	option	Auto-increment patch version number
yarn	publish --premajor	option	Auto-increment premajor version number
yarn	publish --preminor	option	Auto-increment preminor version number
yarn	publish --prepatch	option	Auto-increment prepatch version number
yarn	publish --prerelease	option	Auto-increment prerelease version number
yarn	publish --preid	option	Add a custom identifier to the prerelease
yarn	publish --message	option	Message
yarn	publish --no-git-tag-version	option	No git tag version
yarn	publish --no-commit-hooks	option	Bypass git hooks when committing new version
yarn	publish --access	option	Access
yarn	publish --tag	option	Tag
yarn	remove	subcommand	Remove installed package
yarn	remove -s	option	Skip Yarn console logs
yarn	remove --no-default-rc	option	Prevent Yarn from automatically detecting yarnrc and npmrc files
yarn	remove --use-yarnrc	option	Specifies a yarnrc file that Yarn should use (.yarnrc only, not .npmrc) (default: )
yarn	remove --verbose	option	Output verbose messages on internal operations
yarn	remove --offline	option	Trigger an error if any required dependencies are not available in local cache
yarn	remove --prefer-offline	option	Use network only if dependencies are not available in local cache
yarn	remove --enable-pnp	option	Enable the Plug'n'Play installation
yarn	remove --json	option	Format Yarn log messages as lines of JSON
yarn	remove --ignore-scripts	option	Don't run lifecycle scripts
yarn	remove --har	option	Save HAR output of network traffic
yarn	remove --ignore-platform	option	Ignore platform checks
yarn	remove --ignore-engines	option	Ignore engines check
yarn	remove --ignore-optional	option	Ignore optional dependencies
yarn	remove --force	option	Install and build packages even if they were built before, overwrite lockfile
yarn	remove --skip-integrity-check	option	Run install without checking if node_modules is installed
yarn	remove --check-files	option	Install will verify file tree of packages for consistency
yarn	remove --no-bin-links	option	Don't generate bin links when setting up packages
yarn	remove --flat	option	Only allow one version of a package
yarn	remove --prod	option	Instruct Yarn to ignore NODE_ENV and take its production-or-not status from this flag instead
yarn	remove --no-lockfile	option	Don't read or generate a lockfile
yarn	remove --pure-lockfile	option	Don't generate a lockfile
yarn	remove --frozen-lockfile	option	Don't generate a lockfile and fail if an update is needed
yarn	remove --update-checksums	option	Update package checksums from current repository
yarn	remove --link-duplicates	option	Create hardlinks to the repeated modules in node_modules
yarn	remove --link-folder	option	Specify a custom folder to store global links
yarn	remove --global-folder	option	Specify a custom folder to store global packages
yarn	remove --modules-folder	option	Rather than installing modules into the node_modules folder relative to the cwd, output them here
yarn	remove --preferred-cache-folder	option	Specify a custom folder to store the yarn cache if possible
yarn	remove --cache-folder	option	Specify a custom folder that must be used to store the yarn cache
yarn	remove --mutex	option	Use a mutex to ensure only one yarn instance is executing
yarn	remove --emoji	option	Enables emoji in output
yarn	remove --cwd	option	Working directory to use
yarn	remove --proxy	option	
yarn	remove --registry	option	Override configuration registry
yarn	remove --no-progress	option	Disable progress bar
yarn	remove --network-concurrency	option	Maximum number of concurrent network requests
yarn	remove --network-timeout	option	TCP timeout for network requests
yarn	remove --non-interactive	option	Do not show interactive prompts
yarn	remove --scripts-prepend-node-path	option	Prepend the node executable dir to the PATH in scripts
yarn	remove --no-node-version-check	option	Do not warn when using a potentially unsupported Node version
yarn	remove --focus	option	Focus on a single workspace by installing remote copies of its sibling workspaces
yarn	remove --otp	option	One-time password for two factor authentication
yarn	remove -W	option	Required to run yarn remove inside a workspace root
yarn	remove -h	option	Output usage information
yarn	run	subcommand	Runs a defined package script
yarn	run -s	option	Skip Yarn console logs
yarn	run --no-default-rc	option	Prevent Yarn from automatically detecting yarnrc and npmrc files
yarn	run --use-yarnrc	option	Specifies a yarnrc file that Yarn should use (.yarnrc only, not .npmrc) (default: )
yarn	run --verbose	option	Output verbose messages on internal operations
yarn	run --offline	option	Trigger an error if any required dependencies are not available in local cache
yarn	run --prefer-offline	option	Use network only if dependencies are not available in local cache
yarn	run --enable-pnp	option	Enable the Plug'n'Play installation
yarn	run --json	option	Format Yarn log messages as lines of JSON
yarn	run --ignore-scripts	option	Don't run lifecycle scripts
yarn	run --har	option	Save HAR output of network traffic
yarn	run --ignore-platform	option	Ignore platform checks
yarn	run --ignore-engines	option	Ignore engines check
yarn	run --ignore-optional	option	Ignore optional dependencies
yarn	run --force	option	Install and build packages even if they were built before, overwrite lockfile
yarn	run --skip-integrity-check	option	Run install without checking if node_modules is installed
yarn	run --check-files	option	Install will verify file tree of packages for consistency
yarn	run --no-bin-links	option	Don't generate bin links when setting up packages
yarn	run --flat	option	Only allow one version of a package
yarn	run --prod	option	Instruct Yarn to ignore NODE_ENV and take its production-or-not status from this flag instead
yarn	run --no-lockfile	option	Don't read or generate a lockfile
yarn	run --pure-lockfile	option	Don't generate a lockfile
yarn	run --frozen-lockfile	option	Don't generate a lockfile and fail if an update is needed
yarn	run --update-checksums	option	Update package checksums from current repository
yarn	run --link-duplicates	option	Create hardlinks to the repeated modules in node_modules
yarn	run --link-folder	option	Specify a custom folder to store global links
yarn	run --global-folder	option	Specify a custom folder to store global packages
yarn	run --modules-folder	option	Rather than installing modules into the node_modules folder relative to the cwd, output them here
yarn	run --preferred-cache-folder	option	Specify a custom folder to store the yarn cache if possible
yarn	run --cache-folder	option	Specify a custom folder that must be used to store the yarn cache
yarn	run --mutex	option	Use a mutex to ensure only one yarn instance is executing
yarn	run --emoji	option	Enables emoji in output
yarn	run --cwd	option	Working directory to use
yarn	run --proxy	option	
yarn	run --registry	option	Override configuration registry
yarn	run --no-progress	option	Disable progress bar
yarn	run --network-concurrency	option	Maximum number of concurrent network requests
yarn	run --network-timeout	option	TCP timeout for network requests
yarn	run --non-interactive	option	Do not show interactive prompts
yarn	run --scripts-prepend-node-path	option	Prepend the node executable dir to the PATH in scripts
yarn	run --no-node-version-check	option	Do not warn when using a potentially unsupported Node version
yarn	run --focus	option	Focus on a single workspace by installing remote copies of its sibling workspaces
yarn	run --otp	option	One-time password for two factor authentication
yarn	run -h	option	Output usage information
yarn	tag	subcommand	Add, remove, or list tags on a package
yarn	team	subcommand	Maintain team memberships
yarn	team create	subcommand	Create a new team
yarn	team destroy	subcommand	Destroys an existing team
yarn	team add	subcommand	Add a user to an existing team
yarn	team remove	subcommand	Remove a user from a team they belong to
yarn	team list	subcommand	If performed on an organization name, will return a list of existing teams under that organization. If performed on a te
yarn	unlink	subcommand	Unlink a previously created symlink for a package
yarn	unplug	subcommand	
yarn	upgrade	subcommand	Upgrades packages to their latest version based on the specified range
yarn	upgrade -s	option	Skip Yarn console logs
yarn	upgrade --no-default-rc	option	Prevent Yarn from automatically detecting yarnrc and npmrc files
yarn	upgrade --use-yarnrc	option	Specifies a yarnrc file that Yarn should use (.yarnrc only, not .npmrc) (default: )
yarn	upgrade --verbose	option	Output verbose messages on internal operations
yarn	upgrade --offline	option	Trigger an error if any required dependencies are not available in local cache
yarn	upgrade --prefer-offline	option	Use network only if dependencies are not available in local cache
yarn	upgrade --enable-pnp	option	Enable the Plug'n'Play installation
yarn	upgrade --json	option	Format Yarn log messages as lines of JSON
yarn	upgrade --ignore-scripts	option	Don't run lifecycle scripts
yarn	upgrade --har	option	Save HAR output of network traffic
yarn	upgrade --ignore-platform	option	Ignore platform checks
yarn	upgrade --ignore-engines	option	Ignore engines check
yarn	upgrade --ignore-optional	option	Ignore optional dependencies
yarn	upgrade --force	option	Install and build packages even if they were built before, overwrite lockfile
yarn	upgrade --skip-integrity-check	option	Run install without checking if node_modules is installed
yarn	upgrade --check-files	option	Install will verify file tree of packages for consistency
yarn	upgrade --no-bin-links	option	Don't generate bin links when setting up packages
yarn	upgrade --flat	option	Only allow one version of a package
yarn	upgrade --prod	option	Instruct Yarn to ignore NODE_ENV and take its production-or-not status from this flag instead
yarn	upgrade --no-lockfile	option	Don't read or generate a lockfile
yarn	upgrade --pure-lockfile	option	Don't generate a lockfile
yarn	upgrade --frozen-lockfile	option	Don't generate a lockfile and fail if an update is needed
yarn	upgrade --update-checksums	option	Update package checksums from current repository
yarn	upgrade --link-duplicates	option	Create hardlinks to the repeated modules in node_modules
yarn	upgrade --link-folder	option	Specify a custom folder to store global links
yarn	upgrade --global-folder	option	Specify a custom folder to store global packages
yarn	upgrade --modules-folder	option	Rather than installing modules into the node_modules folder relative to the cwd, output them here
yarn	upgrade --preferred-cache-folder	option	Specify a custom folder to store the yarn cache if possible
yarn	upgrade --cache-folder	option	Specify a custom folder that must be used to store the yarn cache
yarn	upgrade --mutex	option	Use a mutex to ensure only one yarn instance is executing
yarn	upgrade --emoji	option	Enables emoji in output
yarn	upgrade --cwd	option	Working directory to use
yarn	upgrade --proxy	option	
yarn	upgrade --registry	option	Override configuration registry
yarn	upgrade --no-progress	option	Disable progress bar
yarn	upgrade --network-concurrency	option	Maximum number of concurrent network requests
yarn	upgrade --network-timeout	option	TCP timeout for network requests
yarn	upgrade --non-interactive	option	Do not show interactive prompts
yarn	upgrade --scripts-prepend-node-path	option	Prepend the node executable dir to the PATH in scripts
yarn	upgrade --no-node-version-check	option	Do not warn when using a potentially unsupported Node version
yarn	upgrade --focus	option	Focus on a single workspace by installing remote copies of its sibling workspaces
yarn	upgrade --otp	option	One-time password for two factor authentication
yarn	upgrade -S	option	Upgrade packages under the specified scope
yarn	upgrade -L	option	List the latest version of packages
yarn	upgrade -E	option	Install exact version. Only used when --latest is specified
yarn	upgrade -P	option	Upgrade packages that match pattern
yarn	upgrade -T	option	Install most recent release with the same minor version. Only used when --latest is specified
yarn	upgrade -C	option	Install most recent release with the same major version. Only used when --latest is specified
yarn	upgrade -A	option	Run vulnerability audit on installed packages
yarn	upgrade -h	option	Output usage information
yarn	upgrade-interactive	subcommand	Upgrades packages in interactive mode
yarn	upgrade-interactive --latest	option	Use the version tagged latest in the registry
yarn	version	subcommand	Update version of your package
yarn	version -s	option	Skip Yarn console logs
yarn	version --no-default-rc	option	Prevent Yarn from automatically detecting yarnrc and npmrc files
yarn	version --use-yarnrc	option	Specifies a yarnrc file that Yarn should use (.yarnrc only, not .npmrc) (default: )
yarn	version --verbose	option	Output verbose messages on internal operations
yarn	version --offline	option	Trigger an error if any required dependencies are not available in local cache
yarn	version --prefer-offline	option	Use network only if dependencies are not available in local cache
yarn	version --enable-pnp	option	Enable the Plug'n'Play installation
yarn	version --json	option	Format Yarn log messages as lines of JSON
yarn	version --ignore-scripts	option	Don't run lifecycle scripts
yarn	version --har	option	Save HAR output of network traffic
yarn	version --ignore-platform	option	Ignore platform checks
yarn	version --ignore-engines	option	Ignore engines check
yarn	version --ignore-optional	option	Ignore optional dependencies
yarn	version --force	option	Install and build packages even if they were built before, overwrite lockfile
yarn	version --skip-integrity-check	option	Run install without checking if node_modules is installed
yarn	version --check-files	option	Install will verify file tree of packages for consistency
yarn	version --no-bin-links	option	Don't generate bin links when setting up packages
yarn	version --flat	option	Only allow one version of a package
yarn	version --prod	option	Instruct Yarn to ignore NODE_ENV and take its production-or-not status from this flag instead
yarn	version --no-lockfile	option	Don't read or generate a lockfile
yarn	version --pure-lockfile	option	Don't generate a lockfile
yarn	version --frozen-lockfile	option	Don't generate a lockfile and fail if an update is needed
yarn	version --update-checksums	option	Update package checksums from current repository
yarn	version --link-duplicates	option	Create hardlinks to the repeated modules in node_modules
yarn	version --link-folder	option	Specify a custom folder to store global links
yarn	version --global-folder	option	Specify a custom folder to store global packages
yarn	version --modules-folder	option	Rather than installing modules into the node_modules folder relative to the cwd, output them here
yarn	version --preferred-cache-folder	option	Specify a custom folder to store the yarn cache if possible
yarn	version --cache-folder	option	Specify a custom folder that must be used to store the yarn cache
yarn	version --mutex	option	Use a mutex to ensure only one yarn instance is executing
yarn	version --emoji	option	Enables emoji in output
yarn	version --cwd	option	Working directory to use
yarn	version --proxy	option	
yarn	version --registry	option	Override configuration registry
yarn	version --no-progress	option	Disable progress bar
yarn	version --network-concurrency	option	Maximum number of concurrent network requests
yarn	version --network-timeout	option	TCP timeout for network requests
yarn	version --non-interactive	option	Do not show interactive prompts
yarn	version --scripts-prepend-node-path	option	Prepend the node executable dir to the PATH in scripts
yarn	version --no-node-version-check	option	Do not warn when using a potentially unsupported Node version
yarn	version --focus	option	Focus on a single workspace by installing remote copies of its sibling workspaces
yarn	version --otp	option	One-time password for two factor authentication
yarn	version -h	option	Output usage information
yarn	version --new-version	option	New version
yarn	version --major	option	Auto-increment major version number
yarn	version --minor	option	Auto-increment minor version number
yarn	version --patch	option	Auto-increment patch version number
yarn	version --premajor	option	Auto-increment premajor version number
yarn	version --preminor	option	Auto-increment preminor version number
yarn	version --prepatch	option	Auto-increment prepatch version number
yarn	version --prerelease	option	Auto-increment prerelease version number
yarn	version --preid	option	Add a custom identifier to the prerelease
yarn	version --message	option	Message
yarn	version --no-git-tag-version	option	No git tag version
yarn	version --no-commit-hooks	option	Bypass git hooks when committing new version
yarn	version --access	option	Access
yarn	version --tag	option	Tag
yarn	versions	subcommand	Displays version information of the currently installed Yarn, Node.js, and its dependencies
yarn	why	subcommand	Show information about why a package is installed
yarn	why -s	option	Skip Yarn console logs
yarn	why --no-default-rc	option	Prevent Yarn from automatically detecting yarnrc and npmrc files
yarn	why --use-yarnrc	option	Specifies a yarnrc file that Yarn should use (.yarnrc only, not .npmrc) (default: )
yarn	why --verbose	option	Output verbose messages on internal operations
yarn	why --offline	option	Trigger an error if any required dependencies are not available in local cache
yarn	why --prefer-offline	option	Use network only if dependencies are not available in local cache
yarn	why --enable-pnp	option	Enable the Plug'n'Play installation
yarn	why --json	option	Format Yarn log messages as lines of JSON
yarn	why --ignore-scripts	option	Don't run lifecycle scripts
yarn	why --har	option	Save HAR output of network traffic
yarn	why --ignore-platform	option	Ignore platform checks
yarn	why --ignore-engines	option	Ignore engines check
yarn	why --ignore-optional	option	Ignore optional dependencies
yarn	why --force	option	Install and build packages even if they were built before, overwrite lockfile
yarn	why --skip-integrity-check	option	Run install without checking if node_modules is installed
yarn	why --check-files	option	Install will verify file tree of packages for consistency
yarn	why --no-bin-links	option	Don't generate bin links when setting up packages
yarn	why --flat	option	Only allow one version of a package
yarn	why --prod	option	Instruct Yarn to ignore NODE_ENV and take its production-or-not status from this flag instead
yarn	why --no-lockfile	option	Don't read or generate a lockfile
yarn	why --pure-lockfile	option	Don't generate a lockfile
yarn	why --frozen-lockfile	option	Don't generate a lockfile and fail if an update is needed
yarn	why --update-checksums	option	Update package checksums from current repository
yarn	why --link-duplicates	option	Create hardlinks to the repeated modules in node_modules
yarn	why --link-folder	option	Specify a custom folder to store global links
yarn	why --global-folder	option	Specify a custom folder to store global packages
yarn	why --modules-folder	option	Rather than installing modules into the node_modules folder relative to the cwd, output them here
yarn	why --preferred-cache-folder	option	Specify a custom folder to store the yarn cache if possible
yarn	why --cache-folder	option	Specify a custom folder that must be used to store the yarn cache
yarn	why --mutex	option	Use a mutex to ensure only one yarn instance is executing
yarn	why --emoji	option	Enables emoji in output
yarn	why --cwd	option	Working directory to use
yarn	why --proxy	option	
yarn	why --registry	option	Override configuration registry
yarn	why --no-progress	option	Disable progress bar
yarn	why --network-concurrency	option	Maximum number of concurrent network requests
yarn	why --network-timeout	option	TCP timeout for network requests
yarn	why --non-interactive	option	Do not show interactive prompts
yarn	why --scripts-prepend-node-path	option	Prepend the node executable dir to the PATH in scripts
yarn	why --no-node-version-check	option	Do not warn when using a potentially unsupported Node version
yarn	why --focus	option	Focus on a single workspace by installing remote copies of its sibling workspaces
yarn	why --otp	option	One-time password for two factor authentication
yarn	why -h	option	Output usage information
yarn	why --peers	option	Print the peer dependencies that match the specified name
yarn	why -R	option	List, for each workspace, what are all the paths that lead to the dependency
yarn	workspace	subcommand	Manage workspace
yarn	workspaces	subcommand	Show information about your workspaces
yarn	workspaces subcommand	option	
yarn	workspaces flags	option	
yarn	set	subcommand	Set global Yarn options
yarn	set resolution	subcommand	Enforce a package resolution
yarn	set resolution -s	option	Persist the resolution inside the top-level manifest
yarn	set version	subcommand	Lock the Yarn version used by the project
yarn	set version --only-if-needed	option	Only lock the Yarn version if it isn't already locked
yarn	--disable-pnp	option	Disable the Plug'n'Play installation
yarn	--emoji	option	Enable emoji in output (default: true)
yarn	--enable-pnp	option	Enable the Plug'n'Play installation
yarn	--flat	option	Only allow one version of a package
yarn	--focus	option	Focus on a single workspace by installing remote copies of its sibling workspaces
yarn	--force	option	Install and build packages even if they were built before, overwrite lockfile
yarn	--frozen-lockfile	option	Don't generate a lockfile and fail if an update is needed
yarn	--global-folder	option	Specify a custom folder to store global packages
yarn	--har	option	Save HAR output of network traffic
yarn	--https-proxy	option	
yarn	--ignore-engines	option	Ignore engines check
yarn	--ignore-optional	option	Ignore optional dependencies
yarn	--ignore-platform	option	Ignore platform checks
yarn	--ignore-scripts	option	Don't run lifecycle scripts
yarn	--json	option	Format Yarn log messages as lines of JSON (see jsonlines.org)
yarn	--link-duplicates	option	Create hardlinks to the repeated modules in node_modules
yarn	--link-folder	option	Specify a custom folder to store global links
yarn	--modules-folder	option	Rather than installing modules into the node_modules folder relative to the cwd, output them here
yarn	--mutex	option	Use a mutex to ensure only one yarn instance is executing
yarn	--network-concurrency	option	Maximum number of concurrent network requests
yarn	--network-timeout	option	TCP timeout for network requests
yarn	--no-bin-links	option	Don't generate bin links when setting up packages
yarn	--no-default-rc	option	Prevent Yarn from automatically detecting yarnrc and npmrc files
yarn	--no-lockfile	option	Don't read or generate a lockfile
yarn	--non-interactive	option	Do not show interactive prompts
yarn	--no-node-version-check	option	Do not warn when using a potentially unsupported Node version
yarn	--no-progress	option	Disable progress bar
yarn	--offline	option	Trigger an error if any required dependencies are not available in local cache
yarn	--otp	option	One-time password for two factor authentication
yarn	--prefer-offline	option	Use network only if dependencies are not available in local cache
yarn	--preferred-cache-folder	option	Specify a custom folder to store the yarn cache if possible
yarn	--prod	option	
yarn	--proxy	option	
yarn	--pure-lockfile	option	Don't generate a lockfile
yarn	--registry	option	Override configuration registry
yarn	-s	option	Skip Yarn console logs, other types of logs (script output) will be printed
yarn	--scripts-prepend-node-path	option	Prepend the node executable dir to the PATH in scripts
yarn	--skip-integrity-check	option	Run install without checking if node_modules is installed
yarn	--strict-semver	option	
yarn	-s	option	Skip Yarn console logs
yarn	--no-default-rc	option	Prevent Yarn from automatically detecting yarnrc and npmrc files
yarn	--use-yarnrc	option	Specifies a yarnrc file that Yarn should use (.yarnrc only, not .npmrc) (default: )
yarn	--verbose	option	Output verbose messages on internal operations
yarn	--offline	option	Trigger an error if any required dependencies are not available in local cache
yarn	--prefer-offline	option	Use network only if dependencies are not available in local cache
yarn	--enable-pnp	option	Enable the Plug'n'Play installation
yarn	--json	option	Format Yarn log messages as lines of JSON
yarn	--ignore-scripts	option	Don't run lifecycle scripts
yarn	--har	option	Save HAR output of network traffic
yarn	--ignore-platform	option	Ignore platform checks
yarn	--ignore-engines	option	Ignore engines check
yarn	--ignore-optional	option	Ignore optional dependencies
yarn	--force	option	Install and build packages even if they were built before, overwrite lockfile
yarn	--skip-integrity-check	option	Run install without checking if node_modules is installed
yarn	--check-files	option	Install will verify file tree of packages for consistency
yarn	--no-bin-links	option	Don't generate bin links when setting up packages
yarn	--flat	option	Only allow one version of a package
yarn	--prod	option	Instruct Yarn to ignore NODE_ENV and take its production-or-not status from this flag instead
yarn	--no-lockfile	option	Don't read or generate a lockfile
yarn	--pure-lockfile	option	Don't generate a lockfile
yarn	--frozen-lockfile	option	Don't generate a lockfile and fail if an update is needed
yarn	--update-checksums	option	Update package checksums from current repository
yarn	--link-duplicates	option	Create hardlinks to the repeated modules in node_modules
yarn	--link-folder	option	Specify a custom folder to store global links
yarn	--global-folder	option	Specify a custom folder to store global packages
yarn	--modules-folder	option	Rather than installing modules into the node_modules folder relative to the cwd, output them here
yarn	--preferred-cache-folder	option	Specify a custom folder to store the yarn cache if possible
yarn	--cache-folder	option	Specify a custom folder that must be used to store the yarn cache
yarn	--mutex	option	Use a mutex to ensure only one yarn instance is executing
yarn	--emoji	option	Enables emoji in output
yarn	--cwd	option	Working directory to use
yarn	--proxy	option	
yarn	--registry	option	Override configuration registry
yarn	--no-progress	option	Disable progress bar
yarn	--network-concurrency	option	Maximum number of concurrent network requests
yarn	--network-timeout	option	TCP timeout for network requests
yarn	--non-interactive	option	Do not show interactive prompts
yarn	--scripts-prepend-node-path	option	Prepend the node executable dir to the PATH in scripts
yarn	--no-node-version-check	option	Do not warn when using a potentially unsupported Node version
yarn	--focus	option	Focus on a single workspace by installing remote copies of its sibling workspaces
yarn	--otp	option	One-time password for two factor authentication
yarn	-v	option	Output the version number
yarn	-h	option	Output usage information
npm	install	subcommand	Install a package and its dependencies
npm	install -P	option	Package will appear in your `dependencies`. This is the default unless `-D` or `-O` are present
npm	install -D	option	Package will appear in your `devDependencies`
npm	install -O	option	Package will appear in your `optionalDependencies`
npm	install --no-save	option	Prevents saving to `dependencies`
npm	install -E	option	Saved dependencies will be configured with an exact version rather than using npm's default semver range operator
npm	install -B	option	Saved dependencies will also be added to your bundleDependencies list
npm	install -g	option	Operates in 'global' mode, so that packages are installed into the prefix folder instead of the current working director
npm	install --global-style	option	Causes npm to install the package into your local node_modules folder with the same layout it uses with the global node_
npm	install --legacy-bundling	option	Causes npm to install the package such that versions of npm prior to 1.4, such as the one included with node 0.8, can in
npm	install --legacy-peer-deps	option	Bypass peerDependency auto-installation. Emulate install behavior of NPM v4 through v6
npm	install --strict-peer-deps	option	If set to true, and --legacy-peer-deps is not set, then any conflicting peerDependencies will be treated as an install f
npm	install --no-package-lock	option	Ignores package-lock.json files when installing
npm	install --registry	option	The base URL of the npm registry
npm	install --verbose	option	Show extra information
npm	install --omit	option	Dependency types to omit from the installation tree on disk
npm	install --ignore-scripts	option	If true, npm does not run scripts specified in package.json files
npm	install --no-audit	option	Submit audit reports alongside the current npm command to the default registry and all registries configured for scopes
npm	install --no-bin-links	option	Tells npm to not create symlinks (or .cmd shims on Windows) for package executables
npm	install --no-fund	option	Hides the message at the end of each npm install acknowledging the number of dependencies looking for funding
npm	install --dry-run	option	Indicates that you don't want npm to make any changes and that it should only report what it would have done
npm	install -w	option	Enable running a command in the context of the configured workspaces of the current project
npm	install -ws	option	Enable running a command in the context of all the configured workspaces
npm	run	subcommand	Run arbitrary package scripts
npm	run -w	option	Enable running a command in the context of the configured workspaces of the current project
npm	run -ws	option	Enable running a command in the context of all the configured workspaces
npm	run --if-present	option	Npm will not exit with an error code when run-script is invoked for a script that isn't defined in the scripts section o
npm	run --silent	option	
npm	run --ignore-scripts	option	If true, npm does not run scripts specified in package.json files
npm	run --script-shell	option	The shell to use for scripts run with the npm exec, npm run and npm init <pkg> commands
npm	run --	option	
npm	init	subcommand	Trigger the initialization
npm	init -y	option	Automatically answer 'yes' to any prompts that npm might print on the command line
npm	init -w	option	Create the folders and boilerplate expected while also adding a reference to your project workspaces property
npm	access	subcommand	Set access controls on private packages
npm	adduser	subcommand	Add a registry user account
npm	adduser --registry	option	The base URL of the npm registry
npm	adduser --scope	option	Associate an operation with a scope for a scoped registry
npm	audit	subcommand	Run a security audit
npm	audit fix	subcommand	If the fix argument is provided, then remediations will be applied to the package tree
npm	audit fix --dry-run	option	Indicates that you don't want npm to make any changes and that it should only report what it would have done
npm	audit fix -f	option	Removes various protections against unfortunate side effects, common mistakes, unnecessary performance degradation, and
npm	audit fix -w	option	Enable running a command in the context of the configured workspaces of the current project
npm	audit fix -ws	option	Enable running a command in the context of all the configured workspaces
npm	audit -w	option	Enable running a command in the context of the configured workspaces of the current project
npm	audit -ws	option	Enable running a command in the context of all the configured workspaces
npm	audit --audit-level	option	The minimum level of vulnerability for npm audit to exit with a non-zero exit code
npm	audit --package-lock-only	option	Current operation will only use the package-lock.json, ignoring node_modules
npm	audit --json	option	Show output in json format
npm	audit --omit	option	Dependency types to omit from the installation tree on disk
npm	bin	subcommand	Print the folder where npm will install executables
npm	bin -g	option	Operates in 'global' mode, so that packages are installed into the prefix folder instead of the current working director
npm	bugs	subcommand	Report bugs for a package in a web browser
npm	bugs --no-browser	option	Display in command line instead of browser
npm	bugs --browser	option	The browser that is called by the npm bugs command to open websites
npm	bugs --registry	option	The base URL of the npm registry
npm	cache	subcommand	Manipulates packages cache
npm	cache add	subcommand	Add the specified packages to the local cache
npm	cache clean	subcommand	Delete all data out of the cache folder
npm	cache verify	subcommand	Verify the contents of the cache folder, garbage collecting any unneeded data, and verifying the integrity of the cache
npm	cache --cache	option	The location of npm's cache directory
npm	ci	subcommand	Install a project with a clean slate
npm	ci --audit	option	When "true" submit audit reports alongside the current npm command to the default registry and all registries configured
npm	ci --no-audit	option	Do not submit audit reports alongside the current npm command
npm	ci --ignore-scripts	option	If true, npm does not run scripts specified in package.json files
npm	ci --script-shell	option	The shell to use for scripts run with the npm exec, npm run and npm init <pkg> commands
npm	ci --verbose	option	Show extra information
npm	ci --registry	option	The base URL of the npm registry
npm	cit	subcommand	Install a project with a clean slate and run tests
npm	clean-install-test	subcommand	Install a project with a clean slate and run tests
npm	completion	subcommand	Tab completion for npm
npm	config	subcommand	Manage the npm configuration files
npm	config set	subcommand	Sets the config key to the value
npm	config set -g	option	Sets it globally
npm	config get	subcommand	Echo the config value to stdout
npm	config list	subcommand	Show all the config settings
npm	config list -g	option	Lists globally installed packages
npm	config list -l	option	Also shows defaults
npm	config list --json	option	Show output in json format
npm	config delete	subcommand	Deletes the key from all configuration files
npm	config edit	subcommand	Opens the config file in an editor
npm	config edit --global	option	Edits the global config
npm	create	subcommand	Create a package.json file
npm	dedupe	subcommand	Reduce duplication in the package tree
npm	deprecate	subcommand	Deprecate a version of a package
npm	deprecate --registry	option	The base URL of the npm registry
npm	dist-tag	subcommand	Modify package distribution tags
npm	docs	subcommand	Open documentation for a package in a web browser
npm	docs -w	option	Enable running a command in the context of the configured workspaces of the current project
npm	docs -ws	option	Enable running a command in the context of all the configured workspaces
npm	docs --registry	option	The base URL of the npm registry
npm	docs --no-browser	option	Display in command line instead of browser
npm	docs --browser	option	The browser that is called by the npm docs command to open websites
npm	doctor	subcommand	Check your npm environment
npm	doctor --registry	option	The base URL of the npm registry
npm	edit	subcommand	Edit an installed package
npm	edit --editor	option	The command to run for npm edit or npm config edit
npm	explore	subcommand	Browse an installed package
npm	fund	subcommand	Retrieve funding information
npm	get	subcommand	Echo the config value to stdout
npm	help	subcommand	Get help on npm
npm	help --viewer	option	The program to use to view help content
npm	help-search	subcommand	Search npm help documentation
npm	help-search -l	option	Show extended information
npm	hook	subcommand	Manage registry hooks
npm	install-ci-test	subcommand	Install a project with a clean slate and run tests
npm	install-test	subcommand	Install package(s) and run tests
npm	it	subcommand	Install package(s) and run tests
npm	link	subcommand	Symlink a package folder
npm	ln	subcommand	Symlink a package folder
npm	logout	subcommand	Log out of the registry
npm	logout --registry	option	The base URL of the npm registry
npm	logout --scope	option	Associate an operation with a scope for a scoped registry
npm	ls	subcommand	List installed packages
npm	ls -a	option	Show all outdated or installed packages
npm	ls --json	option	Show output in json format
npm	ls -l	option	Show extended information
npm	ls -p	option	Output parseable results from commands that write to standard output
npm	ls --depth	option	The depth to go when recursing packages
npm	ls --link	option	Limits output to only those packages that are linked
npm	ls --package-lock-only	option	Current operation will only use the package-lock.json, ignoring node_modules
npm	ls --no-unicode	option	Uses unicode characters in the tree output
npm	ls -g	option	Operates in 'global' mode, so that packages are installed into the prefix folder instead of the current working director
npm	ls --omit	option	Dependency types to omit from the installation tree on disk
npm	ls -w	option	Enable running a command in the context of the configured workspaces of the current project
npm	ls -ws	option	Enable running a command in the context of all the configured workspaces
npm	org	subcommand	Manage orgs
npm	org set	subcommand	Add a user to an org or manage roles
npm	org set --registry	option	The base URL of the npm registry
npm	org set --otp	option	One-time password from a two-factor authenticator
npm	org rm	subcommand	Remove a user from an org
npm	org rm --registry	option	The base URL of the npm registry
npm	org rm --otp	option	One-time password from a two-factor authenticator
npm	org ls	subcommand	List users in an org or see what roles a particular user has in an org
npm	org ls --registry	option	The base URL of the npm registry
npm	org ls --otp	option	One-time password from a two-factor authenticator
npm	org ls --json	option	Show output in json format
npm	org ls -p	option	Output parseable results from commands that write to standard output
npm	outdated	subcommand	Check for outdated packages
npm	outdated -a	option	Show all outdated or installed packages
npm	outdated --json	option	Show output in json format
npm	outdated -l	option	Show extended information
npm	outdated -p	option	Output parseable results from commands that write to standard output
npm	outdated -g	option	Checks globally
npm	outdated -w	option	Enable running a command in the context of the configured workspaces of the current project
npm	outdated -ws	option	Enable running a command in the context of all the configured workspaces
npm	owner	subcommand	Manage package owners
npm	owner ls	subcommand	List all the users who have access to modify a package and push new versions. Handy when you need to know who to bug for
npm	owner ls --registry	option	The base URL of the npm registry
npm	owner add	subcommand	Add a new user as a maintainer of a package. This user is enabled to modify metadata, publish new versions, and add othe
npm	owner add --registry	option	The base URL of the npm registry
npm	owner add --otp	option	One-time password from a two-factor authenticator
npm	owner rm	subcommand	Remove a user from the package owner list. This immediately revokes their privileges
npm	owner rm --registry	option	The base URL of the npm registry
npm	owner rm --otp	option	One-time password from a two-factor authenticator
npm	pack	subcommand	Create a tarball from a package
npm	pack --json	option	Show output in json format
npm	pack --dry-run	option	Indicates that you don't want npm to make any changes and that it should only report what it would have done
npm	pack -w	option	Enable running a command in the context of the configured workspaces of the current project
npm	pack -ws	option	Enable running a command in the context of all the configured workspaces
npm	pack --pack-destination	option	Directory in which npm pack will save tarballs
npm	ping	subcommand	Ping npm registry
npm	ping --registry	option	The base URL of the npm registry
npm	pkg	subcommand	Manages your package.json
npm	pkg get	subcommand	Retrieves a value key, defined in your package.json file. It is possible to get multiple values and values for child fie
npm	pkg get --json	option	Show output in json format
npm	pkg get -w	option	Enable running a command in the context of the configured workspaces of the current project
npm	pkg get -ws	option	Enable running a command in the context of all the configured workspaces
npm	pkg set	subcommand	Sets a value in your package.json based on the field value. It is possible to set multiple values and values for child f
npm	pkg set --json	option	Show output in json format
npm	pkg set -w	option	Enable running a command in the context of the configured workspaces of the current project
npm	pkg set -ws	option	Enable running a command in the context of all the configured workspaces
npm	pkg set -f	option	Removes various protections against unfortunate side effects, common mistakes, unnecessary performance degradation, and
npm	pkg delete	subcommand	Deletes a key from your package.json
npm	pkg delete -w	option	Enable running a command in the context of the configured workspaces of the current project
npm	pkg delete -ws	option	Enable running a command in the context of all the configured workspaces
npm	pkg delete -f	option	Removes various protections against unfortunate side effects, common mistakes, unnecessary performance degradation, and
npm	prefix	subcommand	Display prefix
npm	prefix -g	option	Print the global prefix to standard out
npm	profile	subcommand	Change settings on your registry profile
npm	profile get	subcommand	Display all of the properties of your profile, or one or more specific properties
npm	profile get --registry	option	The base URL of the npm registry
npm	profile get --json	option	Show output in json format
npm	profile get -p	option	Output parseable results from commands that write to standard output
npm	profile get --otp	option	One-time password from a two-factor authenticator
npm	profile set	subcommand	Set the value of a profile property
npm	profile set password	subcommand	Change your password. This is interactive, you'll be prompted for your current password and a new password
npm	profile set --registry	option	The base URL of the npm registry
npm	profile set --json	option	Show output in json format
npm	profile set -p	option	Output parseable results from commands that write to standard output
npm	profile set --otp	option	One-time password from a two-factor authenticator
npm	profile enable-2fa	subcommand	Enables two-factor authentication
npm	profile enable-2fa --registry	option	The base URL of the npm registry
npm	profile enable-2fa --otp	option	One-time password from a two-factor authenticator
npm	profile disable-2fa	subcommand	Disables two-factor authentication
npm	profile disable-2fa --registry	option	The base URL of the npm registry
npm	profile disable-2fa --otp	option	One-time password from a two-factor authenticator
npm	prune	subcommand	Remove extraneous packages
npm	prune --omit	option	Dependency types to omit from the installation tree on disk
npm	prune --dry-run	option	Indicates that you don't want npm to make any changes and that it should only report what it would have done
npm	prune --json	option	Show output in json format
npm	prune --production	option	Remove the packages specified in your devDependencies
npm	prune -w	option	Enable running a command in the context of the configured workspaces of the current project
npm	prune -ws	option	Enable running a command in the context of all the configured workspaces
npm	publish	subcommand	Publish a package
npm	publish --tag	option	Registers the published package with the given tag
npm	publish -w	option	Enable running a command in the context of the configured workspaces of the current project
npm	publish -ws	option	Enable running a command in the context of all the configured workspaces
npm	publish --access	option	Sets scoped package to be publicly viewable if set to 'public'
npm	publish --dry-run	option	Indicates that you don't want npm to make any changes and that it should only report what it would have done
npm	publish --otp	option	One-time password from a two-factor authenticator
npm	rebuild	subcommand	Rebuild a package
npm	rebuild -g	option	Operates in 'global' mode, so that packages are installed into the prefix folder instead of the current working director
npm	rebuild -w	option	Enable running a command in the context of the configured workspaces of the current project
npm	rebuild -ws	option	Enable running a command in the context of all the configured workspaces
npm	rebuild --ignore-scripts	option	If true, npm does not run scripts specified in package.json files
npm	rebuild --no-bin-links	option	Tells npm to not create symlinks (or .cmd shims on Windows) for package executables
npm	repo	subcommand	Open package repository page in the browser
npm	repo -w	option	Enable running a command in the context of the configured workspaces of the current project
npm	repo -ws	option	Enable running a command in the context of all the configured workspaces
npm	repo --no-browser	option	Display in command line instead of browser
npm	repo --browser	option	The browser that is called by the npm repo command to open websites
npm	restart	subcommand	Restart a package
npm	restart --ignore-scripts	option	If true, npm does not run scripts specified in package.json files
npm	restart --script-shell	option	The shell to use for scripts run with the npm exec, npm run and npm init <pkg> commands
npm	restart --	option	
npm	root	subcommand	Display npm root
npm	root -g	option	Print the effective global node_modules folder to standard out
npm	search	subcommand	Search for packages
npm	search -l	option	Show extended information
npm	search --json	option	Show output in json format
npm	search --color	option	Show colors
npm	search --no-color	option	Do not show colors
npm	search -p	option	Output parseable results from commands that write to standard output
npm	search --no-description	option	Do not show descriptions
npm	search --searchopts	option	Space-separated options that are always passed to search
npm	search --searchexclude	option	Space-separated options that limit the results from search
npm	search --registry	option	The base URL of the npm registry
npm	search --prefer-online	option	If true, staleness checks for cached data will be forced, making the CLI look for updates immediately even for fresh pac
npm	search --prefer-offline	option	If true, staleness checks for cached data will be bypassed, but missing data will be requested from the server
npm	search --offline	option	Force offline mode: no network requests will be done during install
npm	set	subcommand	Sets the config key to the value
npm	set-script	subcommand	Set tasks in the scripts section of package.json
npm	set-script -w	option	Enable running a command in the context of the configured workspaces of the current project
npm	set-script -ws	option	Enable running a command in the context of all the configured workspaces
npm	shrinkwrap	subcommand	Lock down dependency versions for publication
npm	star	subcommand	Mark your favorite packages
npm	star --registry	option	The base URL of the npm registry
npm	star --no-unicode	option	Do not use unicode characters in the tree output
npm	stars	subcommand	View packages marked as favorites
npm	stars --registry	option	The base URL of the npm registry
npm	start	subcommand	Start a package
npm	start --ignore-scripts	option	If true, npm does not run scripts specified in package.json files
npm	start --script-shell	option	The shell to use for scripts run with the npm exec, npm run and npm init <pkg> commands
npm	start --	option	
npm	stop	subcommand	Stop a package
npm	stop --ignore-scripts	option	If true, npm does not run scripts specified in package.json files
npm	stop --script-shell	option	The shell to use for scripts run with the npm exec, npm run and npm init <pkg> commands
npm	stop --	option	
npm	team	subcommand	Manage organization teams and team memberships
npm	team create	subcommand	
npm	team create --registry	option	The base URL of the npm registry
npm	team create --otp	option	One-time password from a two-factor authenticator
npm	team destroy	subcommand	
npm	team destroy --registry	option	The base URL of the npm registry
npm	team destroy --otp	option	One-time password from a two-factor authenticator
npm	team add	subcommand	
npm	team add --registry	option	The base URL of the npm registry
npm	team add --otp	option	One-time password from a two-factor authenticator
npm	team rm	subcommand	
npm	team rm --registry	option	The base URL of the npm registry
npm	team rm --otp	option	One-time password from a two-factor authenticator
npm	team ls	subcommand	
npm	team ls --registry	option	The base URL of the npm registry
npm	team ls --json	option	Show output in json format
npm	team ls -p	option	Output parseable results from commands that write to standard output
npm	test	subcommand	Test a package
npm	test --ignore-scripts	option	If true, npm does not run scripts specified in package.json files
npm	test --script-shell	option	The shell to use for scripts run with the npm exec, npm run and npm init <pkg> commands
npm	token	subcommand	Manage your authentication tokens
npm	token list	subcommand	Shows a table of all active authentication tokens
npm	token list --json	option	Show output in json format
npm	token list -p	option	Output parseable results from commands that write to standard output
npm	token create	subcommand	Create a new authentication token
npm	token create --read-only	option	This is used to mark a token as unable to publish when configuring limited access tokens with the npm token create comma
npm	token create --cidr	option	This is a list of CIDR address to be used when configuring limited access tokens with the npm token create command
npm	token revoke	subcommand	Immediately removes an authentication token from the registry. You will no longer be able to use it
npm	token --registry	option	The base URL of the npm registry
npm	token --otp	option	One-time password from a two-factor authenticator
npm	uninstall	subcommand	Uninstall a package
npm	uninstall -S	option	Package will be removed from your dependencies
npm	uninstall -D	option	Package will appear in your `devDependencies`
npm	uninstall -O	option	Package will appear in your `optionalDependencies`
npm	uninstall --no-save	option	Prevents saving to `dependencies`
npm	uninstall -g	option	Uninstall global package
npm	uninstall -w	option	Enable running a command in the context of the configured workspaces of the current project
npm	uninstall -ws	option	Enable running a command in the context of all the configured workspaces
npm	r	subcommand	Uninstall a package
npm	r -S	option	Package will be removed from your dependencies
npm	r -D	option	Package will appear in your `devDependencies`
npm	r -O	option	Package will appear in your `optionalDependencies`
npm	r --no-save	option	Prevents saving to `dependencies`
npm	r -g	option	Uninstall global package
npm	r -w	option	Enable running a command in the context of the configured workspaces of the current project
npm	r -ws	option	Enable running a command in the context of all the configured workspaces
npm	un	subcommand	Uninstall a package
npm	un -S	option	Package will be removed from your dependencies
npm	un -D	option	Package will appear in your `devDependencies`
npm	un -O	option	Package will appear in your `optionalDependencies`
npm	un --no-save	option	Prevents saving to `dependencies`
npm	un -g	option	Uninstall global package
npm	un -w	option	Enable running a command in the context of the configured workspaces of the current project
npm	un -ws	option	Enable running a command in the context of all the configured workspaces
npm	remove	subcommand	Uninstall a package
npm	remove -S	option	Package will be removed from your dependencies
npm	remove -D	option	Package will appear in your `devDependencies`
npm	remove -O	option	Package will appear in your `optionalDependencies`
npm	remove --no-save	option	Prevents saving to `dependencies`
npm	remove -g	option	Uninstall global package
npm	remove -w	option	Enable running a command in the context of the configured workspaces of the current project
npm	remove -ws	option	Enable running a command in the context of all the configured workspaces
npm	unlink	subcommand	Uninstall a package
npm	unlink -S	option	Package will be removed from your dependencies
npm	unlink -D	option	Package will appear in your `devDependencies`
npm	unlink -O	option	Package will appear in your `optionalDependencies`
npm	unlink --no-save	option	Prevents saving to `dependencies`
npm	unlink -g	option	Uninstall global package
npm	unlink -w	option	Enable running a command in the context of the configured workspaces of the current project
npm	unlink -ws	option	Enable running a command in the context of all the configured workspaces
npm	unpublish	subcommand	Remove a package from the registry
npm	unpublish --dry-run	option	Indicates that you don't want npm to make any changes and that it should only report what it would have done
npm	unpublish -f	option	Allow unpublishing all versions of a published package. Removes various protections against unfortunate side effects, co
npm	unpublish -w	option	Enable running a command in the context of the configured workspaces of the current project
npm	unpublish -ws	option	Enable running a command in the context of all the configured workspaces
npm	unstar	subcommand	Remove an item from your favorite packages
npm	unstar --registry	option	The base URL of the npm registry
npm	unstar --otp	option	One-time password from a two-factor authenticator
npm	unstar --no-unicode	option	Do not use unicode characters in the tree output
npm	update	subcommand	Update a package
npm	update -g	option	Update global package
npm	update --global-style	option	Causes npm to install the package into your local node_modules folder with the same layout it uses with the global node_
npm	update --legacy-bundling	option	Causes npm to install the package such that versions of npm prior to 1.4, such as the one included with node 0.8, can in
npm	update --strict-peer-deps	option	If set to true, and --legacy-peer-deps is not set, then any conflicting peerDependencies will be treated as an install f
npm	update --no-package-lock	option	Ignores package-lock.json files when installing
npm	update --omit	option	Dependency types to omit from the installation tree on disk
npm	update --ignore-scripts	option	If true, npm does not run scripts specified in package.json files
npm	update --no-audit	option	Submit audit reports alongside the current npm command to the default registry and all registries configured for scopes
npm	update --no-bin-links	option	Tells npm to not create symlinks (or .cmd shims on Windows) for package executables
npm	update --no-fund	option	Hides the message at the end of each npm install acknowledging the number of dependencies looking for funding
npm	update --save	option	Update the semver values of direct dependencies in your project package.json
npm	update --dry-run	option	Indicates that you don't want npm to make any changes and that it should only report what it would have done
npm	update -w	option	Enable running a command in the context of the configured workspaces of the current project
npm	update -ws	option	Enable running a command in the context of all the configured workspaces
npm	version	subcommand	Bump a package version
npm	version -w	option	Enable running a command in the context of the configured workspaces of the current project
npm	version -ws	option	Enable running a command in the context of all the configured workspaces
npm	version --json	option	Show output in json format
npm	version --allow-same-version	option	Prevents throwing an error when npm version is used to set the new version to the same value as the current version
npm	version --no-commit-hooks	option	Do not run git commit hooks when using the npm version command
npm	version --no-git-tag-version	option	Do not tag the commit when using the npm version command
npm	version --preid	option	The "prerelease identifier" to use as a prefix for the "prerelease" part of a semver. Like the rc in 1.2.0-rc.8
npm	version --sign-git-tag	option	If set to true, then the npm version command will tag the version using -s to add a signature
npm	view	subcommand	View registry info
npm	view -w	option	Enable running a command in the context of the configured workspaces of the current project
npm	view -ws	option	Enable running a command in the context of all the configured workspaces
npm	view --json	option	Show output in json format
npm	whoami	subcommand	Display npm username
npm	whoami --registry	option	The base URL of the npm registry
cargo	bench	subcommand	Execute all benchmarks of a local package
cargo	bench --bin	option	Benchmark only the specified binary
cargo	bench --example	option	Benchmark only the specified example
cargo	bench --test	option	Benchmark only the specified test target
cargo	bench --bench	option	Benchmark only the specified bench target
cargo	bench -p	option	Package to run benchmarks for
cargo	bench --exclude	option	Exclude packages from the benchmark
cargo	bench -j	option	Number of parallel jobs, defaults to # of CPUs
cargo	bench --profile	option	Build artifacts with the specified profile
cargo	bench --features	option	Space or comma separated list of features to activate
cargo	bench --target	option	Build for the target triple
cargo	bench --target-dir	option	Directory for all generated artifacts
cargo	bench --manifest-path	option	Path to Cargo.toml
cargo	bench --message-format	option	Error format
cargo	bench --color	option	Coloring: auto, always, never
cargo	bench --config	option	Override a configuration value
cargo	bench -Z	option	Unstable (nightly-only) flags to Cargo, see 'cargo -Z help' for details
cargo	bench -q	option	Do not print cargo log messages
cargo	bench --lib	option	Benchmark only this package's library
cargo	bench --bins	option	Benchmark all binaries
cargo	bench --examples	option	Benchmark all examples
cargo	bench --tests	option	Benchmark all tests
cargo	bench --benches	option	Benchmark all benches
cargo	bench --all-targets	option	Benchmark all targets
cargo	bench --no-run	option	Compile, but don't run benchmarks
cargo	bench --workspace	option	Benchmark all packages in the workspace
cargo	bench --all	option	Alias for --workspace (deprecated)
cargo	bench --all-features	option	Activate all available features
cargo	bench --no-default-features	option	Do not activate the `default` feature
cargo	bench --ignore-rust-version	option	Ignore `rust-version` specification in packages
cargo	bench --no-fail-fast	option	Run all benchmarks regardless of failure
cargo	bench --unit-graph	option	Output build graph in JSON (unstable)
cargo	bench -h	option	Print help information
cargo	bench -v	option	Use verbose output (-vv very verbose/build.rs output)
cargo	bench --frozen	option	Require Cargo.lock and cache are up to date
cargo	bench --locked	option	Require Cargo.lock is up to date
cargo	bench --offline	option	Run without accessing the network
cargo	bench --timings	option	Timing output formats (unstable)
cargo	build	subcommand	Compile a local package and all of its dependencies
cargo	build -p	option	Package to build (see `cargo help pkgid`)
cargo	build --exclude	option	Exclude packages from the build
cargo	build -j	option	Number of parallel jobs, defaults to # of CPUs
cargo	build --bin	option	Build only the specified binary
cargo	build --example	option	Build only the specified example
cargo	build --test	option	Build only the specified test target
cargo	build --bench	option	Build only the specified bench target
cargo	build --profile	option	Build artifacts with the specified profile
cargo	build --features	option	Space or comma separated list of features to activate
cargo	build --target	option	Build for the target triple
cargo	build --target-dir	option	Directory for all generated artifacts
cargo	build --out-dir	option	Copy final artifacts to this directory (unstable)
cargo	build --manifest-path	option	Path to Cargo.toml
cargo	build --message-format	option	Error format
cargo	build --color	option	Coloring: auto, always, never
cargo	build --config	option	Override a configuration value
cargo	build -Z	option	Unstable (nightly-only) flags to Cargo, see 'cargo -Z help' for details
cargo	build -q	option	Do not print cargo log messages
cargo	build --workspace	option	Build all packages in the workspace
cargo	build --all	option	Alias for --workspace (deprecated)
cargo	build --lib	option	Build only this package's library
cargo	build --bins	option	Build all binaries
cargo	build --examples	option	Build all examples
cargo	build --tests	option	Build all tests
cargo	build --benches	option	Build all benches
cargo	build --all-targets	option	Build all targets
cargo	build -r	option	Build artifacts in release mode, with optimizations
cargo	build --all-features	option	Activate all available features
cargo	build --no-default-features	option	Do not activate the `default` feature
cargo	build --ignore-rust-version	option	Ignore `rust-version` specification in packages
cargo	build --build-plan	option	Output the build plan in JSON (unstable)
cargo	build --unit-graph	option	Output build graph in JSON (unstable)
cargo	build --future-incompat-report	option	Outputs a future incompatibility report at the end of the build
cargo	build -h	option	Print help information
cargo	build -v	option	Use verbose output (-vv very verbose/build.rs output)
cargo	build --frozen	option	Require Cargo.lock and cache are up to date
cargo	build --locked	option	Require Cargo.lock is up to date
cargo	build --offline	option	Run without accessing the network
cargo	build --timings	option	Timing output formats (unstable)
cargo	check	subcommand	Check a local package and all of its dependencies for errors
cargo	check -p	option	Package(s) to check
cargo	check --exclude	option	Exclude packages from the check
cargo	check -j	option	Number of parallel jobs, defaults to # of CPUs
cargo	check --bin	option	Check only the specified binary
cargo	check --example	option	Check only the specified example
cargo	check --test	option	Check only the specified test target
cargo	check --bench	option	Check only the specified bench target
cargo	check --profile	option	Check artifacts with the specified profile
cargo	check --features	option	Space or comma separated list of features to activate
cargo	check --target	option	Check for the target triple
cargo	check --target-dir	option	Directory for all generated artifacts
cargo	check --manifest-path	option	Path to Cargo.toml
cargo	check --message-format	option	Error format
cargo	check --color	option	Coloring: auto, always, never
cargo	check --config	option	Override a configuration value
cargo	check -Z	option	Unstable (nightly-only) flags to Cargo, see 'cargo -Z help' for details
cargo	check -q	option	Do not print cargo log messages
cargo	check --workspace	option	Check all packages in the workspace
cargo	check --all	option	Alias for --workspace (deprecated)
cargo	check --lib	option	Check only this package's library
cargo	check --bins	option	Check all binaries
cargo	check --examples	option	Check all examples
cargo	check --tests	option	Check all tests
cargo	check --benches	option	Check all benches
cargo	check --all-targets	option	Check all targets
cargo	check -r	option	Check artifacts in release mode, with optimizations
cargo	check --all-features	option	Activate all available features
cargo	check --no-default-features	option	Do not activate the `default` feature
cargo	check --ignore-rust-version	option	Ignore `rust-version` specification in packages
cargo	check --unit-graph	option	Output build graph in JSON (unstable)
cargo	check --future-incompat-report	option	Outputs a future incompatibility report at the end of the build
cargo	check -h	option	Print help information
cargo	check -v	option	Use verbose output (-vv very verbose/build.rs output)
cargo	check --frozen	option	Require Cargo.lock and cache are up to date
cargo	check --locked	option	Require Cargo.lock is up to date
cargo	check --offline	option	Run without accessing the network
cargo	check --timings	option	Timing output formats (unstable)
cargo	clean	subcommand	Remove artifacts that cargo has generated in the past
cargo	clean -p	option	Package to clean artifacts for
cargo	clean --manifest-path	option	Path to Cargo.toml
cargo	clean --target	option	Target triple to clean output for
cargo	clean --target-dir	option	Directory for all generated artifacts
cargo	clean --profile	option	Clean artifacts of the specified profile
cargo	clean --color	option	Coloring: auto, always, never
cargo	clean --config	option	Override a configuration value
cargo	clean -Z	option	Unstable (nightly-only) flags to Cargo, see 'cargo -Z help' for details
cargo	clean -q	option	Do not print cargo log messages
cargo	clean -r	option	Whether or not to clean release artifacts
cargo	clean --doc	option	Whether or not to clean just the documentation directory
cargo	clean -h	option	Print help information
cargo	clean -v	option	Use verbose output (-vv very verbose/build.rs output)
cargo	clean --frozen	option	Require Cargo.lock and cache are up to date
cargo	clean --locked	option	Require Cargo.lock is up to date
cargo	clean --offline	option	Run without accessing the network
cargo	config	subcommand	Inspect configuration values
cargo	config get	subcommand	
cargo	config get --format	option	Display format
cargo	config get --merged	option	Whether or not to merge config values
cargo	config get --color	option	Coloring: auto, always, never
cargo	config get --config	option	Override a configuration value
cargo	config get -Z	option	Unstable (nightly-only) flags to Cargo, see 'cargo -Z help' for details
cargo	config get --version	option	Print version information
cargo	config get --show-origin	option	Display where the config value is defined
cargo	config get -h	option	Print help information
cargo	config get -v	option	Use verbose output (-vv very verbose/build.rs output)
cargo	config get --frozen	option	Require Cargo.lock and cache are up to date
cargo	config get --locked	option	Require Cargo.lock is up to date
cargo	config get --offline	option	Run without accessing the network
cargo	config help	subcommand	Print this message or the help of the given subcommand(s)
cargo	config help --color	option	Coloring: auto, always, never
cargo	config help --config	option	Override a configuration value
cargo	config help -Z	option	Unstable (nightly-only) flags to Cargo, see 'cargo -Z help' for details
cargo	config help --version	option	Print version information
cargo	config help -h	option	Print help information
cargo	config help -v	option	Use verbose output (-vv very verbose/build.rs output)
cargo	config help --frozen	option	Require Cargo.lock and cache are up to date
cargo	config help --locked	option	Require Cargo.lock is up to date
cargo	config help --offline	option	Run without accessing the network
cargo	config --color	option	Coloring: auto, always, never
cargo	config --config	option	Override a configuration value
cargo	config -Z	option	Unstable (nightly-only) flags to Cargo, see 'cargo -Z help' for details
cargo	config -h	option	Print help information
cargo	config -v	option	Use verbose output (-vv very verbose/build.rs output)
cargo	config --frozen	option	Require Cargo.lock and cache are up to date
cargo	config --locked	option	Require Cargo.lock is up to date
cargo	config --offline	option	Run without accessing the network
cargo	doc	subcommand	Build a package's documentation
cargo	doc -p	option	Package to document
cargo	doc --exclude	option	Exclude packages from the build
cargo	doc -j	option	Number of parallel jobs, defaults to # of CPUs
cargo	doc --bin	option	Document only the specified binary
cargo	doc --example	option	Document only the specified example
cargo	doc --profile	option	Build artifacts with the specified profile
cargo	doc --features	option	Space or comma separated list of features to activate
cargo	doc --target	option	Build for the target triple
cargo	doc --target-dir	option	Directory for all generated artifacts
cargo	doc --manifest-path	option	Path to Cargo.toml
cargo	doc --message-format	option	Error format
cargo	doc --color	option	Coloring: auto, always, never
cargo	doc --config	option	Override a configuration value
cargo	doc -Z	option	Unstable (nightly-only) flags to Cargo, see 'cargo -Z help' for details
cargo	doc -q	option	Do not print cargo log messages
cargo	doc --open	option	Opens the docs in a browser after the operation
cargo	doc --workspace	option	Document all packages in the workspace
cargo	doc --all	option	Alias for --workspace (deprecated)
cargo	doc --no-deps	option	Don't build documentation for dependencies
cargo	doc --document-private-items	option	Document private items
cargo	doc --lib	option	Document only this package's library
cargo	doc --bins	option	Document all binaries
cargo	doc --examples	option	Document all examples
cargo	doc -r	option	Build artifacts in release mode, with optimizations
cargo	doc --all-features	option	Activate all available features
cargo	doc --no-default-features	option	Do not activate the `default` feature
cargo	doc --ignore-rust-version	option	Ignore `rust-version` specification in packages
cargo	doc --unit-graph	option	Output build graph in JSON (unstable)
cargo	doc -h	option	Print help information
cargo	doc -v	option	Use verbose output (-vv very verbose/build.rs output)
cargo	doc --frozen	option	Require Cargo.lock and cache are up to date
cargo	doc --locked	option	Require Cargo.lock is up to date
cargo	doc --offline	option	Run without accessing the network
cargo	doc --timings	option	Timing output formats (unstable)
cargo	fetch	subcommand	Fetch dependencies of a package from the network
cargo	fetch --manifest-path	option	Path to Cargo.toml
cargo	fetch --target	option	Fetch dependencies for the target triple
cargo	fetch --color	option	Coloring: auto, always, never
cargo	fetch --config	option	Override a configuration value
cargo	fetch -Z	option	Unstable (nightly-only) flags to Cargo, see 'cargo -Z help' for details
cargo	fetch -q	option	Do not print cargo log messages
cargo	fetch -h	option	Print help information
cargo	fetch -v	option	Use verbose output (-vv very verbose/build.rs output)
cargo	fetch --frozen	option	Require Cargo.lock and cache are up to date
cargo	fetch --locked	option	Require Cargo.lock is up to date
cargo	fetch --offline	option	Run without accessing the network
cargo	fix	subcommand	Automatically fix lint warnings reported by rustc
cargo	fix -p	option	Package(s) to fix
cargo	fix --exclude	option	Exclude packages from the fixes
cargo	fix -j	option	Number of parallel jobs, defaults to # of CPUs
cargo	fix --bin	option	Fix only the specified binary
cargo	fix --example	option	Fix only the specified example
cargo	fix --test	option	Fix only the specified test target
cargo	fix --bench	option	Fix only the specified bench target
cargo	fix --profile	option	Build artifacts with the specified profile
cargo	fix --features	option	Space or comma separated list of features to activate
cargo	fix --target	option	Fix for the target triple
cargo	fix --target-dir	option	Directory for all generated artifacts
cargo	fix --manifest-path	option	Path to Cargo.toml
cargo	fix --message-format	option	Error format
cargo	fix --color	option	Coloring: auto, always, never
cargo	fix --config	option	Override a configuration value
cargo	fix -Z	option	Unstable (nightly-only) flags to Cargo, see 'cargo -Z help' for details
cargo	fix -q	option	Do not print cargo log messages
cargo	fix --workspace	option	Fix all packages in the workspace
cargo	fix --all	option	Alias for --workspace (deprecated)
cargo	fix --lib	option	Fix only this package's library
cargo	fix --bins	option	Fix all binaries
cargo	fix --examples	option	Fix all examples
cargo	fix --tests	option	Fix all tests
cargo	fix --benches	option	Fix all benches
cargo	fix --all-targets	option	Fix all targets (default)
cargo	fix -r	option	Fix artifacts in release mode, with optimizations
cargo	fix --all-features	option	Activate all available features
cargo	fix --no-default-features	option	Do not activate the `default` feature
cargo	fix --broken-code	option	Fix code even if it already has compiler errors
cargo	fix --edition	option	Fix in preparation for the next edition
cargo	fix --edition-idioms	option	Fix warnings to migrate to the idioms of an edition
cargo	fix --allow-no-vcs	option	Fix code even if a VCS was not detected
cargo	fix --allow-dirty	option	Fix code even if the working directory is dirty
cargo	fix --allow-staged	option	Fix code even if the working directory has staged changes
cargo	fix --ignore-rust-version	option	Ignore `rust-version` specification in packages
cargo	fix -h	option	Print help information
cargo	fix -v	option	Use verbose output (-vv very verbose/build.rs output)
cargo	fix --frozen	option	Require Cargo.lock and cache are up to date
cargo	fix --locked	option	Require Cargo.lock is up to date
cargo	fix --offline	option	Run without accessing the network
cargo	fix --timings	option	Timing output formats (unstable)
cargo	generate-lockfile	subcommand	Generate the lockfile for a package
cargo	generate-lockfile --manifest-path	option	Path to Cargo.toml
cargo	generate-lockfile --color	option	Coloring: auto, always, never
cargo	generate-lockfile --config	option	Override a configuration value
cargo	generate-lockfile -Z	option	Unstable (nightly-only) flags to Cargo, see 'cargo -Z help' for details
cargo	generate-lockfile -q	option	Do not print cargo log messages
cargo	generate-lockfile -h	option	Print help information
cargo	generate-lockfile -v	option	Use verbose output (-vv very verbose/build.rs output)
cargo	generate-lockfile --frozen	option	Require Cargo.lock and cache are up to date
cargo	generate-lockfile --locked	option	Require Cargo.lock is up to date
cargo	generate-lockfile --offline	option	Run without accessing the network
cargo	git-checkout	subcommand	This subcommand has been removed
cargo	git-checkout --color	option	Coloring: auto, always, never
cargo	git-checkout --config	option	Override a configuration value
cargo	git-checkout -Z	option	Unstable (nightly-only) flags to Cargo, see 'cargo -Z help' for details
cargo	git-checkout -h	option	Print help information
cargo	git-checkout -v	option	Use verbose output (-vv very verbose/build.rs output)
cargo	git-checkout --frozen	option	Require Cargo.lock and cache are up to date
cargo	git-checkout --locked	option	Require Cargo.lock is up to date
cargo	git-checkout --offline	option	Run without accessing the network
cargo	init	subcommand	Create a new cargo package in an existing directory
cargo	init --registry	option	Registry to use
cargo	init --vcs	option	Initialize a new repository for the given version control system (git, hg, pijul, or fossil) or do not initialize any ve
cargo	init --edition	option	Edition to set for the crate generated
cargo	init --name	option	Set the resulting package name, defaults to the directory name
cargo	init --color	option	Coloring: auto, always, never
cargo	init --config	option	Override a configuration value
cargo	init -Z	option	Unstable (nightly-only) flags to Cargo, see 'cargo -Z help' for details
cargo	init -q	option	Do not print cargo log messages
cargo	init --bin	option	Use a binary (application) template [default]
cargo	init --lib	option	Use a library template
cargo	init -h	option	Print help information
cargo	init -v	option	Use verbose output (-vv very verbose/build.rs output)
cargo	init --frozen	option	Require Cargo.lock and cache are up to date
cargo	init --locked	option	Require Cargo.lock is up to date
cargo	init --offline	option	Run without accessing the network
cargo	install	subcommand	Install a Rust binary. Default location is $HOME/.cargo/bin
cargo	install --version	option	Specify a version to install
cargo	install --git	option	Git URL to install the specified crate from
cargo	install --branch	option	Branch to use when installing from git
cargo	install --tag	option	Tag to use when installing from git
cargo	install --rev	option	Specific commit to use when installing from git
cargo	install --path	option	Filesystem path to local crate to install
cargo	install -j	option	Number of parallel jobs, defaults to # of CPUs
cargo	install --features	option	Space or comma separated list of features to activate
cargo	install --profile	option	Install artifacts with the specified profile
cargo	install --bin	option	Install only the specified binary
cargo	install --example	option	Install only the specified example
cargo	install --target	option	Build for the target triple
cargo	install --target-dir	option	Directory for all generated artifacts
cargo	install --root	option	Directory to install packages into
cargo	install --index	option	Registry index to install from
cargo	install --registry	option	Registry to use
cargo	install --message-format	option	Error format
cargo	install --color	option	Coloring: auto, always, never
cargo	install --config	option	Override a configuration value
cargo	install -Z	option	Unstable (nightly-only) flags to Cargo, see 'cargo -Z help' for details
cargo	install -q	option	Do not print cargo log messages
cargo	install --list	option	List all installed packages and their versions
cargo	install -f	option	Force overwriting existing crates or binaries
cargo	install --no-track	option	Do not save tracking information
cargo	install --all-features	option	Activate all available features
cargo	install --no-default-features	option	Do not activate the `default` feature
cargo	install --debug	option	Build in debug mode instead of release mode
cargo	install --bins	option	Install all binaries
cargo	install --examples	option	Install all examples
cargo	install -h	option	Print help information
cargo	install -v	option	Use verbose output (-vv very verbose/build.rs output)
cargo	install --frozen	option	Require Cargo.lock and cache are up to date
cargo	install --locked	option	Require Cargo.lock is up to date
cargo	install --offline	option	Run without accessing the network
cargo	install --timings	option	Timing output formats (unstable)
cargo	locate-project	subcommand	Print a JSON representation of a Cargo.toml file's location
cargo	locate-project --manifest-path	option	Path to Cargo.toml
cargo	locate-project --message-format	option	Output representation [possible values: json, plain]
cargo	locate-project --color	option	Coloring: auto, always, never
cargo	locate-project --config	option	Override a configuration value
cargo	locate-project -Z	option	Unstable (nightly-only) flags to Cargo, see 'cargo -Z help' for details
cargo	locate-project -q	option	Do not print cargo log messages
cargo	locate-project --workspace	option	Locate Cargo.toml of the workspace root
cargo	locate-project -h	option	Print help information
cargo	locate-project -v	option	Use verbose output (-vv very verbose/build.rs output)
cargo	locate-project --frozen	option	Require Cargo.lock and cache are up to date
cargo	locate-project --locked	option	Require Cargo.lock is up to date
cargo	locate-project --offline	option	Run without accessing the network
cargo	login	subcommand	Save an api token from the registry locally. If token is not specified, it will be read from stdin
cargo	login --registry	option	Registry to use
cargo	login --color	option	Coloring: auto, always, never
cargo	login --config	option	Override a configuration value
cargo	login -Z	option	Unstable (nightly-only) flags to Cargo, see 'cargo -Z help' for details
cargo	login -q	option	Do not print cargo log messages
cargo	login -h	option	Print help information
cargo	login -v	option	Use verbose output (-vv very verbose/build.rs output)
cargo	login --frozen	option	Require Cargo.lock and cache are up to date
cargo	login --locked	option	Require Cargo.lock is up to date
cargo	login --offline	option	Run without accessing the network
cargo	logout	subcommand	Remove an API token from the registry locally
cargo	logout --registry	option	Registry to use
cargo	logout --color	option	Coloring: auto, always, never
cargo	logout --config	option	Override a configuration value
cargo	logout -Z	option	Unstable (nightly-only) flags to Cargo, see 'cargo -Z help' for details
cargo	logout -q	option	Do not print cargo log messages
cargo	logout -h	option	Print help information
cargo	logout -v	option	Use verbose output (-vv very verbose/build.rs output)
cargo	logout --frozen	option	Require Cargo.lock and cache are up to date
cargo	logout --locked	option	Require Cargo.lock is up to date
cargo	logout --offline	option	Run without accessing the network
cargo	metadata	subcommand	Output the resolved dependencies of a package, the concrete used versions including overrides, in machine-readable forma
cargo	metadata --features	option	Space or comma separated list of features to activate
cargo	metadata --filter-platform	option	Only include resolve dependencies matching the given target-triple
cargo	metadata --manifest-path	option	Path to Cargo.toml
cargo	metadata --format-version	option	Format version
cargo	metadata --color	option	Coloring: auto, always, never
cargo	metadata --config	option	Override a configuration value
cargo	metadata -Z	option	Unstable (nightly-only) flags to Cargo, see 'cargo -Z help' for details
cargo	metadata -q	option	Do not print cargo log messages
cargo	metadata --all-features	option	Activate all available features
cargo	metadata --no-default-features	option	Do not activate the `default` feature
cargo	metadata --no-deps	option	Output information only about the workspace members and don't fetch dependencies
cargo	metadata -h	option	Print help information
cargo	metadata -v	option	Use verbose output (-vv very verbose/build.rs output)
cargo	metadata --frozen	option	Require Cargo.lock and cache are up to date
cargo	metadata --locked	option	Require Cargo.lock is up to date
cargo	metadata --offline	option	Run without accessing the network
cargo	new	subcommand	Create a new cargo package at <path>
cargo	new --registry	option	Registry to use
cargo	new --vcs	option	Initialize a new repository for the given version control system (git, hg, pijul, or fossil) or do not initialize any ve
cargo	new --edition	option	Edition to set for the crate generated
cargo	new --name	option	Set the resulting package name, defaults to the directory name
cargo	new --color	option	Coloring: auto, always, never
cargo	new --config	option	Override a configuration value
cargo	new -Z	option	Unstable (nightly-only) flags to Cargo, see 'cargo -Z help' for details
cargo	new -q	option	Do not print cargo log messages
cargo	new --bin	option	Use a binary (application) template [default]
cargo	new --lib	option	Use a library template
cargo	new -h	option	Print help information
cargo	new -v	option	Use verbose output (-vv very verbose/build.rs output)
cargo	new --frozen	option	Require Cargo.lock and cache are up to date
cargo	new --locked	option	Require Cargo.lock is up to date
cargo	new --offline	option	Run without accessing the network
cargo	owner	subcommand	Manage the owners of a crate on the registry
cargo	owner -a	option	Name of a user or team to invite as an owner
cargo	owner -r	option	Name of a user or team to remove as an owner
cargo	owner --index	option	Registry index to modify owners for
cargo	owner --token	option	API token to use when authenticating
cargo	owner --registry	option	Registry to use
cargo	owner --color	option	Coloring: auto, always, never
cargo	owner --config	option	Override a configuration value
cargo	owner -Z	option	Unstable (nightly-only) flags to Cargo, see 'cargo -Z help' for details
cargo	owner -q	option	Do not print cargo log messages
cargo	owner -l	option	List owners of a crate
cargo	owner -h	option	Print help information
cargo	owner -v	option	Use verbose output (-vv very verbose/build.rs output)
cargo	owner --frozen	option	Require Cargo.lock and cache are up to date
cargo	owner --locked	option	Require Cargo.lock is up to date
cargo	owner --offline	option	Run without accessing the network
cargo	package	subcommand	Assemble the local package into a distributable tarball
cargo	package --target	option	Build for the target triple
cargo	package --target-dir	option	Directory for all generated artifacts
cargo	package --features	option	Space or comma separated list of features to activate
cargo	package -p	option	Package(s) to assemble
cargo	package --exclude	option	Don't assemble specified packages
cargo	package --manifest-path	option	Path to Cargo.toml
cargo	package -j	option	Number of parallel jobs, defaults to # of CPUs
cargo	package --color	option	Coloring: auto, always, never
cargo	package --config	option	Override a configuration value
cargo	package -Z	option	Unstable (nightly-only) flags to Cargo, see 'cargo -Z help' for details
cargo	package -q	option	Do not print cargo log messages
cargo	package -l	option	Print files included in a package without making one
cargo	package --no-verify	option	Don't verify the contents by building them
cargo	package --no-metadata	option	Ignore warnings about a lack of human-usable metadata
cargo	package --allow-dirty	option	Allow dirty working directories to be packaged
cargo	package --all-features	option	Activate all available features
cargo	package --no-default-features	option	Do not activate the `default` feature
cargo	package --workspace	option	Assemble all packages in the workspace
cargo	package -h	option	Print help information
cargo	package -v	option	Use verbose output (-vv very verbose/build.rs output)
cargo	package --frozen	option	Require Cargo.lock and cache are up to date
cargo	package --locked	option	Require Cargo.lock is up to date
cargo	package --offline	option	Run without accessing the network
cargo	pkgid	subcommand	Print a fully qualified package specification
cargo	pkgid -p	option	Argument to get the package ID specifier for
cargo	pkgid --manifest-path	option	Path to Cargo.toml
cargo	pkgid --color	option	Coloring: auto, always, never
cargo	pkgid --config	option	Override a configuration value
cargo	pkgid -Z	option	Unstable (nightly-only) flags to Cargo, see 'cargo -Z help' for details
cargo	pkgid -q	option	Do not print cargo log messages
cargo	pkgid -h	option	Print help information
cargo	pkgid -v	option	Use verbose output (-vv very verbose/build.rs output)
cargo	pkgid --frozen	option	Require Cargo.lock and cache are up to date
cargo	pkgid --locked	option	Require Cargo.lock is up to date
cargo	pkgid --offline	option	Run without accessing the network
cargo	publish	subcommand	Upload a package to the registry
cargo	publish --index	option	Registry index URL to upload the package to
cargo	publish --token	option	Token to use when uploading
cargo	publish --target	option	Build for the target triple
cargo	publish --target-dir	option	Directory for all generated artifacts
cargo	publish -p	option	Package to publish
cargo	publish --manifest-path	option	Path to Cargo.toml
cargo	publish --features	option	Space or comma separated list of features to activate
cargo	publish -j	option	Number of parallel jobs, defaults to # of CPUs
cargo	publish --registry	option	Registry to publish to
cargo	publish --color	option	Coloring: auto, always, never
cargo	publish --config	option	Override a configuration value
cargo	publish -Z	option	Unstable (nightly-only) flags to Cargo, see 'cargo -Z help' for details
cargo	publish -q	option	Do not print cargo log messages
cargo	publish --no-verify	option	Don't verify the contents by building them
cargo	publish --allow-dirty	option	Allow dirty working directories to be packaged
cargo	publish --all-features	option	Activate all available features
cargo	publish --no-default-features	option	Do not activate the `default` feature
cargo	publish --dry-run	option	Perform all checks without uploading
cargo	publish -h	option	Print help information
cargo	publish -v	option	Use verbose output (-vv very verbose/build.rs output)
cargo	publish --frozen	option	Require Cargo.lock and cache are up to date
cargo	publish --locked	option	Require Cargo.lock is up to date
cargo	publish --offline	option	Run without accessing the network
cargo	read-manifest	subcommand	Print a JSON representation of a Cargo.toml manifest. Deprecated, use `cargo metadata --no-deps` instead
cargo	read-manifest --manifest-path	option	Path to Cargo.toml
cargo	read-manifest --color	option	Coloring: auto, always, never
cargo	read-manifest --config	option	Override a configuration value
cargo	read-manifest -Z	option	Unstable (nightly-only) flags to Cargo, see 'cargo -Z help' for details
cargo	read-manifest -q	option	Do not print cargo log messages
cargo	read-manifest -h	option	Print help information
cargo	read-manifest -v	option	Use verbose output (-vv very verbose/build.rs output)
cargo	read-manifest --frozen	option	Require Cargo.lock and cache are up to date
cargo	read-manifest --locked	option	Require Cargo.lock is up to date
cargo	read-manifest --offline	option	Run without accessing the network
cargo	report	subcommand	Generate and display various kinds of reports
cargo	report future-incompatibilities	subcommand	Reports any crates which will eventually stop compiling
cargo	report future-incompatibilities --id	option	Identifier of the report generated by a Cargo command invocation
cargo	report future-incompatibilities -p	option	Package to display a report for
cargo	report future-incompatibilities --color	option	Coloring: auto, always, never
cargo	report future-incompatibilities --config	option	Override a configuration value
cargo	report future-incompatibilities -Z	option	Unstable (nightly-only) flags to Cargo, see 'cargo -Z help' for details
cargo	report future-incompatibilities --version	option	Print version information
cargo	report future-incompatibilities -h	option	Print help information
cargo	report future-incompatibilities -v	option	Use verbose output (-vv very verbose/build.rs output)
cargo	report future-incompatibilities --frozen	option	Require Cargo.lock and cache are up to date
cargo	report future-incompatibilities --locked	option	Require Cargo.lock is up to date
cargo	report future-incompatibilities --offline	option	Run without accessing the network
cargo	report help	subcommand	Print this message or the help of the given subcommand(s)
cargo	report help --color	option	Coloring: auto, always, never
cargo	report help --config	option	Override a configuration value
cargo	report help -Z	option	Unstable (nightly-only) flags to Cargo, see 'cargo -Z help' for details
cargo	report help --version	option	Print version information
cargo	report help -h	option	Print help information
cargo	report help -v	option	Use verbose output (-vv very verbose/build.rs output)
cargo	report help --frozen	option	Require Cargo.lock and cache are up to date
cargo	report help --locked	option	Require Cargo.lock is up to date
cargo	report help --offline	option	Run without accessing the network
cargo	report --color	option	Coloring: auto, always, never
cargo	report --config	option	Override a configuration value
cargo	report -Z	option	Unstable (nightly-only) flags to Cargo, see 'cargo -Z help' for details
cargo	report -h	option	Print help information
cargo	report -v	option	Use verbose output (-vv very verbose/build.rs output)
cargo	report --frozen	option	Require Cargo.lock and cache are up to date
cargo	report --locked	option	Require Cargo.lock is up to date
cargo	report --offline	option	Run without accessing the network
cargo	run	subcommand	Run a binary or example of the local package
cargo	run --bin	option	Name of the bin target to run
cargo	run --example	option	Name of the example target to run
cargo	run -p	option	Package with the target to run
cargo	run -j	option	Number of parallel jobs, defaults to # of CPUs
cargo	run --profile	option	Build artifacts with the specified profile
cargo	run --features	option	Space or comma separated list of features to activate
cargo	run --target	option	Build for the target triple
cargo	run --target-dir	option	Directory for all generated artifacts
cargo	run --manifest-path	option	Path to Cargo.toml
cargo	run --message-format	option	Error format
cargo	run --color	option	Coloring: auto, always, never
cargo	run --config	option	Override a configuration value
cargo	run -Z	option	Unstable (nightly-only) flags to Cargo, see 'cargo -Z help' for details
cargo	run -q	option	Do not print cargo log messages
cargo	run -r	option	Build artifacts in release mode, with optimizations
cargo	run --all-features	option	Activate all available features
cargo	run --no-default-features	option	Do not activate the `default` feature
cargo	run --unit-graph	option	Output build graph in JSON (unstable)
cargo	run --ignore-rust-version	option	Ignore `rust-version` specification in packages
cargo	run -h	option	Print help information
cargo	run -v	option	Use verbose output (-vv very verbose/build.rs output)
cargo	run --frozen	option	Require Cargo.lock and cache are up to date
cargo	run --locked	option	Require Cargo.lock is up to date
cargo	run --offline	option	Run without accessing the network
cargo	run --timings	option	Timing output formats (unstable)
cargo	rustc	subcommand	Compile a package, and pass extra options to the compiler
cargo	rustc -p	option	Package to build
cargo	rustc -j	option	Number of parallel jobs, defaults to # of CPUs
cargo	rustc --bin	option	Build only the specified binary
cargo	rustc --example	option	Build only the specified example
cargo	rustc --test	option	Build only the specified test target
cargo	rustc --bench	option	Build only the specified bench target
cargo	rustc --profile	option	Build artifacts with the specified profile
cargo	rustc --features	option	Space or comma separated list of features to activate
cargo	rustc --target	option	Target triple which compiles will be for
cargo	rustc --print	option	Output compiler information without compiling
cargo	rustc --crate-type	option	Comma separated list of types of crates for the compiler to emit
cargo	rustc --target-dir	option	Directory for all generated artifacts
cargo	rustc --manifest-path	option	Path to Cargo.toml
cargo	rustc --message-format	option	Error format
cargo	rustc --color	option	Coloring: auto, always, never
cargo	rustc --config	option	Override a configuration value
cargo	rustc -Z	option	Unstable (nightly-only) flags to Cargo, see 'cargo -Z help' for details
cargo	rustc -q	option	Do not print cargo log messages
cargo	rustc --lib	option	Build only this package's library
cargo	rustc --bins	option	Build all binaries
cargo	rustc --examples	option	Build all examples
cargo	rustc --tests	option	Build all tests
cargo	rustc --benches	option	Build all benches
cargo	rustc --all-targets	option	Build all targets
cargo	rustc -r	option	Build artifacts in release mode, with optimizations
cargo	rustc --all-features	option	Activate all available features
cargo	rustc --no-default-features	option	Do not activate the `default` feature
cargo	rustc --unit-graph	option	Output build graph in JSON (unstable)
cargo	rustc --ignore-rust-version	option	Ignore `rust-version` specification in packages
cargo	rustc --future-incompat-report	option	Outputs a future incompatibility report at the end of the build
cargo	rustc -h	option	Print help information
cargo	rustc -v	option	Use verbose output (-vv very verbose/build.rs output)
cargo	rustc --frozen	option	Require Cargo.lock and cache are up to date
cargo	rustc --locked	option	Require Cargo.lock is up to date
cargo	rustc --offline	option	Run without accessing the network
cargo	rustc --timings	option	Timing output formats (unstable)
cargo	rustdoc	subcommand	Build a package's documentation, using specified custom flags
cargo	rustdoc -p	option	Package to document
cargo	rustdoc -j	option	Number of parallel jobs, defaults to # of CPUs
cargo	rustdoc --bin	option	Build only the specified binary
cargo	rustdoc --example	option	Build only the specified example
cargo	rustdoc --test	option	Build only the specified test target
cargo	rustdoc --bench	option	Build only the specified bench target
cargo	rustdoc --profile	option	Build artifacts with the specified profile
cargo	rustdoc --features	option	Space or comma separated list of features to activate
cargo	rustdoc --target	option	Build for the target triple
cargo	rustdoc --target-dir	option	Directory for all generated artifacts
cargo	rustdoc --manifest-path	option	Path to Cargo.toml
cargo	rustdoc --message-format	option	Error format
cargo	rustdoc --color	option	Coloring: auto, always, never
cargo	rustdoc --config	option	Override a configuration value
cargo	rustdoc -Z	option	Unstable (nightly-only) flags to Cargo, see 'cargo -Z help' for details
cargo	rustdoc -q	option	Do not print cargo log messages
cargo	rustdoc --open	option	Opens the docs in a browser after the operation
cargo	rustdoc --lib	option	Build only this package's library
cargo	rustdoc --bins	option	Build all binaries
cargo	rustdoc --examples	option	Build all examples
cargo	rustdoc --tests	option	Build all tests
cargo	rustdoc --benches	option	Build all benches
cargo	rustdoc --all-targets	option	Build all targets
cargo	rustdoc -r	option	Build artifacts in release mode, with optimizations
cargo	rustdoc --all-features	option	Activate all available features
cargo	rustdoc --no-default-features	option	Do not activate the `default` feature
cargo	rustdoc --unit-graph	option	Output build graph in JSON (unstable)
cargo	rustdoc --ignore-rust-version	option	Ignore `rust-version` specification in packages
cargo	rustdoc -h	option	Print help information
cargo	rustdoc -v	option	Use verbose output (-vv very verbose/build.rs output)
cargo	rustdoc --frozen	option	Require Cargo.lock and cache are up to date
cargo	rustdoc --locked	option	Require Cargo.lock is up to date
cargo	rustdoc --offline	option	Run without accessing the network
cargo	rustdoc --timings	option	Timing output formats (unstable)
cargo	search	subcommand	Search packages in crates.io
cargo	search --index	option	Registry index URL to upload the package to
cargo	search --limit	option	Limit the number of results (default: 10, max: 100)
cargo	search --registry	option	Registry to use
cargo	search --color	option	Coloring: auto, always, never
cargo	search --config	option	Override a configuration value
cargo	search -Z	option	Unstable (nightly-only) flags to Cargo, see 'cargo -Z help' for details
cargo	search -q	option	Do not print cargo log messages
cargo	search -h	option	Print help information
cargo	search -v	option	Use verbose output (-vv very verbose/build.rs output)
cargo	search --frozen	option	Require Cargo.lock and cache are up to date
cargo	search --locked	option	Require Cargo.lock is up to date
cargo	search --offline	option	Run without accessing the network
cargo	test	subcommand	Execute all unit and integration tests and build examples of a local package
cargo	test --bin	option	Test only the specified binary
cargo	test --example	option	Test only the specified example
cargo	test --test	option	Test only the specified test target
cargo	test --bench	option	Test only the specified bench target
cargo	test -p	option	Package to run tests for
cargo	test --exclude	option	Exclude packages from the test
cargo	test -j	option	Number of parallel jobs, defaults to # of CPUs
cargo	test --profile	option	Build artifacts with the specified profile
cargo	test --features	option	Space or comma separated list of features to activate
cargo	test --target	option	Build for the target triple
cargo	test --target-dir	option	Directory for all generated artifacts
cargo	test --manifest-path	option	Path to Cargo.toml
cargo	test --message-format	option	Error format
cargo	test --color	option	Coloring: auto, always, never
cargo	test --config	option	Override a configuration value
cargo	test -Z	option	Unstable (nightly-only) flags to Cargo, see 'cargo -Z help' for details
cargo	test -q	option	Display one character per test instead of one line
cargo	test --lib	option	Test only this package's library unit tests
cargo	test --bins	option	Test all binaries
cargo	test --examples	option	Test all examples
cargo	test --tests	option	Test all tests
cargo	test --benches	option	Test all benches
cargo	test --all-targets	option	Test all targets
cargo	test --doc	option	Test only this library's documentation
cargo	test --no-run	option	Compile, but don't run tests
cargo	test --no-fail-fast	option	Run all tests regardless of failure
cargo	test --workspace	option	Test all packages in the workspace
cargo	test --all	option	Alias for --workspace (deprecated)
cargo	test -r	option	Build artifacts in release mode, with optimizations
cargo	test --all-features	option	Activate all available features
cargo	test --no-default-features	option	Do not activate the `default` feature
cargo	test --ignore-rust-version	option	Ignore `rust-version` specification in packages
cargo	test --unit-graph	option	Output build graph in JSON (unstable)
cargo	test --future-incompat-report	option	Outputs a future incompatibility report at the end of the build
cargo	test -h	option	Print help information
cargo	test -v	option	Use verbose output (-vv very verbose/build.rs output)
cargo	test --frozen	option	Require Cargo.lock and cache are up to date
cargo	test --locked	option	Require Cargo.lock is up to date
cargo	test --offline	option	Run without accessing the network
cargo	test --timings	option	Timing output formats (unstable)
cargo	tree	subcommand	Display a tree visualization of a dependency graph
cargo	tree --manifest-path	option	Path to Cargo.toml
cargo	tree -p	option	Package to be used as the root of the tree
cargo	tree --exclude	option	Exclude specific workspace members
cargo	tree --features	option	Space or comma separated list of features to activate
cargo	tree --target	option	Filter dependencies matching the given target-triple (default host platform). Pass `all` to include all targets
cargo	tree -e	option	The kinds of dependencies to display (features, normal, build, dev, all, no-normal, no-build, no-dev, no-proc-macro)
cargo	tree -i	option	Invert the tree direction and focus on the given package
cargo	tree --prune	option	Prune the given package from the display of the dependency tree
cargo	tree --depth	option	Maximum display depth of the dependency tree
cargo	tree --prefix	option	Change the prefix (indentation) of how each entry is displayed
cargo	tree --charset	option	Character set to use in output: utf8, ascii
cargo	tree -f	option	Format string used for printing dependencies
cargo	tree --color	option	Coloring: auto, always, never
cargo	tree --config	option	Override a configuration value
cargo	tree -Z	option	Unstable (nightly-only) flags to Cargo, see 'cargo -Z help' for details
cargo	tree -q	option	Do not print cargo log messages
cargo	tree --workspace	option	Display the tree for all packages in the workspace
cargo	tree -a	option	
cargo	tree --all-targets	option	
cargo	tree --all-features	option	Activate all available features
cargo	tree --no-default-features	option	Do not activate the `default` feature
cargo	tree --no-dev-dependencies	option	
cargo	tree --no-indent	option	
cargo	tree --prefix-depth	option	
cargo	tree --no-dedupe	option	Do not de-duplicate (repeats all shared dependencies)
cargo	tree -d	option	Show only dependencies which come in multiple versions (implies -i)
cargo	tree -V	option	
cargo	tree -h	option	Print help information
cargo	tree -v	option	Use verbose output (-vv very verbose/build.rs output)
cargo	tree --frozen	option	Require Cargo.lock and cache are up to date
cargo	tree --locked	option	Require Cargo.lock is up to date
cargo	tree --offline	option	Run without accessing the network
cargo	uninstall	subcommand	Remove a Rust binary
cargo	uninstall -p	option	Package to uninstall
cargo	uninstall --bin	option	Only uninstall the binary NAME
cargo	uninstall --root	option	Directory to uninstall packages from
cargo	uninstall --color	option	Coloring: auto, always, never
cargo	uninstall --config	option	Override a configuration value
cargo	uninstall -Z	option	Unstable (nightly-only) flags to Cargo, see 'cargo -Z help' for details
cargo	uninstall -q	option	Do not print cargo log messages
cargo	uninstall -h	option	Print help information
cargo	uninstall -v	option	Use verbose output (-vv very verbose/build.rs output)
cargo	uninstall --frozen	option	Require Cargo.lock and cache are up to date
cargo	uninstall --locked	option	Require Cargo.lock is up to date
cargo	uninstall --offline	option	Run without accessing the network
cargo	update	subcommand	Update dependencies as recorded in the local lock file
cargo	update -p	option	Package to update
cargo	update --precise	option	Update a single dependency to exactly PRECISE when used with -p
cargo	update --manifest-path	option	Path to Cargo.toml
cargo	update --color	option	Coloring: auto, always, never
cargo	update --config	option	Override a configuration value
cargo	update -Z	option	Unstable (nightly-only) flags to Cargo, see 'cargo -Z help' for details
cargo	update -q	option	Do not print cargo log messages
cargo	update -w	option	Only update the workspace packages
cargo	update --aggressive	option	Force updating all dependencies of SPEC as well when used with -p
cargo	update --dry-run	option	Don't actually write the lockfile
cargo	update -h	option	Print help information
cargo	update -v	option	Use verbose output (-vv very verbose/build.rs output)
cargo	update --frozen	option	Require Cargo.lock and cache are up to date
cargo	update --locked	option	Require Cargo.lock is up to date
cargo	update --offline	option	Run without accessing the network
cargo	vendor	subcommand	Vendor all dependencies for a project locally
cargo	vendor --manifest-path	option	Path to Cargo.toml
cargo	vendor -s	option	Additional `Cargo.toml` to sync and vendor
cargo	vendor --color	option	Coloring: auto, always, never
cargo	vendor --config	option	Override a configuration value
cargo	vendor -Z	option	Unstable (nightly-only) flags to Cargo, see 'cargo -Z help' for details
cargo	vendor -q	option	Do not print cargo log messages
cargo	vendor --no-delete	option	Don't delete older crates in the vendor directory
cargo	vendor --respect-source-config	option	Respect `[source]` config in `.cargo/config`
cargo	vendor --versioned-dirs	option	Always include version in subdir name
cargo	vendor --no-merge-sources	option	
cargo	vendor --relative-path	option	
cargo	vendor --only-git-deps	option	
cargo	vendor --disallow-duplicates	option	
cargo	vendor -h	option	Print help information
cargo	vendor -v	option	Use verbose output (-vv very verbose/build.rs output)
cargo	vendor --frozen	option	Require Cargo.lock and cache are up to date
cargo	vendor --locked	option	Require Cargo.lock is up to date
cargo	vendor --offline	option	Run without accessing the network
cargo	verify-project	subcommand	Check correctness of crate manifest
cargo	verify-project --manifest-path	option	Path to Cargo.toml
cargo	verify-project --color	option	Coloring: auto, always, never
cargo	verify-project --config	option	Override a configuration value
cargo	verify-project -Z	option	Unstable (nightly-only) flags to Cargo, see 'cargo -Z help' for details
cargo	verify-project -q	option	Do not print cargo log messages
cargo	verify-project -h	option	Print help information
cargo	verify-project -v	option	Use verbose output (-vv very verbose/build.rs output)
cargo	verify-project --frozen	option	Require Cargo.lock and cache are up to date
cargo	verify-project --locked	option	Require Cargo.lock is up to date
cargo	verify-project --offline	option	Run without accessing the network
cargo	version	subcommand	Show version information
cargo	version --color	option	Coloring: auto, always, never
cargo	version --config	option	Override a configuration value
cargo	version -Z	option	Unstable (nightly-only) flags to Cargo, see 'cargo -Z help' for details
cargo	version -q	option	Do not print cargo log messages
cargo	version -h	option	Print help information
cargo	version -v	option	Use verbose output (-vv very verbose/build.rs output)
cargo	version --frozen	option	Require Cargo.lock and cache are up to date
cargo	version --locked	option	Require Cargo.lock is up to date
cargo	version --offline	option	Run without accessing the network
cargo	yank	subcommand	Remove a pushed crate from the index
cargo	yank --vers	option	The version to yank or un-yank
cargo	yank --index	option	Registry index to yank from
cargo	yank --token	option	API token to use when authenticating
cargo	yank --registry	option	Registry to use
cargo	yank --color	option	Coloring: auto, always, never
cargo	yank --config	option	Override a configuration value
cargo	yank -Z	option	Unstable (nightly-only) flags to Cargo, see 'cargo -Z help' for details
cargo	yank -q	option	Do not print cargo log messages
cargo	yank --undo	option	Undo a yank, putting a version back into the index
cargo	yank -h	option	Print help information
cargo	yank -v	option	Use verbose output (-vv very verbose/build.rs output)
cargo	yank --frozen	option	Require Cargo.lock and cache are up to date
cargo	yank --locked	option	Require Cargo.lock is up to date
cargo	yank --offline	option	Run without accessing the network
cargo	help	subcommand	Print this message or the help of the given subcommand(s)
cargo	help --color	option	Coloring: auto, always, never
cargo	help --config	option	Override a configuration value
cargo	help -Z	option	Unstable (nightly-only) flags to Cargo, see 'cargo -Z help' for details
cargo	help -v	option	Use verbose output (-vv very verbose/build.rs output)
cargo	help --frozen	option	Require Cargo.lock and cache are up to date
cargo	help --locked	option	Require Cargo.lock is up to date
cargo	help --offline	option	Run without accessing the network
cargo	add	subcommand	Add dependencies to a Cargo.toml manifest file
cargo	add --no-default-features	option	Disable the default features
cargo	add --default-features	option	Re-enable the default features
cargo	add -F	option	Space or comma separated list of features to activate
cargo	add --optional	option	Mark the dependency as optional
cargo	add -v	option	Use verbose output
cargo	add --no-optional	option	Mark the dependency as required
cargo	add --color	option	
cargo	add --rename	option	Rename the dependency
cargo	add --frozen	option	Require Cargo.lock and cache are up to date
cargo	add --manifest-path	option	Path to Cargo.toml
cargo	add --locked	option	Require Cargo.lock is up to date
cargo	add -p	option	Package to modify
cargo	add --offline	option	Run without accessing the network
cargo	add -q	option	Do not print cargo log messages
cargo	add --dry-run	option	Don't actually write the manifest
cargo	add -h	option	Print help information
cargo	add --path	option	Filesystem path to local crate to add
cargo	add --git	option	Git repository location
cargo	add --branch	option	Git branch to download the crate from
cargo	add --tag	option	Git tag to download the crate from
cargo	add --rev	option	Git reference to download the crate from
cargo	add --registry	option	Package registry for this dependency
cargo	add --dev	option	Add as development dependency
cargo	add --build	option	Add as build dependency
cargo	add --target	option	Add as dependency to the given target platform
cargo	remove	subcommand	Remove dependencies from a Cargo.toml manifest file
cargo	remove --dev	option	Remove as development dependency
cargo	remove --build	option	Remove as build dependency
cargo	remove --target	option	Remove as dependency to the given target platform
cargo	remove -p	option	Package to remove from
cargo	remove --manifest-path	option	Path to Cargo.toml
cargo	remove -q	option	Do not print cargo log messages
cargo	remove --dry-run	option	Don't actually write the manifest
cargo	remove -v	option	Use verbose output
cargo	remove --color	option	
cargo	remove --frozen	option	Require Cargo.lock and cache are up to date
cargo	remove --locked	option	Require Cargo.lock is up to date
cargo	remove --offline	option	Run without accessing the network
cargo	remove -h	option	Print help information
cargo	--explain	option	Run `rustc --explain CODE`
cargo	--color	option	Coloring: auto, always, never
cargo	--config	option	Override a configuration value
cargo	-Z	option	Unstable (nightly-only) flags to Cargo, see 'cargo -Z help' for details
cargo	-h	option	Print help information
cargo	-V	option	Print version info and exit
cargo	--list	option	List installed commands
cargo	-v	option	Use verbose output (-vv very verbose/build.rs output)
cargo	-q	option	Do not print cargo log messages
cargo	--frozen	option	Require Cargo.lock and cache are up to date
cargo	--locked	option	Require Cargo.lock is up to date
cargo	--offline	option	Run without accessing the network
make	-j	option	
make	--file	option	Read FILE as a makefile
make	-C	option	Change to DIRECTORY before doing anything
make	-B	option	Unconditionally make all targets
make	-e	option	Environment variables override makefiles
make	-h	option	Print this message and exit
make	-i	option	Ignore errors from commands
make	-k	option	Keep going when some targets can't be made
make	-L	option	Use the latest mtime between symlinks and target
make	-p	option	Print make's internal database
make	-q	option	Run no commands; exit status says if up to date
make	-r	option	Disable the built-in implicit rules
make	-R	option	Disable the built-in variable settings
make	-t	option	Touch targets instead of remaking them
make	-v	option	Print the version number of make and exit
make	-w	option	Print the current directory
make	-d	option	Print lots of debugging information
make	--debug	option	Print various types of debugging information
make	-I	option	Search directory for included makefiles
make	-l	option	Don't start multiple jobs unless load is below N
make	-o	option	Consider file to be very old and don't remake it
make	--no-print-directory	option	Turn off -w, even if it was turned on implicitly
make	-W	option	Consider file to be infinitely new
make	--warn-undefined-variables	option	Warn when an undefined variable is referenced
make	-N	option	Turn on value of next option
brew	list	subcommand	List all installed formulae
brew	list -d	option	Display any debugging information
brew	list -q	option	Make some output more quiet
brew	list -v	option	Make some output more verbose
brew	list -h	option	Show help message
brew	list --formula	option	List only formulae, or treat all named arguments as formulae
brew	list --cask	option	List only casks, or treat all named arguments as casks
brew	list --unbrewed	option	List files in Homebrew's prefix not installed by Homebrew. (disabled; replaced by brew --prefix --unbrewed)
brew	list --full-name	option	Print formulae with fully-qualified names. Unless --full-name, --versions or
brew	list --pinned	option	List only pinned formulae, or only the specified (pinned) formulae if formula are provided
brew	list --versions	option	Show the version number for installed formulae, or only the specified formulae if formula are provided
brew	list --multiple	option	Only show formulae with multiple versions installed
brew	list --pinned	option	List only pinned formulae, or only the specified (pinned) formulae if formula are provided. See also pin, unpin
brew	list -1	option	Force output to be one entry per line. This is the default when output is not to a terminal
brew	list -l	option	List formulae and/or casks in long format. Has no effect when a formula or cask name is passed as an argument
brew	list -r	option	Reverse the order of the formulae and/or casks sort to list the oldest entries first. Has no effect when a formula or ca
brew	list -t	option	Sort formulae and/or casks by time modified, listing most recently modified first. Has no effect when a formula or cask
brew	ls	subcommand	List all installed formulae
brew	ls -d	option	Display any debugging information
brew	ls -q	option	Make some output more quiet
brew	ls -v	option	Make some output more verbose
brew	ls -h	option	Show help message
brew	ls --formula	option	List only formulae, or treat all named arguments as formulae
brew	ls --cask	option	List only casks, or treat all named arguments as casks
brew	ls --unbrewed	option	List files in Homebrew's prefix not installed by Homebrew. (disabled; replaced by brew --prefix --unbrewed)
brew	ls --full-name	option	Print formulae with fully-qualified names. Unless --full-name, --versions or
brew	ls --pinned	option	List only pinned formulae, or only the specified (pinned) formulae if formula are provided
brew	ls --versions	option	Show the version number for installed formulae, or only the specified formulae if formula are provided
brew	ls --multiple	option	Only show formulae with multiple versions installed
brew	ls --pinned	option	List only pinned formulae, or only the specified (pinned) formulae if formula are provided
brew	ls -1	option	Force output to be one entry per line. This is the default when output is not to a terminal
brew	ls -l	option	List formulae and/or casks in long format. Has no effect when a formula or cask name is passed as an argument
brew	ls -r	option	Reverse the order of the formulae and/or casks sort to list the oldest entries first. Has no effect when a formula or ca
brew	ls -t	option	Sort formulae and/or casks by time modified, listing most recently modified first. Has no effect when a formula or cask
brew	leaves	subcommand	List installed formulae that are not dependencies of another installed formula
brew	leaves -r	option	Show manually installed formula
brew	leaves -p	option	Show installed formula as dependencies
brew	doctor	subcommand	Check your system for potential problems
brew	doctor -d	option	Display any debugging information
brew	doctor -q	option	Make some output more quiet
brew	doctor -v	option	Make some output more verbose
brew	doctor -h	option	Show help message
brew	doctor --list-checks	option	List all audit methods
brew	doctor -D	option	Enable debugging and profiling of audit methods
brew	abv	subcommand	Display brief statistics for your Homebrew installation
brew	abv --cask	option	List only casks, or treat all named arguments as casks
brew	abv --analytics	option	List global Homebrew analytics data or, if specified, installation and build error data for formula
brew	abv --days	option	How many days of analytics data to retrieve
brew	abv --category	option	Which type of analytics data to retrieve
brew	abv --github	option	Open the GitHub source page for formula in a browser
brew	abv --json	option	Print a JSON representation
brew	abv --installed	option	Print JSON of formulae that are currently installed
brew	abv --all	option	Print JSON of all available formulae
brew	abv -v	option	Show more verbose analytics data for formulae
brew	abv --formula	option	Treat all named arguments as formulae
brew	abv --cash	option	Treat all named arguments as casks
brew	abv -d	option	Display any debugging information
brew	abv -q	option	List only the names of outdated kegs
brew	abv -h	option	Get help with services command
brew	update	subcommand	Fetch the newest version of Homebrew and all formulae
brew	update -f	option	Always do a slower, full update check
brew	update -v	option	Print the directories checked and git operations performed
brew	update -d	option	Display a trace of all shell commands as they are executed
brew	update -h	option	Show help message
brew	update --merge	option	Use git merge to apply updates (rather than git rebase)
brew	update --preinstall	option	Run on auto-updates (e.g. before brew install). Skips some slower steps
brew	outdated	subcommand	List installed casks and formulae that have an updated version available
brew	outdated -d	option	Display any debugging information
brew	outdated -q	option	List only the names of outdated kegs
brew	outdated -v	option	Include detailed version information
brew	outdated -h	option	Show help message for the outdated command
brew	outdated --cask	option	List only outdated casks
brew	outdated --fetch-HEAD	option	Fetch the upstream repository to detect if the HEAD installation of the formula is outdated
brew	outdated --formula	option	List only outdated formulae
brew	outdated --greedy	option	Print outdated casks with auto_updates or version :latest
brew	outdated --greedy-latest	option	Print outdated casks including those with version :latest
brew	outdated --greedy-auto-updates	option	Print outdated casks including those with auto_updates true
brew	outdated --json	option	Print output in JSON format
brew	pin	subcommand	Pin formula, preventing them from being upgraded
brew	pin -d	option	Display any debugging information
brew	pin -q	option	Make some output more quiet
brew	pin -v	option	Make some output more verbose
brew	pin -h	option	Show help message
brew	unpin	subcommand	Unpin formula, allowing them to be upgraded
brew	unpin -d	option	Display any debugging information
brew	unpin -q	option	Make some output more quiet
brew	unpin -v	option	Make some output more verbose
brew	unpin -h	option	Show help message
brew	upgrade	subcommand	Upgrade outdated casks and outdated, unpinned formulae using the same options they were originally installed with, plus
brew	upgrade -d	option	If brewing fails, open an interactive debugging session with access to IRB or a shell inside the temporary build directo
brew	upgrade -f	option	Install formulae without checking for previously installed keg-only or non-migrated versions. When installing casks, ove
brew	upgrade -v	option	Print the verification and postinstall steps
brew	upgrade -n	option	Show what would be upgraded, but do not actually upgrade anything
brew	upgrade -s	option	Compile formula from source even if a bottle is provided. Dependencies will still be installed from bottles if they are
brew	upgrade -i	option	Download and patch formula, then open a shell
brew	upgrade -g	option	Create a Git repository
brew	upgrade -q	option	Make some output more quiet
brew	upgrade -h	option	Show this message
brew	upgrade --formula	option	Treat all named arguments as formulae. If no named arguments are specified, upgrade only outdated formulae
brew	upgrade --env	option	Disabled other than for internal Homebrew use
brew	upgrade --ignore-dependencies	option	An unsupported Homebrew development flag to skip installing any dependencies of any kind. If the dependencies are not al
brew	upgrade --only-dependencies	option	Install the dependencies with specified options but do not install the formula itself
brew	upgrade --cc	option	Attempt to compile using the specified compiler, which should be the name of the compiler's executable
brew	upgrade --force-bottle	option	Install from a bottle if it exists for the current or newest version of macOS, even if it would not normally be used for
brew	upgrade --include-test	option	Install testing dependencies required to run brew test formula
brew	upgrade --HEAD	option	If formula defines it, install the HEAD version, aka. main, trunk, unstable, master
brew	upgrade --fetch-HEAD	option	Fetch the upstream repository to detect if the HEAD installation of the formula is outdated. Otherwise, the repository's
brew	upgrade --ignore-pinned	option	Set a successful exit status even if pinned formulae are not upgraded
brew	upgrade --keep-tmp	option	Retain the temporary files created during installation
brew	upgrade --build-bottle	option	Prepare the formula for eventual bottling during installation, skipping any post-install steps
brew	upgrade --bottle-arch	option	Optimise bottles for the specified architecture rather than the oldest architecture supported by the version of macOS th
brew	upgrade --display-times	option	Print install times for each formula at the end of the run
brew	upgrade --cask	option	Treat all named arguments as casks. If no named arguments are specified, upgrade only outdated casks
brew	upgrade --binaries	option	Disable/enable linking of helper executables (default: enabled)
brew	upgrade --no-binaries	option	Disable/enable linking of helper executables (default: enabled)
brew	upgrade --require-sha	option	Require all casks to have a checksum
brew	upgrade --quarantine	option	Disable/enable quarantining of downloads (default: enabled)
brew	upgrade --no-quarantine	option	Disable/enable quarantining of downloads (default: enabled)
brew	upgrade --skip-cask-deps	option	Skip installing cask dependencies
brew	upgrade --greedy	option	Also include casks with auto_updates true or version :latest
brew	upgrade --greedy-latest	option	Also include casks with version :latest
brew	upgrade --greedy-auto-updates	option	Also include casks with auto_updates true
brew	upgrade --appdir	option	Target location for Applications (default: /Applications)
brew	upgrade --colorpickerdir	option	Target location for Color Pickers (default: ~/Library/ColorPickers)
brew	upgrade --prefpanedir	option	Target location for Preference Panes (default: ~/Library/PreferencePanes)
brew	upgrade --qlplugindir	option	Target location for QuickLook Plugins (default: ~/Library/QuickLook)
brew	upgrade --mdimporterdir	option	Target location for Spotlight Plugins (default: ~/Library/Spotlight)
brew	upgrade --dictionarydir	option	Target location for Dictionaries (default: ~/Library/Dictionaries)
brew	upgrade --fontdir	option	Target location for Fonts (default: ~/Library/Fonts)
brew	upgrade --servicedir	option	Target location for Services (default: ~/Library/Services)
brew	upgrade --input-methoddir	option	Target location for Input Methods (default: ~/Library/Input Methods)
brew	upgrade --internet-plugindir	option	Target location for Internet Plugins (default: ~/Library/Internet Plug-Ins)
brew	upgrade --audio-unit-plugindir	option	Target location for Audio Unit Plugins (default: ~/Library/Audio/Plug-Ins/Components)
brew	upgrade --vst-plugindir	option	Target location for VST Plugins (default: ~/Library/Audio/Plug-Ins/VST)
brew	upgrade --vst3-plugindir	option	Target location for VST3 Plugins (default: ~/Library/Audio/Plug-Ins/VST3)
brew	upgrade --screen-saverdir	option	Target location for Screen Savers (default: ~/Library/Screen Savers)
brew	upgrade --language	option	Comma-separated list of language codes to prefer for cask installation. The first matching language is used, otherwise i
brew	search	subcommand	Perform a substring search of cask tokens and formula names
brew	search -d	option	Display any debugging information
brew	search -q	option	Make some output more quiet
brew	search -v	option	Make some output more verbose
brew	search -h	option	Show help message
brew	search --formula	option	Search online and locally for formulae
brew	search --cask	option	Search online and locally for casks
brew	search --desc	option	Search for formulae with a description matching text and casks with a name matching text
brew	search --pull-request	option	Search for GitHub pull requests containing text
brew	search --open	option	Search for only open GitHub pull requests
brew	search --closed	option	Search for only closed GitHub pull requests
brew	search --repology	option	Search for text in the given database
brew	search --fink	option	Search for text in the given database
brew	search --fedora	option	Search for text in the given database
brew	search --ubuntu	option	Search for text in the given database
brew	config	subcommand	Show Homebrew and system configuration info
brew	postinstall	subcommand	Rerun the post install step for formula
brew	postinstall -d	option	Display any debugging information
brew	postinstall -v	option	Make some output more verbose
brew	postinstall -q	option	Make some output more quiet
brew	postinstall -h	option	Show this message
brew	install	subcommand	Install <formula>
brew	install -f	option	Install formulae without checking for previously installed keg-only or non-migrated versions. When installing casks
brew	install -v	option	Print the verification and postinstall steps
brew	install -s	option	Compile formula from source even if a bottle is provided. Dependencies will still be installed from bottles if they are
brew	install -i	option	Download and patch formula
brew	install -g	option	Create a Git repository
brew	install -q	option	Make some output more quiet
brew	install -h	option	Show this message
brew	install --formula	option	Treat all named arguments as formulae
brew	install --env	option	Disabled other than for internal Homebrew use
brew	install --ignore-dependencies	option	An unsupported Homebrew development flag to skip installing any dependencies of any kind. If the dependencies are not al
brew	install --only-dependencies	option	Install the dependencies with specified options but do not install the formula itself
brew	install --cc	option	Attempt to compile using the specified compiler, which should be the name of the compiler's executable
brew	install --force-bottle	option	Install from a bottle if it exists for the current or newest version of macOS, even if it would not normally be used for
brew	install --include-test	option	Install testing dependencies required to run brew test formula
brew	install --HEAD	option	If formula defines it, install the HEAD version, aka. main, trunk, unstable, master
brew	install --fetch-HEAD	option	Fetch the upstream repository to detect if the HEAD installation of the formula is outdated. Otherwise, the repository's
brew	install --keep-tmp	option	Retain the temporary files created during installation
brew	install --build-bottle	option	Prepare the formula for eventual bottling during installation, skipping any post-install steps
brew	install --bottle-arch	option	Optimise bottles for the specified architecture rather than the oldest architecture supported by the version of macOS th
brew	install --display-times	option	Print install times for each formula at the end of the run
brew	install --cask	option	--casks Treat all named arguments as casks
brew	install --binaries	option	Disable/enable linking of helper executables (default: enabled)
brew	install --no-binaries	option	Disable/enable linking of helper executables (default: enabled)
brew	install --require-sha	option	Require all casks to have a checksum
brew	install --quarantine	option	Disable/enable quarantining of downloads (default: enabled)
brew	install --no-quarantine	option	Disable/enable quarantining of downloads (default: enabled)
brew	install --skip-cask-deps	option	Skip installing cask dependencies
brew	install --appdir	option	Target location for Applications (default: /Applications)
brew	install --colorpickerdir	option	Target location for Color Pickers (default: ~/Library/ColorPickers)
brew	install --prefpanedir	option	Target location for Preference Panes (default: ~/Library/PreferencePanes)
brew	install --qlplugindir	option	Target location for QuickLook Plugins (default: ~/Library/QuickLook)
brew	install --mdimporterdir	option	Target location for Spotlight Plugins (default: ~/Library/Spotlight)
brew	install --dictionarydir	option	Target location for Dictionaries (default: ~/Library/Dictionaries)
brew	install --fontdir	option	Target location for Fonts (default: ~/Library/Fonts)
brew	install --servicedir	option	Target location for Services (default: ~/Library/Services)
brew	install --input-methoddir	option	Target location for Input Methods (default: ~/Library/Input Methods)
brew	install --internet-plugindir	option	Target location for Internet Plugins (default: ~/Library/Internet Plug-Ins)
brew	install --audio-unit-plugindir	option	Target location for Audio Unit Plugins (default: ~/Library/Audio/Plug-Ins/Components)
brew	install --vst-plugindir	option	Target location for VST Plugins (default: ~/Library/Audio/Plug-Ins/VST)
brew	install --vst3-plugindir	option	Target location for VST3 Plugins (default: ~/Library/Audio/Plug-Ins/VST3)
brew	install --screen-saverdir	option	Target location for Screen Savers (default: ~/Library/Screen Savers)
brew	install --language	option	Comma-separated list of language codes to prefer for cask installation. The first matching language is used, otherwise i
brew	reinstall	subcommand	Uninstall and then reinstall a formula or cask using the same options it was originally installed with, plus any appende
brew	reinstall -d	option	If brewing fails, open an interactive debugging session with access to IRB or a shell inside the temporary build directo
brew	reinstall -f	option	Install formulae without checking for previously installed keg-only or non-migrated versions. When installing casks
brew	reinstall -v	option	Print the verification and postinstall steps
brew	reinstall -s	option	Compile formula from source even if a bottle is provided. Dependencies will still be installed from bottles if they are
brew	reinstall -i	option	Download and patch formula
brew	reinstall -g	option	Create a Git repository
brew	reinstall --formula	option	Treat all named arguments as formulae
brew	reinstall --force-bottle	option	Install from a bottle if it exists for the current or newest version of macOS, even if it would not normally be used for
brew	reinstall --keep-tmp	option	Retain the temporary files created during installation
brew	reinstall --display-times	option	Print install times for each formula at the end of the run
brew	reinstall --cask	option	--casks Treat all named arguments as casks
brew	reinstall --binaries	option	Disable/enable linking of helper executables (default: enabled)
brew	reinstall --no-binaries	option	Disable/enable linking of helper executables (default: enabled)
brew	reinstall --require-sha	option	Require all casks to have a checksum
brew	reinstall --quarantine	option	Disable/enable quarantining of downloads (default: enabled)
brew	reinstall --no-quarantine	option	Disable/enable quarantining of downloads (default: enabled)
brew	reinstall --skip-cask-deps	option	Skip installing cask dependencies
brew	uninstall	subcommand	Uninstall a formula or cask
brew	--prefix	subcommand	Prefix of <formula>
brew	--prefix --unbrewed	option	List files in Homebrew's prefix not installed by Homebrew
brew	--prefix --installed	option	Outputs nothing and returns a failing status code if formula is not installed
brew	cask	subcommand	Homebrew Cask provides a friendly CLI workflow for the administration of macOS applications distributed as binaries
brew	cask install	subcommand	Installs the given cask
brew	cask uninstall	subcommand	Uninstalls the given cask
brew	cask uninstall -d	option	Display any debugging information
brew	cask uninstall -q	option	Make some output more quiet
brew	cask uninstall -v	option	Make some output more verbose
brew	cask uninstall -h	option	Show help message
brew	cask uninstall --zap	option	Remove all files associated with a cask. May remove files which are shared between applications
brew	cask uninstall --ignore-dependencies	option	Don't fail uninstall, even if formula is a dependency of any installed formulae
brew	cask uninstall --formula	option	Treat all named arguments as formulae
brew	cask uninstall --cask	option	Treat all named arguments as casks
brew	cleanup	subcommand	Remove stale lock files and outdated downloads for all formulae and casks and remove old versions of installed formulae
brew	cleanup -d	option	Display any debugging information
brew	cleanup -q	option	Make some output more quiet
brew	cleanup -v	option	Make some output more verbose
brew	cleanup -h	option	Show help message
brew	cleanup --prune	option	Remove all cache files older than specified days
brew	cleanup -n	option	Show what would be removed, but do not actually remove anything
brew	cleanup -s	option	Scrub the cache, including downloads for even the latest versions
brew	cleanup --prune-prefix	option	Only prune the symlinks and directories from the prefix and remove no other files
brew	services	subcommand	Manage background services with macOS' launchctl(1) daemon manager
brew	services cleanup	subcommand	Remove all unused services
brew	services list	subcommand	List all services
brew	services run	subcommand	Run the service formula without registering to launch at login (or boot)
brew	services run --all	option	Start all services
brew	services start	subcommand	Start the service formula immediately and register it to launch at login
brew	services start --all	option	Start all services
brew	services stop	subcommand	Stop the service formula immediately and unregister it from launching at
brew	services stop --all	option	Start all services
brew	services restart	subcommand	Stop (if necessary) and start the service formula immediately and register it to launch at login (or boot)
brew	services restart --all	option	Start all services
brew	services -d	option	Display any debugging information
brew	services -q	option	Make some output more quiet
brew	services -v	option	Make some output more verbose
brew	services -h	option	Show help message
brew	services --file	option	Use the plist file from this location to start or run the service
brew	services --all	option	Run subcommand on all services
brew	services -v	option	Make some output more verbose
brew	services -h	option	Get help with services command
brew	analytics	subcommand	Manages analytics preferences
brew	analytics on	subcommand	Turns on analytics
brew	analytics off	subcommand	Turns off analytics
brew	analytics regenerate-uuid	subcommand	Regenerate the UUID used for analytics
brew	autoremove	subcommand	Uninstall formulae that were only installed as a dependency of another formula and are now no longer needed
brew	autoremove -n	option	List what would be uninstalled, but do not actually uninstall anything
brew	tap	subcommand	Tap a formula repository
brew	tap -d	option	Display any debugging information
brew	tap -q	option	Make some output more quiet
brew	tap -v	option	Make some output more verbose
brew	tap -h	option	Show help message
brew	tap --full	option	Convert a shallow clone to a full clone without untapping
brew	tap --shallow	option	Fetch tap as a shallow clone rather than a full clone
brew	tap --force-auto-update	option	Auto-update tap even if it is not hosted on GitHub
brew	tap --repair	option	Migrate tapped formulae from symlink-based to directory-based structure
brew	tap --list-pinned	option	List all pinned taps
brew	untap	subcommand	Remove a tapped formula repository
brew	untap -f	option	Untap even if formulae or casks from this tap are currently installed
brew	untap -d	option	Display any debugging information
brew	untap -q	option	Make some output more quiet
brew	untap -v	option	Make some output more verbose
brew	untap -h	option	Show help message
brew	link	subcommand	Symlink all of formula's installed files into Homebrew's prefix
brew	link --overwrite	option	Delete files that already exist in the prefix while linking
brew	link -n	option	List files which would be linked or deleted by brew link --overwrite without actually linking or deleting any files
brew	link -f	option	Allow keg-only formulae to be linked
brew	link --HEAD	option	Link the HEAD version of the formula if it is installed
brew	unlink	subcommand	Remove symlinks for formula from Homebrew's prefix
brew	unlink -n	option	List files which would be unlinked without actually unlinking or deleting any files
brew	formulae	subcommand	List all available formulae
brew	casks	subcommand	List all available casks
brew	edit	subcommand	
brew	edit -d	option	Display any debugging information
brew	edit -q	option	Make some output more quiet
brew	edit -v	option	Make some output more verbose
brew	edit -h	option	Show help message
brew	edit --formula	option	Treat all named arguments as formulae
brew	edit --cask	option	Treat all named arguments as casks
brew	home	subcommand	Open a formula, cask's homepage in a browser, or open Homebrew's own homepage if no argument is provided
brew	home -d	option	Display any debugging information
brew	home -q	option	Make some output more quiet
brew	home -v	option	Make some output more verbose
brew	home -h	option	Show help message
brew	home --formula	option	Treat all named arguments as formulae
brew	home --cask	option	Treat all named arguments as casks
brew	alias	subcommand	Manage custom user created brew aliases
brew	alias --edit	option	Edit aliases in a text editor
brew	alias -d	option	Display any debugging information
brew	alias -q	option	Make some output more quiet
brew	alias -v	option	Make some output more verbose
brew	alias -h	option	Show help message
brew	developer	subcommand	Display the current state of Homebrew's developer mode
brew	--version	option	The current Homebrew version
ssh	-1	option	Forces ssh to try protocol version 1 only
ssh	-2	option	Forces ssh to try protocol version 2 only
ssh	-4	option	Forces ssh to use IPv4 addresses only
ssh	-6	option	Forces ssh to use IPv6 addresses only
ssh	-A	option	Enables forwarding of the authentication agent connection
ssh	-a	option	Disables forwarding of the authentication agent connection
ssh	-b	option	Use bind_address on the local machine as the source address of the connection
ssh	-C	option	Requests compression of all data (including stdin, stdout, stderr, and data for forwarded X11 and TCP connections)
ssh	-c	option	Selects the cipher specification for encrypting the session
ssh	-D	option	Specifies a local 'dynamic' application-level port forwarding
ssh	-e	option	Sets the escape character for sessions with a pty (default: '~')
ssh	-F	option	Specifies an alternative per-user configuration file
ssh	-f	option	Requests ssh to go to background just before command execution
ssh	-g	option	Allows remote hosts to connect to local forwarded ports
ssh	-I	option	Specify the PKCS#11 shared library ssh should use to communicate with a PKCS#11 token providing the user's private RSA k
ssh	-i	option	Selects a file from which the identity (private key) for public key authentication is read
ssh	-K	option	Enables GSSAPI-based authentication and forwarding (delegation) of GSSAPI credentials to the server
ssh	-k	option	Disables forwarding (delegation) of GSSAPI credentials to the server
ssh	-L	option	Specifies that the given port on the local (client) host is to be forwarded to the given host and port on the remote sid
ssh	-l	option	Specifies the user to log in as on the remote machine
ssh	-M	option	Places the ssh client into ``master'' mode for connection sharing
ssh	-m	option	Additionally, for protocol version 2 a comma-separated list of MAC (message authentication code) algorithms can be speci
ssh	-N	option	Do not execute a remote command
ssh	-n	option	Redirects stdin from /dev/null (actually, prevents reading from stdin)
ssh	-O	option	Control an active connection multiplexing master process
ssh	-o	option	Can be used to give options in the format used in the configuration file
ssh	-p	option	Port to connect to on the remote host
ssh	-q	option	Quiet mode.  Causes most warning and diagnostic messages to be suppressed
ssh	-R	option	Specifies that the given port on the remote (server) host is to be forwarded to the given host and port on the local sid
ssh	-S	option	Specifies the location of a control socket for connection sharing, or the string 'none' to disable connection sharing
ssh	-s	option	May be used to request invocation of a subsystem on the remote system
ssh	-T	option	Disable pseudo-tty allocation
ssh	-t	option	Force pseudo-tty allocation
ssh	-V	option	Display the version number and exit
ssh	-v	option	Verbose mode.  Causes ssh to print debugging messages about its progress
ssh	-W	option	Requests that standard input and output on the client be forwarded to host on port over the secure channel
ssh	-w	option	Requests tunnel device forwarding with the specified tun(4) devices between the client (local_tun) and the server (remot
ssh	-X	option	Enables X11 forwarding
ssh	-x	option	Disables X11 forwarding
ssh	-Y	option	Enables trusted X11 forwarding
ssh	-y	option	Send log information using the syslog(3) system module
hx	-h	option	Show help
hx	--tutor	option	Open the tutorial
hx	--health	option	Check for errors in editor setup
hx	-v	option	Increases logging verbosity
hx	-g	option	Fetch or build tree-sitter grammars
hx	-V	option	Print version information
bat	-A	option	Show non-printable characters
bat	-p	option	Show plain style, no decorations
bat	-l	option	Explicitly set the language for syntax highlighting
bat	-H	option	Highlight the specified line ranges
bat	--file-name	option	Specify the name to display for a file. Useful when piping data to bat from STDIN when bat does not otherwise know the f
bat	-d	option	Show lines that have been added/removed/modified with respect to the Git index
bat	--diff-context	option	Include N lines of context around added/removed/modified lines when using '--diff'
bat	--tabs	option	Set the tab width to T spaces. Use a width of 0 to pass tabs through directly
bat	--wrap	option	Specify when to use colored output
bat	--terminal-width	option	Explicitly set the width of the terminal instead of determining it automatically
bat	-n	option	Show line numbers, no other decorations
bat	--color	option	Specify when to use colored output
bat	--italic-text	option	Specify when to use ANSI sequences for italic text in the output
bat	--decorations	option	Specify when to use the decorations that have been specified via '--style'
bat	-f	option	Alias for '--decorations=always --color=always'
bat	--paging	option	Specify when to use the pager
bat	--pager	option	Determine which pager is used
bat	-m	option	Map a glob pattern to an existing syntax name
bat	--ignored-suffix	option	Ignore extension
bat	--theme	option	Set the theme for syntax highlighting
bat	--list-themes	option	Display a list of supported themes for syntax highlighting
bat	--style	option	Display a list of supported themes for syntax highlighting
bat	-r	option	Only print the specified range of lines for each file
bat	-L	option	Display a list of supported languages for syntax highlighting
bat	-u	option	Make output unbuffered (exists for POSIX-compliance reasons and is simply ignored)
bat	--diagnostic	option	Show diagnostic information for bug reports
bat	--acknowledgements	option	Show acknowledgements
bat	-h	option	Print help message
bat	-V	option	Show version information
curl	-a	option	Append to target file when uploading
curl	-E	option	Client certificate file and password
curl	-K	option	Read config from a file
curl	-C	option	Resumed transfer offset
curl	-b	option	Send cookies from string/file
curl	-c	option	Write cookies to <filename> after operation
curl	-d	option	HTTP POST data
curl	-q	option	Disable .curlrc
curl	-D	option	Write the received headers to <filename>
curl	-f	option	Fail silently (no output at all) on HTTP errors
curl	-F	option	Specify multipart MIME data
curl	-P	option	Use PORT instead of PASV
curl	-G	option	Put the post data in the URL and use GET
curl	-g	option	Disable URL sequences and ranges using {} and []
curl	-I	option	Show document info only
curl	-H	option	Pass custom header(s) to server
curl	-h	option	This help text
curl	-0	option	Use HTTP 1.0
curl	-i	option	Include protocol response headers in the output
curl	-k	option	Allow insecure server connections when using SSL
curl	-4	option	Resolve names to IPv4 addresses
curl	-6	option	Resolve names to IPv6 addresses
curl	-j	option	Ignore session cookies read from file
curl	-l	option	List only mode
curl	-L	option	Follow redirects
curl	-M	option	Display the full manual
curl	-m	option	Maximum time allowed for the transfer
curl	-n	option	Must read .netrc for user name and password
curl	-:	option	Make next URL use its separate set of options
curl	-N	option	Disable buffering of the output stream
curl	-o	option	Write to file instead of stdout
curl	-#	option	Display transfer progress as a bar
curl	-x	option	[protocol://]host[:port] Use this proxy
curl	-U	option	Proxy user and password
curl	-p	option	Operate through an HTTP proxy tunnel (using CONNECT)
curl	-Q	option	Send command(s) to server before transfer
curl	-r	option	Retrieve only the bytes within RANGE
curl	-e	option	Referrer URL
curl	-J	option	Use the header-provided filename
curl	-O	option	Write output to a file named as the remote file
curl	-R	option	Set the remote file's time on the local output
curl	-X	option	Specify request command to use
curl	-S	option	Show error even when -s is used
curl	-s	option	Silent mode
curl	-Y	option	Stop transfers slower than this
curl	-y	option	Trigger 'speed-limit' abort after this time
curl	-2	option	Use SSLv2
curl	-3	option	Use SSLv3
curl	-t	option	Set telnet option
curl	-z	option	Transfer based on a time condition
curl	-1	option	Use TLSv1.0 or greater
curl	-T	option	Transfer local FILE to destination
curl	-B	option	Use ASCII/text transfer
curl	-u	option	Server user and password
curl	-A	option	Send User-Agent <name> to server
curl	-v	option	Make the operation more talkative
curl	-V	option	Show version number and quit
curl	-w	option	Use output FORMAT after completion
curl	--abstract-unix-socket	option	Connect via abstract Unix domain socket
curl	--alt-svc	option	Name> Enable alt-svc with this cache file
curl	--anyauth	option	Pick any authentication method
curl	--basic	option	Use HTTP Basic Authentication
curl	--cacert	option	CA certificate to verify peer against
curl	--capath	option	CA directory to verify peer against
curl	--cert-status	option	Verify the status of the server certificate
curl	--cert-type	option	Certificate file type
curl	--ciphers	option	Of ciphers> SSL ciphers to use
curl	--compressed	option	Request compressed response
curl	--compressed-ssh	option	Enable SSH compression
curl	--connect-timeout	option	Maximum time allowed for connection
curl	--connect-to	option	Connect to host
curl	--create-dirs	option	Create necessary local directory hierarchy
curl	--crlf	option	Convert LF to CRLF in upload
curl	--crlfile	option	Get a CRL list in PEM format from the given file
curl	--data-ascii	option	HTTP POST ASCII data
curl	--data-binary	option	HTTP POST binary data
curl	--data-raw	option	HTTP POST data, '@' allowed
curl	--data-urlencode	option	HTTP POST data url encoded
curl	--delegation	option	GSS-API delegation permission
curl	--digest	option	Use HTTP Digest Authentication
curl	--disable-eprt	option	Inhibit using EPRT or LPRT
curl	--disable-epsv	option	Inhibit using EPSV
curl	--disallow-username-in-url	option	Disallow username in url
curl	--dns-interface	option	Interface to use for DNS requests
curl	--dns-ipv4-addr	option	IPv4 address to use for DNS requests
curl	--dns-ipv6-addr	option	IPv6 address to use for DNS requests
curl	--dns-servers	option	DNS server addrs to use
curl	--doh-url	option	Resolve host names over DOH
curl	--egd-file	option	EGD socket path for random data
curl	--engine	option	Crypto engine to use
curl	--etag-compare	option	Make a conditional HTTP request for the ETag read from the given file
curl	--etag-save	option	Save an HTTP ETag to the specified file
curl	--expect100-timeout	option	How long to wait for 100-continue
curl	--fail-early	option	Fail on first transfer error, do not continue
curl	--fail-with-body	option	On HTTP errors, return an error and also output any HTML response
curl	--false-start	option	Enable TLS False Start
curl	--form-string	option	Specify multipart MIME data
curl	--ftp-account	option	Account data string
curl	--ftp-alternative-to-user	option	String to replace USER [name]
curl	--ftp-create-dirs	option	Create the remote dirs if not present
curl	--ftp-method	option	Control CWD usage
curl	--ftp-pasv	option	Use PASV/EPSV instead of PORT
curl	--ftp-pret	option	Send PRET before PASV
curl	--ftp-skip-pasv-ip	option	Skip the IP address for PASV
curl	--ftp-ssl-ccc	option	Send CCC after authenticating
curl	--ftp-ssl-ccc-mode	option	Set CCC mode
curl	--ftp-ssl-control	option	Require SSL/TLS for FTP login, clear for transfer
curl	--happy-eyeballs-timeout-ms	option	How long to wait in milliseconds for IPv6 before trying IPv4
curl	--haproxy-protocol	option	Send HAProxy PROXY protocol v1 header
curl	--hostpubmd5	option	Acceptable MD5 hash of the host public key
curl	--http0.9	option	Allow HTTP 0.9 responses
curl	--http1.1	option	Use HTTP 1.1
curl	--http2	option	Use HTTP 2
curl	--http2-prior-knowledge	option	Use HTTP 2 without HTTP/1.1 Upgrade
curl	--ignore-content-length	option	Ignore the size of the remote resource
curl	--interface	option	Use network INTERFACE (or address)
curl	--keepalive-time	option	Interval time for keepalive probes
curl	--key	option	Private key file name
curl	--key-type	option	Private key file type
curl	--krb	option	Enable Kerberos with security <level>
curl	--libcurl	option	Dump libcurl equivalent code of this command line
curl	--limit-rate	option	Limit transfer speed to RATE
curl	--local-port	option	Force use of RANGE for local port numbers
curl	--location-trusted	option	Like --location, and send auth to other hosts
curl	--login-options	option	Server login options
curl	--mail-auth	option	Originator address of the original email
curl	--mail-from	option	Mail from this address
curl	--mail-rcpt	option	Mail to this address
curl	--max-filesize	option	Maximum file size to download
curl	--max-redirs	option	Maximum number of redirects allowed
curl	--metalink	option	Process given URLs as metalink XML file
curl	--negotiate	option	Use HTTP Negotiate (SPNEGO) authentication
curl	--netrc-file	option	Specify FILE for netrc
curl	--netrc-optional	option	Use either .netrc or URL
curl	--no-alpn	option	Disable the ALPN TLS extension
curl	--no-keepalive	option	Disable TCP keepalive on the connection
curl	--no-npn	option	Disable the NPN TLS extension
curl	--no-sessionid	option	Disable SSL session-ID reusing
curl	--noproxy	option	List of hosts which do not use proxy
curl	--ntlm	option	Use HTTP NTLM authentication
curl	--ntlm-wb	option	Use HTTP NTLM authentication with winbind
curl	--oauth2-bearer	option	OAuth 2 Bearer Token
curl	--pass	option	Pass phrase for the private key
curl	--path-as-is	option	Do not squash .. sequences in URL path
curl	--pinnedpubkey	option	FILE/HASHES Public key to verify peer against
curl	--post301	option	Do not switch to GET after following a 301
curl	--post302	option	Do not switch to GET after following a 302
curl	--post303	option	Do not switch to GET after following a 303
curl	--preproxy	option	[protocol://]host[:port] Use this proxy first
curl	--proto	option	Enable/disable PROTOCOLS
curl	--proto-default	option	Use PROTOCOL for any URL missing a scheme
curl	--proto-redir	option	Enable/disable PROTOCOLS on redirect
curl	--proxy-anyauth	option	Pick any proxy authentication method
curl	--proxy-basic	option	Use Basic authentication on the proxy
curl	--proxy-cacert	option	CA certificate to verify peer against for proxy
curl	--proxy-capath	option	CA directory to verify peer against for proxy
curl	--proxy-cert	option	Set client certificate for proxy
curl	--proxy-cert-type	option	Client certificate type for HTTPS proxy
curl	--proxy-ciphers	option	SSL ciphers to use for proxy
curl	--proxy-crlfile	option	Set a CRL list for proxy
curl	--proxy-digest	option	Use Digest authentication on the proxy
curl	--proxy-header	option	Pass custom header(s) to proxy
curl	--proxy-insecure	option	Do HTTPS proxy connections without verifying the proxy
curl	--proxy-key	option	Private key for HTTPS proxy
curl	--proxy-key-type	option	Private key file type for proxy
curl	--proxy-negotiate	option	Use HTTP Negotiate (SPNEGO) authentication on the proxy
curl	--proxy-ntlm	option	Use NTLM authentication on the proxy
curl	--proxy-pass	option	Pass phrase for the private key for HTTPS proxy
curl	--proxy-pinnedpubkey	option	FILE/HASHES public key to verify proxy with
curl	--proxy-service-name	option	SPNEGO proxy service name
curl	--proxy-ssl-allow-beast	option	Allow security flaw for interop for HTTPS proxy
curl	--proxy-tls13-ciphers	option	List> TLS 1.3 proxy cipher suites
curl	--proxy-tlsauthtype	option	TLS authentication type for HTTPS proxy
curl	--proxy-tlspassword	option	TLS password for HTTPS proxy
curl	--proxy-tlsuser	option	TLS username for HTTPS proxy
curl	--proxy-tlsv1	option	Use TLSv1 for HTTPS proxy
curl	--proxy1.0	option	Use HTTP/1.0 proxy on given port
curl	--pubkey	option	SSH Public key file name
curl	--random-file	option	File for reading random data from
curl	--raw	option	Do HTTP "raw"; no transfer decoding
curl	--remote-name-all	option	Use the remote file name for all URLs
curl	--request-target	option	Specify the target for this request
curl	--resolve	option	Resolve the host+port to this address
curl	--retry	option	Retry request if transient problems occur
curl	--retry-connrefused	option	Retry on connection refused (use with --retry)
curl	--retry-delay	option	Wait time between retries
curl	--retry-max-time	option	Retry only within this period
curl	--sasl-ir	option	Enable initial response in SASL authentication
curl	--service-name	option	SPNEGO service name
curl	--socks4	option	SOCKS4 proxy on given host + port
curl	--socks4a	option	SOCKS4a proxy on given host + port
curl	--socks5	option	SOCKS5 proxy on given host + port
curl	--socks5-basic	option	Enable username/password auth for SOCKS5 proxies
curl	--socks5-gssapi	option	Enable GSS-API auth for SOCKS5 proxies
curl	--socks5-gssapi-nec	option	Compatibility with NEC SOCKS5 server
curl	--socks5-gssapi-service	option	SOCKS5 proxy service name for GSS-API
curl	--socks5-hostname	option	SOCKS5 proxy, pass host name to proxy
curl	--ssl	option	Try SSL/TLS
curl	--ssl-auto-client-cert	option	Obtain and use a client certificate automatically
curl	--ssl-allow-beast	option	Allow security flaw to improve interop
curl	--ssl-no-revoke	option	Disable cert revocation checks (Schannel)
curl	--ssl-reqd	option	Require SSL/TLS
curl	--stderr	option	Where to redirect stderr
curl	--styled-output	option	Enable styled output for HTTP headers
curl	--suppress-connect-headers	option	Suppress proxy CONNECT response headers
curl	--tcp-fastopen	option	Use TCP Fast Open
curl	--tcp-nodelay	option	Use the TCP_NODELAY option
curl	--tftp-blksize	option	Set TFTP BLKSIZE option
curl	--tftp-no-options	option	Do not send any TFTP options
curl	--tls-max	option	Set maximum allowed TLS version
curl	--tls13-ciphers	option	Of TLS 1.3 ciphersuites> TLS 1.3 cipher suites to use
curl	--tlsauthtype	option	TLS authentication type
curl	--tlspassword	option	TLS password
curl	--tlsuser	option	TLS user name
curl	--tlsv1.0	option	Use TLSv1.0 or greater
curl	--tlsv1.1	option	Use TLSv1.1 or greater
curl	--tlsv1.2	option	Use TLSv1.2 or greater
curl	--tlsv1.3	option	Use TLSv1.3 or greater
curl	--tr-encoding	option	Request compressed transfer encoding
curl	--trace	option	Write a debug trace to FILE
curl	--trace-ascii	option	Like --trace, but without hex output
curl	--trace-time	option	Add time stamps to trace/verbose output
curl	--unix-socket	option	Connect through this Unix domain socket
curl	--url	option	URL to work with
curl	--xattr	option	Store metadata in extended file attributes
gh	alias	subcommand	Create command shortcuts
gh	alias delete	subcommand	Delete an alias
gh	alias list	subcommand	List available aliases
gh	alias set	subcommand	Set an alias for a gh command
gh	alias set -s	option	Declare an alias to be passed through a shell interpreter
gh	api	subcommand	Make an authenticated GitHub API request
gh	auth	subcommand	Login, logout, and refresh your authentication
gh	auth login	subcommand	Authenticate with a GitHub host
gh	auth login -h	option	The hostname of the GitHub instance to authenticate with
gh	auth login -s	option	Additional authentication scopes for gh to have
gh	auth login -w	option	Open a browser to authenticate
gh	auth login --with-token	option	Read token from standard input
gh	auth logout	subcommand	Log out of a GitHub host
gh	auth logout -h	option	The hostname of the GitHub instance to authenticate with
gh	auth refresh	subcommand	Refresh stored authentication credentials
gh	auth refresh -h	option	The hostname of the GitHub instance to authenticate with
gh	auth refresh -s	option	Additional authentication scopes for gh to have
gh	auth setup-git	subcommand	Configure git to use GitHub CLI as a credential helper
gh	auth setup-git -h	option	The hostname of the GitHub instance to authenticate with
gh	auth status	subcommand	View authentication status
gh	auth status -h	option	The hostname of the GitHub instance to authenticate with
gh	auth status --with-token	option	Read token from standard input
gh	gpg-key	subcommand	Manage GPG keys registered with your GitHub account
gh	gpg-key add	subcommand	Add a GPG key to your GitHub account
gh	gpg-key list	subcommand	Lists GPG keys in your GitHub account
gh	browse	subcommand	Open the repository in the browser
gh	browse -b	option	Select another branch by passing in the branch name
gh	browse -c	option	Open the last commit
gh	browse -n	option	Print destination URL instead of opening the browser
gh	browse -p	option	Open repository projects
gh	browse -R	option	Select another repository using the [HOST/]OWNER/REPO format
gh	browse -s	option	Open repository settings
gh	browse -w	option	Open repository wiki
gh	completion	subcommand	Generate shell completion scripts
gh	completion -s	option	
gh	config	subcommand	Manage configuration for gh
gh	config get	subcommand	Print the value of a given configuration key
gh	config get -h	option	Get per-host setting
gh	config set	subcommand	Update configuration with a value for the given key
gh	config set git_protocol	subcommand	The protocol to use for git clone and push operations
gh	config set editor	subcommand	The text editor program to use for authoring text
gh	config set prompt	subcommand	Toggle interactive prompting in the terminal
gh	config set pager	subcommand	The terminal pager program to send standard output to
gh	config set http_unix_socket	subcommand	The path to a unix socket through which to make HTTP connection
gh	config set -h	option	Get per-host setting
gh	extensions	subcommand	Manage gh extensions
gh	extensions create	subcommand	Create a new extension
gh	extensions install	subcommand	Install a gh extension from a repository
gh	extensions list	subcommand	List installed extension commands
gh	extensions remove	subcommand	Remove an installed extension
gh	extensions upgrade	subcommand	Upgrade installed extensions
gh	extensions upgrade --all	option	Upgrade all extensions
gh	extensions upgrade --force	option	Force upgrade extensions
gh	gist	subcommand	Manage gists
gh	gist clone	subcommand	Clone a gist locally
gh	gist create	subcommand	Create a new gist
gh	gist create -d	option	A description for this gist
gh	gist create -f	option	Provide a filename to be used when reading from STDIN
gh	gist create -p	option	List the gist publicly (default: secret)
gh	gist create -w	option	Open the web browser with created gist
gh	gist delete	subcommand	Delete a gist
gh	gist edit	subcommand	Edit one of your gists
gh	gist edit -a	option	Add a new file to the gist
gh	gist edit -f	option	Select a file to edit
gh	gist list	subcommand	List your gists
gh	gist list -L	option	Maximum number of gists to fetch (default 10)
gh	gist list --public	option	Show only public gists
gh	gist list --secret	option	Show only secret gists
gh	gist view	subcommand	View a gist
gh	gist view -f	option	Display a single file from the gist
gh	gist view --files	option	List file names from the gist
gh	gist view -r	option	Print raw instead of rendered gist contents
gh	gist view -w	option	Open gist in the browser
gh	issue	subcommand	Manage issues
gh	issue close	subcommand	Close issue
gh	issue close -R	option	Select another repository using the [HOST/]OWNER/REPO format
gh	issue comment	subcommand	Create a new issue comment
gh	issue comment -R	option	Select another repository using the [HOST/]OWNER/REPO format
gh	issue comment -b	option	Supply a body. Will prompt for one otherwise
gh	issue comment -F	option	Read body text from file
gh	issue comment -e	option	Add body using editor
gh	issue comment -w	option	Add body in browser
gh	issue create	subcommand	Create a new issue
gh	issue create -R	option	Select another repository using the [HOST/]OWNER/REPO format
gh	issue create -a	option	Assign people by their login. Use "@me" to self-assign
gh	issue create -b	option	Supply a body. Will prompt for one otherwise
gh	issue create -F	option	Read body text from file
gh	issue create -l	option	Add labels by name
gh	issue create -m	option	Add the issue to a milestone by name
gh	issue create -p	option	Add the issue to projects by name
gh	issue create --recover	option	Recover input from a failed run of create
gh	issue create -t	option	Supply a title. Will prompt for one otherwise
gh	issue create -w	option	Open the browser to create an issue
gh	issue delete	subcommand	Delete issue
gh	issue delete -R	option	Select another repository using the [HOST/]OWNER/REPO format
gh	issue edit	subcommand	Edit an issue
gh	issue edit -R	option	Select another repository using the [HOST/]OWNER/REPO format
gh	issue edit --add-assignee	option	Add assigned users by their login. Use "@me" to assign yourself
gh	issue edit --add-label	option	Add labels by name
gh	issue edit -b	option	Set the new body
gh	issue edit -F	option	Read body text from file
gh	issue edit -m	option	Edit the milestone the issue belongs to by name
gh	issue edit --remove-assignee	option	Remove assigned users by their login. Use "@me" to unassign yourself
gh	issue edit --remove-label	option	Remove labels by name
gh	issue edit --remove-project	option	Remove the issue from projects by name
gh	issue edit -t	option	Set the new title
gh	issue list	subcommand	List and filter issues in this repository
gh	issue list -R	option	Select another repository using the [HOST/]OWNER/REPO format
gh	issue list -a	option	Filter by assignee
gh	issue list -A	option	Filter by author
gh	issue list -q	option	Filter JSON output using a jq expression
gh	issue list --json	option	Output JSON with the specified fields
gh	issue list -l	option	Filter by labels
gh	issue list -L	option	Maximum number of issues to fetch (default 30)
gh	issue list --mention	option	Filter by mention
gh	issue list -m	option	Filter by milestone number or `title`
gh	issue list -S	option	Search issues with query
gh	issue list -s	option	Filter by state (default "open")
gh	issue list -t	option	Format JSON output using a Go template
gh	issue list -w	option	Open the browser to list the issue(s)
gh	issue reopen	subcommand	Reopen issue
gh	issue reopen -R	option	Select another repository using the [HOST/]OWNER/REPO format
gh	issue status	subcommand	Show status of relevant issues
gh	issue status -R	option	Select another repository using the [HOST/]OWNER/REPO format
gh	issue status -q	option	Filter JSON output using a jq expression
gh	issue status --json	option	Output JSON with the specified fields
gh	issue status -t	option	Format JSON output using a Go template
gh	issue transfer	subcommand	Transfer issue to another repository
gh	issue transfer -R	option	Select another repository using the [HOST/]OWNER/REPO format
gh	issue view	subcommand	View an issue
gh	issue view -R	option	Select another repository using the [HOST/]OWNER/REPO format
gh	issue view -c	option	View issue comments
gh	issue view -q	option	Filter JSON output using a jq expression
gh	issue view --json	option	Output JSON with the specified fields
gh	issue view -t	option	Format JSON output using a Go template
gh	issue view -w	option	Open an issue in the browser
gh	pr	subcommand	Manage pull requests
gh	pr checkout	subcommand	Check out a pull request in git
gh	pr checkout --recurse-submodules	option	Update all active submodules (recursively)
gh	pr checks	subcommand	Show CI status for a single pull request
gh	pr checks -w	option	Open the web browser to show details about checks
gh	pr close	subcommand	Close a pull request
gh	pr close -d	option	Delete the local and remote branch after close
gh	pr edit	subcommand	Edit a pull request. Without an argument, the pull request that belongs to the current branch is selected
gh	pr edit --add-assignee	option	Add assigned users by their login. Use "@me" to assign yourself
gh	pr edit --add-label	option	Add labels by name
gh	pr edit --add-project	option	Add the pull request to projects by name
gh	pr edit --add-reviewer	option	Add reviewers by their login
gh	pr edit -B	option	Change the base branch for this pull request
gh	pr edit -b	option	Set the new body
gh	pr edit -F	option	Read body text from file (use "-" to read from standard input)
gh	pr edit -m	option	Edit the milestone the pull request belongs to by name
gh	pr edit --remove-assignee	option	Remove assigned users by their login. Use "@me" to unassign yourself
gh	pr edit --remove-label	option	Remove labels by name
gh	pr edit --remove-project	option	Remove the pull request from projects by name
gh	pr edit --remove-reviewer	option	Remove reviewers by their login
gh	pr edit -t	option	Set the new title
gh	pr edit --repo	option	Select another repository
gh	pr comment	subcommand	Create a new pr comment
gh	pr comment -b	option	Supply a body. Will prompt for one otherwise
gh	pr comment -e	option	Add body using editor
gh	pr comment -w	option	Add body in browser
gh	pr create	subcommand	Create a pull request
gh	pr create -a	option	Assign people by their login
gh	pr create -B	option	The branch into which you want your code merged
gh	pr create -b	option	Body for the pull request
gh	pr create -d	option	Mark pull request as a draft
gh	pr create -f	option	Do not prompt for title/body and just use commit info
gh	pr create -H	option	The branch that contains commits for your pull request (default: current branch)
gh	pr create -l	option	The branch that contains commits for your pull request (default: current branch)
gh	pr create -m	option	Add the pull request to a milestone by name
gh	pr create --no-maintainer-edit	option	Disable maintainer's ability to modify pull request
gh	pr create -p	option	Add the pull request to projects by name
gh	pr create -recover	option	Recover input from a failed run of create
gh	pr create -r	option	Request reviews from people or teams by their handle
gh	pr create -t	option	Title for the pull request
gh	pr create -w	option	Open the web browser to create a pull request
gh	pr diff	subcommand	View changes in a pull request
gh	pr diff --color	option	Use color in diff output: {always|never|auto}
gh	pr list	subcommand	List and filter pull requests in this repository
gh	pr list -a	option	Filter by assignee
gh	pr list -B	option	Filter by base branch
gh	pr list -l	option	Filter by labels
gh	pr list -L	option	Maximum number of items to fetch
gh	pr list -s	option	Filter by state: {open|closed|merged|all}
gh	pr list -w	option	Open the browser to list the pull requests
gh	pr merge	subcommand	Merge a pull request
gh	pr merge -d	option	Delete the local and remote branch after merge
gh	pr merge -m	option	Merge the commits with the base branch
gh	pr merge -r	option	Rebase the commits onto the base branch
gh	pr merge -s	option	Squash the commits into one commit and merge it into the base branch
gh	pr ready	subcommand	Mark a pull request as ready for review
gh	pr reopen	subcommand	Reopen a pull request
gh	pr review	subcommand	Add a review to a pull request
gh	pr review -a	option	Approve pull request
gh	pr review -b	option	Specify the body of a review
gh	pr review -c	option	Comment on a pull request
gh	pr review -r	option	Request changes on a pull request
gh	pr status	subcommand	Show status of relevant pull requests
gh	pr view	subcommand	View a pull request
gh	pr view -c	option	View pull request comments
gh	pr view -w	option	Open a pull request in the browser
gh	release	subcommand	Manage GitHub releases
gh	repo	subcommand	Work with GitHub repositories
gh	repo archive	subcommand	Archive a GitHub repository. With no argument, archives the current repository
gh	repo archive -y	option	Skip the confirmation prompt
gh	repo clone	subcommand	Clone a GitHub repository locally. If the "OWNER/" portion of the "OWNER/REPO" repository argument is omitted, it defaul
gh	repo clone --	option	Flags to pass to git when cloning
gh	repo clone -u	option	Upstream remote name when cloning a fork (default "upstream")
gh	repo create	subcommand	Create a new GitHub repository. To create a repository interactively, use 'gh repo create' with no arguments. To create
gh	repo create -y	option	Skip the confirmation prompt
gh	repo create -d	option	Description of the repository
gh	repo create -h	option	Repository home page URL
gh	repo create --public	option	Make the repository public
gh	repo create --private	option	Make the repository private
gh	repo create --internal	option	Make the repository internal
gh	repo create -p	option	Make the new repository based on a template repository
gh	repo create -c	option	Clone the new repository to the current directory
gh	repo create --disable-issues	option	Disable issues in the new repository
gh	repo create --disable-wiki	option	Disable wiki in the new repository
gh	repo create -g	option	Specify a gitignore template for the repository
gh	repo create -l	option	Specify an Open Source License for the repository
gh	repo create -r	option	Specify remote name for the new repository
gh	repo create -s	option	Specify path to local repository to use as source
gh	repo create -t	option	The name of the organization team to be granted access
gh	repo create --include-all-branches	option	Include all branches from template repository
gh	repo create --push	option	Push local commits to the new repository
gh	repo create --add-readme	option	Add a README file to the new repository
gh	repo deploy-key	subcommand	Manage deploy keys in a repository
gh	repo deploy-key add	subcommand	Add a deploy key to a GitHub repository
gh	repo deploy-key add -w	option	Allow write access for the key
gh	repo deploy-key add -t	option	Title of the new key
gh	repo deploy-key delete	subcommand	Delete a deploy key from a GitHub repository
gh	repo deploy-key list	subcommand	List deploy keys in a GitHub repository
gh	repo deploy-key -R	option	Select another repository using the `[HOST/]OWNER/REPO` format
gh	repo delete	subcommand	Delete a GitHub repository. With no argument, deletes the current repository. Otherwise, deletes the specified repositor
gh	repo delete -y	option	Skip the confirmation prompt
gh	repo edit	subcommand	Edit repository settings
gh	repo edit --clone	option	Clone the fork {true|false}
gh	repo edit --add-topic	option	Add repository topic
gh	repo edit --allow-forking	option	Allow forking of an organization repository
gh	repo edit --default-branch	option	Set the default branch name for the repository
gh	repo edit --delete-branch-on-merge	option	Delete head branch when pull requests are merged
gh	repo edit -d	option	Description of the repository
gh	repo edit --enable-auto-merge	option	Enable auto-merge functionality
gh	repo edit --enable-issues	option	Enable issues in the repository
gh	repo edit --enable-merge-commit	option	Enable merging pull requests via merge commit
gh	repo edit --enable-projects	option	Enable projects in the repository
gh	repo edit --enable-rebase-merge	option	Enable merging pull requests via rebase
gh	repo edit --enable-squash-merge	option	Enable merging pull requests via squashed commit
gh	repo edit --enable-wiki	option	Enable wiki in the repository
gh	repo edit -h	option	Repository home page URL
gh	repo edit --remove-topic	option	Remove repository topic
gh	repo edit --template	option	Make the repository available as a template repository
gh	repo edit --visibility	option	Change the visibility of the repository to {public,private,internal}
gh	repo fork	subcommand	Create a fork of a repository. With no argument, creates a fork of the current repository. Otherwise, forks the specifie
gh	repo fork --	option	Flags to pass to git when cloning
gh	repo fork --clone	option	Clone the fork
gh	repo fork --remote	option	Add remote for fork {true|false}
gh	repo fork --remote-name	option	Specify a name for a fork's new remote. (default "origin")
gh	repo fork --org	option	Create the fork in an organization
gh	repo fork --fork-name	option	Rename the forked repository
gh	repo list	subcommand	List repositories owned by user or organization. For more information about output formatting flags, see 'gh help format
gh	repo list --visibility	option	Filter repositories by visibility
gh	repo list --archived	option	Show only archived repositories
gh	repo list --fork	option	Show only forked repositories
gh	repo list -l	option	Filter by primary coding language
gh	repo list -L	option	Maximum number of repositories to list (default 30)
gh	repo list --no-archived	option	Omit archived repositories
gh	repo list --source	option	Show only non-forks
gh	repo list -q	option	Filter JSON output using a jq expression
gh	repo list --json	option	Output JSON with the specified fields
gh	repo list -t	option	Format JSON output using a Go template
gh	repo list --topic	option	Filter by topic
gh	repo list --private	option	Show only private repositories
gh	repo list --public	option	Show only public repositories
gh	repo rename	subcommand	Rename a GitHub repository. By default, this renames the current repository; otherwise renames the specified repository
gh	repo rename -y	option	Skip the confirmation prompt
gh	repo rename --repo	option	Select another repository
gh	repo rename -R	option	Select another repository using the `[HOST/]OWNER/REPO` format
gh	repo set-default	subcommand	Sets the default remote repository to use when querying the GitHub API for the locally cloned repository
gh	repo set-default -u	option	Unset the current default repository
gh	repo set-default -v	option	View the current default repository
gh	repo sync	subcommand	Sync destination repository from source repository. Syncing uses the main branch of the source repository to update the
gh	repo sync -b	option	Branch to sync
gh	repo sync --force	option	Hard reset the branch of the destination repository to match the source repository
gh	repo sync -s	option	Source repository
gh	repo view	subcommand	Display the description and the README of a GitHub repository. With no argument, the repository for the current director
gh	repo view -b	option	View a specific branch of the repository
gh	repo view -w	option	Open a repository in the browser
gh	repo view -q	option	Filter JSON output using a jq expression
gh	repo view --json	option	Output JSON with the specified fields
gh	repo view -t	option	Format JSON output using a Go template
gh	run	subcommand	View details about workflow runs
gh	run download	subcommand	Download artifacts generated by a workflow run
gh	run list	subcommand	List recent workflow runs
gh	run list --repo	option	Select another repository
gh	run list -L	option	Maximum number of runs to fetch (default 20)
gh	run list -w	option	Filter runs by workflow
gh	run rerun	subcommand	Rerun a failed run
gh	run rerun --repo	option	Select another repository
gh	run view	subcommand	View a summary of a workflow run
gh	run view --repo	option	Select another repository
gh	run view --exit-status	option	Exit with non-zero status if run failed
gh	run view -j	option	View a specific job ID from a run
gh	run view --log	option	View full log for either a run or specific job
gh	run view --log-failed	option	View the log for any failed steps in a run or specific job
gh	run view -v	option	Show job steps
gh	run view -w	option	Open run in the browser
gh	run watch	subcommand	Watch a run until it completes, showing its progress
gh	run watch --repo	option	Select another repository
gh	run watch --exit-status	option	Exit with non-zero status if run fails
gh	run watch -i	option	Refresh interval in seconds (default 3)
gh	run --repo	option	Select another repository
gh	secret	subcommand	Manage GitHub secrets
gh	secret list	subcommand	List secrets for a repository, environment, or organization
gh	secret list --repo	option	Select another repository
gh	secret list -e	option	List secrets for an environment
gh	secret list -o	option	List secrets for an environment
gh	secret remove	subcommand	Remove secrets
gh	secret remove --repo	option	Select another repository
gh	secret remove -e	option	List secrets for an environment
gh	secret remove -o	option	List secrets for an environment
gh	secret set	subcommand	Create or update secrets
gh	secret set --repo	option	Select another repository
gh	secret set -e	option	List secrets for an environment
gh	secret set -o	option	List secrets for an environment
gh	secret set -b	option	A value for the secret. Reads from STDIN if not specified
gh	secret set -v	option	Set visibility for an organization secret: all, `private`, or `selected` (default 'private')
gh	secret --repo	option	Select another repository
gh	ssh-key	subcommand	Manage SSH keys
gh	ssh-key add	subcommand	Add an SSH key to your GitHub account
gh	ssh-key add --repo	option	Select another repository
gh	ssh-key add -t	option	Title for the new key
gh	ssh-key list	subcommand	Lists SSH keys in your GitHub account
gh	ssh-key list --repo	option	Select another repository
gh	workflow	subcommand	View details about GitHub Actions workflows
gh	workflow disable	subcommand	Disable a workflow
gh	workflow disable --repo	option	Select another repository
gh	workflow enable	subcommand	Enable a workflow
gh	workflow enable --repo	option	Select another repository
gh	workflow list	subcommand	List workflows
gh	workflow list --repo	option	Select another repository
gh	workflow list -a	option	Show all workflows, including disabled workflows
gh	workflow list -L	option	Show all workflows, including disabled workflows
gh	workflow run	subcommand	Run a workflow by creating a workflow_dispatch event
gh	workflow run --repo	option	Select another repository
gh	workflow run -F	option	Add a string parameter in key=value format, respecting @ syntax
gh	workflow run --json	option	Read workflow inputs as JSON via STDIN
gh	workflow run -f	option	Add a string parameter in key=value format
gh	workflow run -r	option	The branch or tag name which contains the version of the workflow file you'd like to run
gh	workflow view	subcommand	View the summary of a workflow
gh	workflow view --repo	option	Select another repository
gh	workflow view -r	option	The branch or tag name which contains the version of the workflow file you'd like to view
gh	workflow view -w	option	Open workflow in the browser
gh	workflow view -y	option	View the workflow yaml file
gh	workflow --repo	option	Select another repository
gh	codespace	subcommand	Connect to and manage codespaces
gh	codespace code	subcommand	Open a codespace in Visual Studio Code
gh	codespace code -c	option	Name of the codespace
gh	codespace code --insiders	option	Use the insiders version of Visual Studio Code
gh	codespace code -w	option	Use the web version of Visual Studio Code
gh	codespace cp	subcommand	The cp command copies files between the local and remote file systems
gh	codespace cp -c	option	Name of the codespace
gh	codespace cp -e	option	Expand remote file names on remote shell
gh	codespace cp -p	option	Name of the SSH profile to use
gh	codespace cp -r	option	Recursively copy directories
gh	codespace create	subcommand	Create a codespace
gh	codespace create -b	option	Repository branch
gh	codespace create --default-permissions	option	Do not prompt to accept additional permissions requested by the codespace
gh	codespace create --devcontainer-path	option	Path to the devcontainer.json file to use when creating codespace
gh	codespace create -d	option	Display name for the codespace
gh	codespace create --idle-timeout	option	Allowed inactivity before codespace is stopped
gh	codespace create -l	option	Determined automatically if not provided
gh	codespace create -m	option	Hardware specifications for the VM
gh	codespace create -R	option	Repository name with owner: user/repo
gh	codespace create --retention-period	option	Allowed time after shutting down before the codespace is automatically deleted (maximum 30 days)
gh	codespace create -s	option	Show status of post-create command and dotfiles
gh	codespace delete	subcommand	Delete codespaces based on selection criteria. All codespaces for the authenticated user can be deleted, as well as code
gh	codespace delete -c	option	Name of the codespace
gh	codespace delete --all	option	Delete all codespaces
gh	codespace delete --days	option	Delete codespaces older than N days
gh	codespace delete -f	option	Skip confirmation for codespaces that contain unsaved changes
gh	codespace delete -o	option	The login handle of the organization (admin-only)
gh	codespace delete -r	option	Delete codespaces for a repository
gh	codespace delete -u	option	The username to delete codespaces for
gh	codespace edit	subcommand	Edit a codespace
gh	codespace edit -c	option	Name of the codespace
gh	codespace edit -d	option	Set the display name
gh	codespace edit -m	option	Set hardware specifications for the VM
gh	codespace jupyter	subcommand	Open a codespace in JupyterLab
gh	codespace jupyter -c	option	Name of the codespace
gh	codespace list	subcommand	List codespaces of the authenticated user. Alternatively, organization administrators may list all codespaces billed to
gh	codespace list -q	option	Filter JSON output using a jq expression
gh	codespace list --json	option	Output JSON with the specified fields
gh	codespace list -L	option	Maximum number of codespaces to list
gh	codespace list -o	option	The login handle of the organization to list codespaces for (admin-only)
gh	codespace list -R	option	Repository name with owner: user/repo
gh	codespace list -t	option	Format JSON output using a Go template; see 'gh help formatting'
gh	codespace list -u	option	The username to list codespaces for
gh	codespace logs	subcommand	Access codespace logs
gh	codespace logs -c	option	Name of the codespace
gh	codespace logs -f	option	Tail and follow the logs
gh	codespace ports	subcommand	List ports in a codespace
gh	codespace ports forward	subcommand	Forward ports
gh	codespace ports forward -c	option	Name of the codespace
gh	codespace ports visibility	subcommand	Change the visibility of the forwarded port
gh	codespace ports visibility -c	option	Name of the codespace
gh	codespace ports -c	option	Name of the codespace
gh	codespace ports -q	option	Filter JSON output using a jq expression
gh	codespace ports --json	option	Output JSON with the specified fields
gh	codespace ports -t	option	Format JSON output using a Go template; see 'gh help formatting'
gh	codespace rebuild	subcommand	Rebuild a codespace
gh	codespace rebuild -c	option	Name of the codespace
gh	codespace ssh	subcommand	SSH into a codespace
gh	codespace ssh -c	option	Name of the codespace
gh	codespace ssh --config	option	Write OpenSSH configuration to stdout
gh	codespace ssh -d	option	Log debug data to a file
gh	codespace ssh --debug-file	option	Path of the file log to
gh	codespace ssh --profile	option	Name of the SSH profile to use
gh	codespace ssh --server-port	option	SSH server port number (0 => pick unused)
gh	codespace stop	subcommand	Stop running a codespace
gh	codespace stop -c	option	Name of the codespace
gh	codespace stop -o	option	The login handle of the organization (admin-only)
gh	codespace stop -u	option	The username to delete codespaces for
gh	project	subcommand	Manage projects
gh	project create	subcommand	Create a project
gh	project create --title	option	Title for the project
gh	project create --owner	option	Login of the owner. Use "@me" for the current user
gh	project create --format	option	Output format: {json}
gh	project edit	subcommand	Edit a project
gh	project edit --title	option	New title of the project
gh	project edit -d	option	New description of the project
gh	project edit --owner	option	Login of the owner. Use "@me" for the current user
gh	project edit --readme	option	New readme for the project
gh	project edit --visibility	option	Change project visibility
gh	project list	subcommand	List projects
gh	project list --closed	option	Include closed projects
gh	project list --owner	option	Login of the owner
gh	project list -L	option	Maximum number of projects to fetch
gh	project list --format	option	Output format: {json}
gh	project list --web	option	Open projects list in the browser
gh	project delete	subcommand	Delete a project
gh	project delete --owner	option	Login of the owner. Use @me for the current user
gh	project delete --format	option	Output format: {json}
gh	project close	subcommand	Close a project
gh	project close --owner	option	Login of the owner. Use @me for the current user
gh	project close --format	option	Output format: {json}
gh	project close --undo	option	Reopen a closed project
gh	project view	subcommand	View a project
gh	project view --owner	option	Login of the owner. Use @me for the current user
gh	project view --format	option	Output format: {json}
gh	project view -w	option	Open project in the browser
gh	project copy	subcommand	Copy a project
gh	project copy --title	option	Title for the new project
gh	project copy --target-owner	option	Login of the target owner. Use @me for the current user
gh	project copy --source-owner	option	Login of the source owner. Use @me for the current user
gh	project copy --format	option	Output format: {json}
gh	project copy --drafts	option	Include draft issues when copying
gh	project field-create	subcommand	Create a project field
gh	project field-create --name	option	Name of the field
gh	project field-create --data-type	option	DataType of the new field
gh	project field-create --owner	option	Login of the owner. Use @me for the current user
gh	project field-create --format	option	Output format: {json}
gh	project field-create --single-select-options	option	Options for SINGLE_SELECT data type
gh	project field-delete	subcommand	Delete a project field
gh	project field-delete --id	option	ID of the field to delete
gh	project field-delete --format	option	Output format: {json}
gh	project field-list	subcommand	List project fields
gh	project field-list --owner	option	Login of the owner. Use @me for the current user
gh	project field-list --format	option	Output format: {json}
gh	project field-list -L	option	Maximum number of fields to fetch
gh	project item-create	subcommand	Create a draft issue item in a project
gh	project item-create --title	option	Title for the draft issue
gh	project item-create --body	option	Body for the draft issue
gh	project item-create --format	option	Output format: {json}
gh	project item-create --owner	option	Login of the owner. Use @me for the current user
gh	project item-edit	subcommand	Edit a project item
gh	project item-edit --id	option	ID of the item to edit
gh	project item-edit --project-id	option	ID of the project to which the field belongs to
gh	project item-edit --title	option	Title of the draft issue item
gh	project item-edit --body	option	Body of the draft issue item
gh	project item-edit --format	option	Output format: {json}
gh	project item-edit --field-id	option	ID of the field to update
gh	project item-edit --iteration-id	option	ID of the iteration value to set on the field
gh	project item-edit --text	option	Text value for the field
gh	project item-edit --number	option	Number value for the field
gh	project item-edit --single-select-option-id	option	ID of the single select option value to set on the field
gh	project item-edit --date	option	Date value for the field (YYYY-MM-DD)
gh	project item-delete	subcommand	Delete a project item
gh	project item-delete --id	option	ID of the item to delete
gh	project item-delete --format	option	Output format: {json}
gh	project item-delete --owner	option	Login of the owner. Use @me for the current user
gh	project item-list	subcommand	List project items
gh	project item-list --format	option	Output format: {json}
gh	project item-list -L	option	Maximum number of items to fetch
gh	project item-list --owner	option	Login of the owner. Use @me for the current user
gh	project item-add	subcommand	Add a pull request or an issue to a project
gh	project item-add --url	option	URL of the issue or pull request to add to the project
gh	project item-add --owner	option	Login of the owner. Use @me for the current user
gh	project item-add --format	option	Output format: {json}
gh	project item-archive	subcommand	Archive a project item
gh	project item-archive --id	option	ID of the item to archive
gh	project item-archive --format	option	Output format: {json}
gh	project item-archive --owner	option	Login of the owner. Use @me for the current user
gh	project item-archive --undo	option	Unarchive a project item
gh	--help	option	Show help for command
kubectl	alpha	subcommand	These commands correspond to alpha features that are not enabled in Kubernetes clusters by default
kubectl	alpha debug	subcommand	Tools for debugging Kubernetes resources
kubectl	alpha debug --arguments-only	option	If specified, everything after -- will be passed to the new container as Args instead of Command
kubectl	alpha debug --attach	option	If true, wait for the Pod to start running, and then attach to the Pod as if 'kubectl attach ...' were called.  Default
kubectl	alpha debug --container	option	Container name to use for debug container
kubectl	alpha debug --env	option	Environment variables to set in the container
kubectl	alpha debug --image	option	Container image to use for debug container
kubectl	alpha debug --image-pull-policy	option	The image pull policy for the container
kubectl	alpha debug --quiet	option	If true, suppress prompt messages
kubectl	alpha debug -i	option	Keep stdin open on the container(s) in the pod, even if nothing is attached
kubectl	alpha debug --target	option	Target processes in this container name
kubectl	alpha debug -t	option	Allocated a TTY for each container in the pod
kubectl	annotate	subcommand	Update the annotations on one or more resources
kubectl	annotate -f	option	Filename, directory, or URL to files identifying the resource
kubectl	annotate -k	option	Process the kustomization directory. This flag can't be used together with -f or -R
kubectl	annotate -o	option	Output format. One of: json|yaml|name|go-template|go-template-file|template|templatefile|jsonpath|jsonpath-file
kubectl	annotate --resource-version	option	If non-empty, the annotation update will only succeed if this is the current resource-version for the object. Only valid
kubectl	annotate --dry-run	option	Must be "none", "server", or "client". If client strategy, only print the object that would be sent, without sending it.
kubectl	annotate --field-selector	option	Selector (field query) to filter on, supports '=', '==', and '!='.(e.g. --field-selector key1=value1,key2=value2). The s
kubectl	annotate --local	option	If true, annotation will NOT contact api-server but run locally
kubectl	annotate --all	option	Select all resources, including uninitialized ones, in the namespace of the specified resource types
kubectl	annotate --allow-missing-template-keys	option	If true, ignore any errors in templates when a field or map key is missing in the template. Only applies to golang and j
kubectl	annotate -R	option	Process the directory used in -f, --filename recursively. Useful when you want to manage related manifests organized wit
kubectl	annotate -l	option	Selector (label query) to filter on, not including uninitialized ones, supports '=', '==', and '!='.(e.g. -l key1=value1
kubectl	annotate --template	option	Template string or path to template file to use when -o=go-template, -o=go-template-file. The template format is golang
kubectl	annotate --overwrite	option	If true, allow annotations to be overwritten, otherwise reject annotation updates that overwrite existing annotations
kubectl	annotate --record	option	Record current kubectl command in the resource annotation. If set to false, do not record the command. If set to true, r
kubectl	api-resources	subcommand	Print the supported API resources on the server
kubectl	api-resources -o	option	Output format. One of: json|yaml|name|go-template|go-template-file|template|templatefile|jsonpath|jsonpath-file
kubectl	api-resources --api-group	option	Limit to resources in the specified API group
kubectl	api-resources --cached	option	Use the cached list of resources if available
kubectl	api-resources --namespaced	option	If false, non-namespaced resources will be returned, otherwise returning namespaced resources by default
kubectl	api-resources --no-headers	option	When using the default or custom-column output format, don't print headers (default print headers)
kubectl	api-resources --sort-by	option	If non-empty, sort nodes list using specified field. The field can be either 'name' or 'kind'
kubectl	api-resources --verbs	option	Limit to resources that support the specified verbs
kubectl	api-versions	subcommand	Print the supported API versions on the server, in the form of "group/version"
kubectl	apply	subcommand	Apply a configuration to a resource by filename or stdin. The resource name must be specified. This resource will be cre
kubectl	apply edit-last-applied	subcommand	Edit the latest last-applied-configuration annotations of resources from the default editor
kubectl	apply edit-last-applied --allow-missing-template-keys	option	If true, ignore any errors in templates when a field or map key is missing in the template. Only applies to golang and j
kubectl	apply edit-last-applied -f	option	Filename, directory, or URL to files identifying the resource
kubectl	apply edit-last-applied -k	option	Process the kustomization directory. This flag can't be used together with -f or -R
kubectl	apply edit-last-applied -o	option	Output format. One of: json|yaml|name|go-template|go-template-file|template|templatefile|jsonpath|jsonpath-file
kubectl	apply edit-last-applied --record	option	Record current kubectl command in the resource annotation. If set to false, do not record the command. If set to true, r
kubectl	apply edit-last-applied -R	option	Process the directory used in -f, --filename recursively. Useful when you want to manage related manifests organized wit
kubectl	apply edit-last-applied --template	option	Template string or path to template file to use when -o=go-template, -o=go-template-file. The template format is golang
kubectl	apply edit-last-applied --windows-line-endings	option	Defaults to the line ending native to your platform
kubectl	apply edit-last-applied --field-manager	option	Name of the manager used to track field ownership
kubectl	apply edit-last-applied --show-manged-fields	option	If true, keep the managedFields when printing objects in JSON or YAML format
kubectl	apply set-last-applied	subcommand	Set the latest last-applied-configuration annotations by setting it to match the contents of a file. This results in the
kubectl	apply set-last-applied --allow-missing-template-keys	option	If true, ignore any errors in templates when a field or map key is missing in the template. Only applies to golang and j
kubectl	apply set-last-applied -f	option	Filename, directory, or URL to files identifying the resource
kubectl	apply set-last-applied -o	option	Output format. One of: json|yaml|name|go-template|go-template-file|template|templatefile|jsonpath|jsonpath-file
kubectl	apply set-last-applied --template	option	Template string or path to template file to use when -o=go-template, -o=go-template-file. The template format is golang
kubectl	apply set-last-applied --show-manged-fields	option	If true, keep the managedFields when printing objects in JSON or YAML format
kubectl	apply set-last-applied --create-annotation	option	Will create 'last-applied-configuration' annotations if current objects doesn't have one
kubectl	apply view-last-applied	subcommand	View the latest last-applied-configuration annotations by type/name or file
kubectl	apply view-last-applied --all	option	Select all resources, including uninitialized ones, in the namespace of the specified resource types
kubectl	apply view-last-applied -f	option	Filename, directory, or URL to files identifying the resource
kubectl	apply view-last-applied -k	option	Process the kustomization directory. This flag can't be used together with -f or -R
kubectl	apply view-last-applied -o	option	Output format. One of: json|yaml|name|go-template|go-template-file|template|templatefile|jsonpath|jsonpath-file
kubectl	apply view-last-applied -R	option	Process the directory used in -f, --filename recursively. Useful when you want to manage related manifests organized wit
kubectl	apply view-last-applied -l	option	Selector (label query) to filter on, not including uninitialized ones, supports '=', '==', and '!='.(e.g. -l key1=value1
kubectl	apply -f	option	Filename, directory, or URL to files identifying the resource
kubectl	apply -k	option	Process the kustomization directory. This flag can't be used together with -f or -R
kubectl	apply -o	option	Output format. One of: json|yaml|name|go-template|go-template-file|template|templatefile|jsonpath|jsonpath-file
kubectl	apply --resource-version	option	If non-empty, the annotation update will only succeed if this is the current resource-version for the object. Only valid
kubectl	apply --dry-run	option	Must be "none", "server", or "client". If client strategy, only print the object that would be sent, without sending it.
kubectl	apply --field-selector	option	Selector (field query) to filter on, supports '=', '==', and '!='.(e.g. --field-selector key1=value1,key2=value2). The s
kubectl	apply --local	option	If true, annotation will NOT contact api-server but run locally
kubectl	apply --all	option	Select all resources, including uninitialized ones, in the namespace of the specified resource types
kubectl	apply --allow-missing-template-keys	option	If true, ignore any errors in templates when a field or map key is missing in the template. Only applies to golang and j
kubectl	apply -R	option	Process the directory used in -f, --filename recursively. Useful when you want to manage related manifests organized wit
kubectl	apply -l	option	Selector (label query) to filter on, not including uninitialized ones, supports '=', '==', and '!='.(e.g. -l key1=value1
kubectl	apply --template	option	Template string or path to template file to use when -o=go-template, -o=go-template-file. The template format is golang
kubectl	apply --overwrite	option	If true, allow annotations to be overwritten, otherwise reject annotation updates that overwrite existing annotations
kubectl	apply --record	option	Record current kubectl command in the resource annotation. If set to false, do not record the command. If set to true, r
kubectl	apply --cascade	option	If true, cascade the deletion of the resources managed by this resource (e.g. Pods created by a ReplicationController).
kubectl	apply --field-manager	option	Name of the manager used to track field ownership
kubectl	apply --force	option	If true, immediately remove resources from API and bypass graceful deletion. Note that immediate deletion of some resour
kubectl	apply --force-conflicts	option	If true, server-side apply will force the changes against conflicts
kubectl	apply --grace-period	option	Period of time in seconds given to the resource to terminate gracefully. Ignored if negative. Set to 1 for immediate shu
kubectl	apply --openapi-patch	option	If true, use openapi to calculate diff when the openapi presents and the resource can be found in the openapi spec. Othe
kubectl	apply --overwrite	option	Automatically resolve conflicts between the modified and live configuration by using values from the modified configurat
kubectl	apply --prune	option	Automatically delete resource objects, including the uninitialized ones, that do not appear in the configs and are creat
kubectl	apply --prune-whitelist	option	Overwrite the default whitelist with <group/version/kind> for --prune
kubectl	apply --server-side	option	If true, apply runs in the server instead of the client
kubectl	apply --timeout	option	The length of time to wait before giving up on a delete, zero means determine a timeout from the size of the object
kubectl	apply --validate	option	If true, use a schema to validate the input before sending it
kubectl	apply --wait	option	If true, wait for resources to be gone before returning. This waits for finalizers
kubectl	attach	subcommand	Attach to a process that is already running inside an existing container
kubectl	attach -c	option	Container name. If omitted, the first container in the pod will be chosen
kubectl	attach --pod-running-timeout	option	The length of time (like 5s, 2m, or 3h, higher than zero) to wait until at least one pod is running
kubectl	attach -i	option	Pass stdin to the container
kubectl	attach -t	option	Stdin is a TTY
kubectl	auth	subcommand	Inspect authorization
kubectl	auth can-i	subcommand	Check whether an action is allowed
kubectl	auth can-i -A	option	If true, check the specified action in all namespaces
kubectl	auth can-i --list	option	If true, prints all allowed actions
kubectl	auth can-i --no-headers	option	If true, prints allowed actions without headers
kubectl	auth can-i -q	option	If true, suppress output and just return the exit code
kubectl	auth can-i --subresource	option	SubResource such as pod/log or deployment/scale
kubectl	auth reconcile	subcommand	Reconciles rules for RBAC Role, RoleBinding, ClusterRole, and ClusterRole binding objects
kubectl	auth reconcile --allow-missing-template-keys	option	If true, ignore any errors in templates when a field or map key is missing in the template. Only applies to golang and j
kubectl	auth reconcile --dry-run	option	Must be "none", "server", or "client". If client strategy, only print the object that would be sent, without sending it.
kubectl	auth reconcile -f	option	Filename, directory, or URL to files identifying the resource
kubectl	auth reconcile -k	option	Process the kustomization directory. This flag can't be used together with -f or -R
kubectl	auth reconcile -o	option	Output format. One of: json|yaml|name|go-template|go-template-file|template|templatefile|jsonpath|jsonpath-file
kubectl	auth reconcile -R	option	Process the directory used in -f, --filename recursively. Useful when you want to manage related manifests organized wit
kubectl	auth reconcile --template	option	Template string or path to template file to use when -o=go-template, -o=go-template-file. The template format is golang
kubectl	auth reconcile --remove-extra-permissions	option	If true, removes extra permissions added to roles
kubectl	auth reconcile --remove-extra-subjects	option	If true, removes extra subjects added to rolebindings
kubectl	auth reconcile --show-managed-fields	option	If true, keep the managedFields when printing objects in JSON or YAML format
kubectl	autoscale	subcommand	Creates an autoscaler that automatically chooses and sets the number of pods that run in a kubernetes cluster
kubectl	autoscale --allow-missing-template-keys	option	If true, ignore any errors in templates when a field or map key is missing in the template. Only applies to golang and j
kubectl	autoscale -o	option	Output format. One of: json|yaml|name|go-template|go-template-file|template|templatefile|jsonpath|jsonpath-file
kubectl	autoscale --record	option	Record current kubectl command in the resource annotation. If set to false, do not record the command. If set to true, r
kubectl	autoscale -R	option	Process the directory used in -f, --filename recursively. Useful when you want to manage related manifests organized wit
kubectl	autoscale --dry-run	option	Must be "none", "server", or "client". If client strategy, only print the object that would be sent, without sending it.
kubectl	autoscale -f	option	Filename, directory, or URL to files identifying the resource
kubectl	autoscale -k	option	Process the kustomization directory. This flag can't be used together with -f or -R
kubectl	autoscale --template	option	Template string or path to template file to use when -o=go-template, -o=go-template-file. The template format is golang
kubectl	autoscale --cpu-percent	option	The target average CPU utilization (represented as a percent of requested CPU) over all the pods. If it's not specified
kubectl	autoscale --generator	option	The name of the API generator to use. Currently there is only 1 generator
kubectl	autoscale --max	option	The upper limit for the number of pods that can be set by the autoscaler. Required
kubectl	autoscale --min	option	The lower limit for the number of pods that can be set by the autoscaler. If it's not specified or negative, the server
kubectl	autoscale --name	option	The name for the newly created object. If not specified, the name of the input resource will be used
kubectl	autoscale --save-config	option	If true, the configuration of current object will be saved in its annotation. Otherwise, the annotation will be unchange
kubectl	certificate	subcommand	Modify certificate resources
kubectl	certificate approve	subcommand	Approve a certificate signing request
kubectl	certificate approve --allow-missing-template-keys	option	If true, ignore any errors in templates when a field or map key is missing in the template. Only applies to golang and j
kubectl	certificate approve -f	option	Filename, directory, or URL to files identifying the resource
kubectl	certificate approve -k	option	Process the kustomization directory. This flag can't be used together with -f or -R
kubectl	certificate approve -o	option	Output format. One of: json|yaml|name|go-template|go-template-file|template|templatefile|jsonpath|jsonpath-file
kubectl	certificate approve -R	option	Process the directory used in -f, --filename recursively. Useful when you want to manage related manifests organized wit
kubectl	certificate approve --template	option	Template string or path to template file to use when -o=go-template, -o=go-template-file. The template format is golang
kubectl	certificate approve --force	option	Update the CSR even if it is already approved
kubectl	certificate deny	subcommand	Deny a certificate signing request
kubectl	certificate deny --allow-missing-template-keys	option	If true, ignore any errors in templates when a field or map key is missing in the template. Only applies to golang and j
kubectl	certificate deny -f	option	Filename, directory, or URL to files identifying the resource
kubectl	certificate deny -k	option	Process the kustomization directory. This flag can't be used together with -f or -R
kubectl	certificate deny -o	option	Output format. One of: json|yaml|name|go-template|go-template-file|template|templatefile|jsonpath|jsonpath-file
kubectl	certificate deny -R	option	Process the directory used in -f, --filename recursively. Useful when you want to manage related manifests organized wit
kubectl	certificate deny --template	option	Template string or path to template file to use when -o=go-template, -o=go-template-file. The template format is golang
kubectl	certificate deny --force	option	Update the CSR even if it is already approved
kubectl	cluster-info	subcommand	Display addresses of the master and services with label kubernetes.io/cluster-service=true To further debug and diagnose
kubectl	cluster-info dump	subcommand	Dumps cluster info out suitable for debugging and diagnosing cluster problems.  By default, dumps everything to stdout.
kubectl	cluster-info dump --allow-missing-template-keys	option	If true, ignore any errors in templates when a field or map key is missing in the template. Only applies to golang and j
kubectl	cluster-info dump -o	option	Output format. One of: json|yaml|name|go-template|go-template-file|template|templatefile|jsonpath|jsonpath-file
kubectl	cluster-info dump --template	option	Template string or path to template file to use when -o=go-template, -o=go-template-file. The template format is golang
kubectl	cluster-info dump -A	option	If true, dump all namespaces.  If true, --namespaces is ignored
kubectl	cluster-info dump --namespaces	option	A comma separated list of namespaces to dump
kubectl	cluster-info dump --output-directory	option	Where to output the files.  If empty or '-' uses stdout, otherwise creates a directory hierarchy in that directory
kubectl	cluster-info dump --pod-running-timeout	option	The length of time (like 5s, 2m, or 3h, higher than zero) to wait until at least one pod is running
kubectl	cluster-info dump --show-managed-fields	option	If true, keep the managedFields when printing objects in JSON or YAML format
kubectl	completion	subcommand	Output shell completion code for the specified shell (bash or zsh). The shell code must be evaluated to provide interact
kubectl	config	subcommand	Modify kubeconfig files using subcommands like "kubectl config set current-context my-context"
kubectl	config current-context	subcommand	Displays the current-context
kubectl	config delete-cluster	subcommand	Delete the specified cluster from the kubeconfig
kubectl	config delete-context	subcommand	Delete the specified context from the kubeconfig
kubectl	config get-clusters	subcommand	Display clusters defined in the kubeconfig
kubectl	config get-contexts	subcommand	Displays one or many contexts from the kubeconfig file
kubectl	config get-contexts -o	option	Output format. One of: json|yaml|name|go-template|go-template-file|template|templatefile|jsonpath|jsonpath-file
kubectl	config get-contexts --no-headers	option	When using the default or custom-column output format, don't print headers (default print headers)
kubectl	config get-users	subcommand	Display users defined in the kubeconfig
kubectl	config rename-context	subcommand	Renames a context from the kubeconfig file
kubectl	config set	subcommand	Sets an individual value in a kubeconfig file
kubectl	config set --set-raw-bytes	option	When writing a []byte PROPERTY_VALUE, write the given string directly without base64 decoding
kubectl	config set-cluster	subcommand	Sets a cluster entry in kubeconfig
kubectl	config set-cluster --embed-certs	option	Embed-certs for the cluster entry in kubeconfig
kubectl	config set-cluster --server	option	
kubectl	config set-cluster --certificate-authority	option	Path to certificate authority
kubectl	config set-cluster --insecure-skip-tls-verify	option	
kubectl	config set-cluster --tls-server-name	option	
kubectl	config set-context	subcommand	Sets a context entry in kubeconfig
kubectl	config set-context --current	option	Modify the current context
kubectl	config set-context --cluster	option	
kubectl	config set-context --user	option	
kubectl	config set-context --namespace	option	
kubectl	config set-credentials	subcommand	Sets a user entry in kubeconfig
kubectl	config set-credentials --client-certificate	option	Client cert for user entry
kubectl	config set-credentials --client-key	option	Client key for user entry
kubectl	config set-credentials --token	option	Bearer Token for user entry
kubectl	config set-credentials --username	option	Username for basic authentication
kubectl	config set-credentials --password	option	Password for basic authentication
kubectl	config set-credentials --auth-provider	option	Auth provider for the user entry in kubeconfig
kubectl	config set-credentials --auth-provider-arg	option	'key=value' arguments for the auth provider
kubectl	config set-credentials --embed-certs	option	Embed client cert/key for the user entry in kubeconfig
kubectl	config set-credentials --exec-api-version	option	API version of the exec credential plugin for the user entry in kubeconfig
kubectl	config set-credentials --exec-arg	option	New arguments for the exec credential plugin command for the user entry in kubeconfig
kubectl	config set-credentials --exec-command	option	Command for the exec credential plugin for the user entry in kubeconfig
kubectl	config set-credentials --exec-env	option	'key=value' environment values for the exec credential plugin
kubectl	config unset	subcommand	Unsets an individual value in a kubeconfig file
kubectl	config use-context	subcommand	Sets the current-context in a kubeconfig file
kubectl	config view	subcommand	Display merged kubeconfig settings or a specified kubeconfig file
kubectl	config view --allow-missing-template-keys	option	If true, ignore any errors in templates when a field or map key is missing in the template. Only applies to golang and j
kubectl	config view -o	option	Output format. One of: json|yaml|name|go-template|go-template-file|template|templatefile|jsonpath|jsonpath-file
kubectl	config view --template	option	Template string or path to template file to use when -o=go-template, -o=go-template-file. The template format is golang
kubectl	config view --flatten	option	Flatten the resulting kubeconfig file into self-contained output (useful for creating portable kubeconfig files)
kubectl	config view --merge	option	Merge the full hierarchy of kubeconfig files
kubectl	config view --minify	option	Remove all information not used by current-context from the output
kubectl	config view --raw	option	Display raw byte data
kubectl	config view --show-managed-fields	option	If true, keep the managedFields when printing objects in JSON or YAML format
kubectl	config --kubeconfig	option	
kubectl	convert	subcommand	Convert config files between different API versions. Both YAML and JSON formats are accepted
kubectl	convert --allow-missing-template-keys	option	If true, ignore any errors in templates when a field or map key is missing in the template. Only applies to golang and j
kubectl	convert -f	option	Filename, directory, or URL to files identifying the resource
kubectl	convert -k	option	Process the kustomization directory. This flag can't be used together with -f or -R
kubectl	convert -o	option	Output format. One of: json|yaml|name|go-template|go-template-file|template|templatefile|jsonpath|jsonpath-file
kubectl	convert -R	option	Process the directory used in -f, --filename recursively. Useful when you want to manage related manifests organized wit
kubectl	convert --template	option	Template string or path to template file to use when -o=go-template, -o=go-template-file. The template format is golang
kubectl	convert --local	option	If true, convert will NOT try to contact api-server but run locally
kubectl	convert --output-version	option	Output the formatted object with the given group version (for ex: 'extensions/v1beta1')
kubectl	convert --validate	option	If true, use a schema to validate the input before sending it
kubectl	cordon	subcommand	Mark node as unschedulable
kubectl	cordon --dry-run	option	Must be "none", "server", or "client". If client strategy, only print the object that would be sent, without sending it.
kubectl	cordon -l	option	Selector (label query) to filter on, not including uninitialized ones, supports '=', '==', and '!='.(e.g. -l key1=value1
kubectl	cp	subcommand	Copy files and directories to and from containers
kubectl	cp -c	option	Container name. If omitted, the first container in the pod will be chosen
kubectl	cp --no-preserve	option	The copied file/directory's ownership and permissions will not be preserved in the container
kubectl	create	subcommand	Create a resource from a file or from stdin
kubectl	create clusterrole	subcommand	Create a ClusterRole
kubectl	create clusterrole --allow-missing-template-keys	option	If true, ignore any errors in templates when a field or map key is missing in the template. Only applies to golang and j
kubectl	create clusterrole --dry-run	option	Must be "none", "server", or "client". If client strategy, only print the object that would be sent, without sending it.
kubectl	create clusterrole -o	option	Output format. One of: json|yaml|name|go-template|go-template-file|template|templatefile|jsonpath|jsonpath-file
kubectl	create clusterrole --template	option	Template string or path to template file to use when -o=go-template, -o=go-template-file. The template format is golang
kubectl	create clusterrole --aggregation-rule	option	An aggregation label selector for combining ClusterRoles
kubectl	create clusterrole --non-resource-url	option	A partial url that user should have access to
kubectl	create clusterrole --resource	option	Resource that the rule applies to
kubectl	create clusterrole --resource-name	option	Resource in the white list that the rule applies to, repeat this flag for multiple items
kubectl	create clusterrole --save-config	option	If true, the configuration of current object will be saved in its annotation. Otherwise, the annotation will be unchange
kubectl	create clusterrole --validate	option	If true, use a schema to validate the input before sending it
kubectl	create clusterrole --verb	option	Verb that applies to the resources contained in the rule
kubectl	create clusterrolebinding	subcommand	Create a ClusterRoleBinding for a particular ClusterRole
kubectl	create clusterrolebinding --allow-missing-template-keys	option	If true, ignore any errors in templates when a field or map key is missing in the template. Only applies to golang and j
kubectl	create clusterrolebinding --dry-run	option	Must be "none", "server", or "client". If client strategy, only print the object that would be sent, without sending it.
kubectl	create clusterrolebinding -o	option	Output format. One of: json|yaml|name|go-template|go-template-file|template|templatefile|jsonpath|jsonpath-file
kubectl	create clusterrolebinding --template	option	Template string or path to template file to use when -o=go-template, -o=go-template-file. The template format is golang
kubectl	create clusterrolebinding --clusterrole	option	ClusterRole this ClusterRoleBinding should reference
kubectl	create clusterrolebinding --user	option	
kubectl	create clusterrolebinding --group	option	Groups to bind to the clusterrole
kubectl	create clusterrolebinding --save-config	option	If true, the configuration of current object will be saved in its annotation. Otherwise, the annotation will be unchange
kubectl	create clusterrolebinding --serviceaccount	option	Service accounts to bind to the clusterrole, in the format <namespace>:<name>
kubectl	create clusterrolebinding --validate	option	If true, use a schema to validate the input before sending it
kubectl	create configmap	subcommand	Create a configmap based on a file, directory, or specified literal value
kubectl	create configmap --allow-missing-template-keys	option	If true, ignore any errors in templates when a field or map key is missing in the template. Only applies to golang and j
kubectl	create configmap --dry-run	option	Must be "none", "server", or "client". If client strategy, only print the object that would be sent, without sending it.
kubectl	create configmap -o	option	Output format. One of: json|yaml|name|go-template|go-template-file|template|templatefile|jsonpath|jsonpath-file
kubectl	create configmap --template	option	Template string or path to template file to use when -o=go-template, -o=go-template-file. The template format is golang
kubectl	create configmap --append-hash	option	Append a hash of the configmap to its name
kubectl	create configmap --from-env-file	option	Specify the path to a file to read lines of key=val pairs to create a configmap (i.e. a Docker .env file)
kubectl	create configmap --from-file	option	Key file can be specified using its file path, in which case file basename will be used as configmap key, or optionally
kubectl	create configmap --from-literal	option	Specify a key and literal value to insert in configmap (i.e. mykey=somevalue)
kubectl	create configmap --save-config	option	If true, the configuration of current object will be saved in its annotation. Otherwise, the annotation will be unchange
kubectl	create configmap --validate	option	If true, use a schema to validate the input before sending it
kubectl	create cronjob	subcommand	Create a cronjob with the specified name
kubectl	create cronjob --allow-missing-template-keys	option	If true, ignore any errors in templates when a field or map key is missing in the template. Only applies to golang and j
kubectl	create cronjob --dry-run	option	Must be "none", "server", or "client". If client strategy, only print the object that would be sent, without sending it.
kubectl	create cronjob -o	option	Output format. One of: json|yaml|name|go-template|go-template-file|template|templatefile|jsonpath|jsonpath-file
kubectl	create cronjob --template	option	Template string or path to template file to use when -o=go-template, -o=go-template-file. The template format is golang
kubectl	create cronjob --image	option	Image name to run
kubectl	create cronjob --restart	option	Job's restart policy. supported values: OnFailure, Never
kubectl	create cronjob --save-config	option	If true, the configuration of current object will be saved in its annotation. Otherwise, the annotation will be unchange
kubectl	create cronjob --schedule	option	A schedule in the Cron format the job should be run with
kubectl	create cronjob --validate	option	If true, use a schema to validate the input before sending it
kubectl	create deployment	subcommand	Create a deployment with the specified name
kubectl	create deployment --allow-missing-template-keys	option	If true, ignore any errors in templates when a field or map key is missing in the template. Only applies to golang and j
kubectl	create deployment --dry-run	option	Must be "none", "server", or "client". If client strategy, only print the object that would be sent, without sending it.
kubectl	create deployment -o	option	Output format. One of: json|yaml|name|go-template|go-template-file|template|templatefile|jsonpath|jsonpath-file
kubectl	create deployment --template	option	Template string or path to template file to use when -o=go-template, -o=go-template-file. The template format is golang
kubectl	create deployment --image	option	Image name to run
kubectl	create deployment --save-config	option	If true, the configuration of current object will be saved in its annotation. Otherwise, the annotation will be unchange
kubectl	create deployment --validate	option	If true, use a schema to validate the input before sending it
kubectl	create ingress	subcommand	Create an ingress with the specified name
kubectl	create ingress --allow-missing-template-keys	option	If true, ignore any errors in templates when a field or map key is missing in the template. Only applies to golang and j
kubectl	create ingress --dry-run	option	Must be "none", "server", or "client". If client strategy, only print the object that would be sent, without sending it.
kubectl	create ingress -o	option	Output format. One of: json|yaml|name|go-template|go-template-file|template|templatefile|jsonpath|jsonpath-file
kubectl	create ingress --template	option	Template string or path to template file to use when -o=go-template, -o=go-template-file. The template format is golang
kubectl	create ingress --annotation	option	Annotation to insert in the ingress object, in the format annotation=value
kubectl	create ingress --class	option	Ingress Class to be used
kubectl	create ingress --default-backend	option	Default service for backend, in format of svcname:port
kubectl	create ingress --field-manager	option	Name of the manager used to track field ownership
kubectl	create ingress --rule	option	Rule in format host/path=service:port[,tls=secretname]. Paths containing the leading character '*' are considered pathTy
kubectl	create ingress --show-managed-fields	option	If true, keep the managedFields when printing objects in JSON or YAML format
kubectl	create ingress --validate	option	If true, use a schema to validate the input before sending it
kubectl	create job	subcommand	Create a job with the specified name
kubectl	create job --allow-missing-template-keys	option	If true, ignore any errors in templates when a field or map key is missing in the template. Only applies to golang and j
kubectl	create job --dry-run	option	Must be "none", "server", or "client". If client strategy, only print the object that would be sent, without sending it.
kubectl	create job -o	option	Output format. One of: json|yaml|name|go-template|go-template-file|template|templatefile|jsonpath|jsonpath-file
kubectl	create job --template	option	Template string or path to template file to use when -o=go-template, -o=go-template-file. The template format is golang
kubectl	create job --from	option	The name of the resource to create a Job from (only cronjob is supported)
kubectl	create job --image	option	Image name to run
kubectl	create job --save-config	option	If true, the configuration of current object will be saved in its annotation. Otherwise, the annotation will be unchange
kubectl	create job --validate	option	If true, use a schema to validate the input before sending it
kubectl	create namespace	subcommand	Create a namespace with the specified name
kubectl	create namespace --allow-missing-template-keys	option	If true, ignore any errors in templates when a field or map key is missing in the template. Only applies to golang and j
kubectl	create namespace --dry-run	option	Must be "none", "server", or "client". If client strategy, only print the object that would be sent, without sending it.
kubectl	create namespace -o	option	Output format. One of: json|yaml|name|go-template|go-template-file|template|templatefile|jsonpath|jsonpath-file
kubectl	create namespace --template	option	Template string or path to template file to use when -o=go-template, -o=go-template-file. The template format is golang
kubectl	create namespace --save-config	option	If true, the configuration of current object will be saved in its annotation. Otherwise, the annotation will be unchange
kubectl	create namespace --validate	option	If true, use a schema to validate the input before sending it
kubectl	create poddisruptionbudget	subcommand	Create a pod disruption budget with the specified name, selector, and desired minimum available pods
kubectl	create poddisruptionbudget --allow-missing-template-keys	option	If true, ignore any errors in templates when a field or map key is missing in the template. Only applies to golang and j
kubectl	create poddisruptionbudget --dry-run	option	Must be "none", "server", or "client". If client strategy, only print the object that would be sent, without sending it.
kubectl	create poddisruptionbudget -o	option	Output format. One of: json|yaml|name|go-template|go-template-file|template|templatefile|jsonpath|jsonpath-file
kubectl	create poddisruptionbudget --template	option	Template string or path to template file to use when -o=go-template, -o=go-template-file. The template format is golang
kubectl	create poddisruptionbudget -l	option	Selector (label query) to filter on, not including uninitialized ones, supports '=', '==', and '!='.(e.g. -l key1=value1
kubectl	create poddisruptionbudget --max-unavailable	option	The maximum number or percentage of unavailable pods this budget requires
kubectl	create poddisruptionbudget --min-available	option	The minimum number or percentage of available pods this budget requires
kubectl	create poddisruptionbudget --save-config	option	If true, the configuration of current object will be saved in its annotation. Otherwise, the annotation will be unchange
kubectl	create poddisruptionbudget --validate	option	If true, use a schema to validate the input before sending it
kubectl	create priorityclass	subcommand	Create a priorityclass with the specified name, value, globalDefault and description
kubectl	create priorityclass --allow-missing-template-keys	option	If true, ignore any errors in templates when a field or map key is missing in the template. Only applies to golang and j
kubectl	create priorityclass --dry-run	option	Must be "none", "server", or "client". If client strategy, only print the object that would be sent, without sending it.
kubectl	create priorityclass -o	option	Output format. One of: json|yaml|name|go-template|go-template-file|template|templatefile|jsonpath|jsonpath-file
kubectl	create priorityclass --template	option	Template string or path to template file to use when -o=go-template, -o=go-template-file. The template format is golang
kubectl	create priorityclass --description	option	Description is an arbitrary string that usually provides guidelines on when this priority class should be used
kubectl	create priorityclass --global-default	option	Global-default specifies whether this PriorityClass should be considered as the default priority
kubectl	create priorityclass --preemption-policy	option	Preemption-policy is the policy for preempting pods with lower priority
kubectl	create priorityclass --save-config	option	If true, the configuration of current object will be saved in its annotation. Otherwise, the annotation will be unchange
kubectl	create priorityclass --validate	option	If true, use a schema to validate the input before sending it
kubectl	create priorityclass --value	option	The value of this priority class
kubectl	create quota	subcommand	Create a resourcequota with the specified name, hard limits and optional scopes
kubectl	create quota --allow-missing-template-keys	option	If true, ignore any errors in templates when a field or map key is missing in the template. Only applies to golang and j
kubectl	create quota --dry-run	option	Must be "none", "server", or "client". If client strategy, only print the object that would be sent, without sending it.
kubectl	create quota -o	option	Output format. One of: json|yaml|name|go-template|go-template-file|template|templatefile|jsonpath|jsonpath-file
kubectl	create quota --template	option	Template string or path to template file to use when -o=go-template, -o=go-template-file. The template format is golang
kubectl	create quota --field-manager	option	Name of the manager used to track field ownership
kubectl	create quota --hard	option	A comma-delimited set of resource=quantity pairs that define a hard limit
kubectl	create quota --save-config	option	If true, the configuration of current object will be saved in its annotation. Otherwise, the annotation will be unchange
kubectl	create quota --scopes	option	A comma-delimited set of quota scopes that must all match each object tracked by the quota
kubectl	create quota --validate	option	If true, use a schema to validate the input before sending it
kubectl	create role	subcommand	Create a role with single rule
kubectl	create role --allow-missing-template-keys	option	If true, ignore any errors in templates when a field or map key is missing in the template. Only applies to golang and j
kubectl	create role --dry-run	option	Must be "none", "server", or "client". If client strategy, only print the object that would be sent, without sending it.
kubectl	create role -o	option	Output format. One of: json|yaml|name|go-template|go-template-file|template|templatefile|jsonpath|jsonpath-file
kubectl	create role --template	option	Template string or path to template file to use when -o=go-template, -o=go-template-file. The template format is golang
kubectl	create role --resource	option	Resource that the rule applies to
kubectl	create role --resource-name	option	Resource in the white list that the rule applies to, repeat this flag for multiple items
kubectl	create role --save-config	option	If true, the configuration of current object will be saved in its annotation. Otherwise, the annotation will be unchange
kubectl	create role --validate	option	If true, use a schema to validate the input before sending it
kubectl	create role --verb	option	Verb that applies to the resources contained in the rule
kubectl	create rolebinding	subcommand	Create a RoleBinding for a particular Role or ClusterRole
kubectl	create rolebinding --allow-missing-template-keys	option	If true, ignore any errors in templates when a field or map key is missing in the template. Only applies to golang and j
kubectl	create rolebinding --dry-run	option	Must be "none", "server", or "client". If client strategy, only print the object that would be sent, without sending it.
kubectl	create rolebinding -o	option	Output format. One of: json|yaml|name|go-template|go-template-file|template|templatefile|jsonpath|jsonpath-file
kubectl	create rolebinding --template	option	Template string or path to template file to use when -o=go-template, -o=go-template-file. The template format is golang
kubectl	create rolebinding --clusterrole	option	ClusterRole this RoleBinding should reference
kubectl	create rolebinding --group	option	Groups to bind to the role
kubectl	create rolebinding --role	option	Role this RoleBinding should reference
kubectl	create rolebinding --save-config	option	If true, the configuration of current object will be saved in its annotation. Otherwise, the annotation will be unchange
kubectl	create rolebinding --serviceaccount	option	Service accounts to bind to the role, in the format <namespace>:<name>
kubectl	create rolebinding --username	option	
kubectl	create rolebinding --validate	option	If true, use a schema to validate the input before sending it
kubectl	create secret	subcommand	Create a secret using specified subcommand
kubectl	create secret docker-registry	subcommand	Create a new secret for use with Docker registries
kubectl	create secret docker-registry --allow-missing-template-keys	option	If true, ignore any errors in templates when a field or map key is missing in the template. Only applies to golang and j
kubectl	create secret docker-registry --dry-run	option	Must be "none", "server", or "client". If client strategy, only print the object that would be sent, without sending it.
kubectl	create secret docker-registry -o	option	Output format. One of: json|yaml|name|go-template|go-template-file|template|templatefile|jsonpath|jsonpath-file
kubectl	create secret docker-registry --template	option	Template string or path to template file to use when -o=go-template, -o=go-template-file. The template format is golang
kubectl	create secret docker-registry --append-hash	option	Append a hash of the secret to its name
kubectl	create secret docker-registry --docker-email	option	Email for Docker registry
kubectl	create secret docker-registry --docker-password	option	Password for Docker registry authentication
kubectl	create secret docker-registry --docker-server	option	Server location for Docker registry
kubectl	create secret docker-registry --docker-username	option	Username for Docker registry authentication
kubectl	create secret docker-registry --from-file	option	Key files can be specified using their file path, in which case a default name will be given to them, or optionally with
kubectl	create secret docker-registry --save-config	option	If true, the configuration of current object will be saved in its annotation. Otherwise, the annotation will be unchange
kubectl	create secret docker-registry --validate	option	If true, use a schema to validate the input before sending it
kubectl	create secret generic	subcommand	Create a secret based on a file, directory, or specified literal value
kubectl	create secret generic --allow-missing-template-keys	option	If true, ignore any errors in templates when a field or map key is missing in the template. Only applies to golang and j
kubectl	create secret generic --dry-run	option	Must be "none", "server", or "client". If client strategy, only print the object that would be sent, without sending it.
kubectl	create secret generic -o	option	Output format. One of: json|yaml|name|go-template|go-template-file|template|templatefile|jsonpath|jsonpath-file
kubectl	create secret generic --template	option	Template string or path to template file to use when -o=go-template, -o=go-template-file. The template format is golang
kubectl	create secret generic --append-hash	option	Append a hash of the secret to its name
kubectl	create secret generic --from-env-file	option	Specify the path to a file to read lines of key=val pairs to create a secret (i.e. a Docker .env file)
kubectl	create secret generic --from-file	option	Key files can be specified using their file path, in which case a default name will be given to them, or optionally with
kubectl	create secret generic --from-literal	option	Specify a key and literal value to insert in secret (i.e. mykey=somevalue)
kubectl	create secret generic --save-config	option	If true, the configuration of current object will be saved in its annotation. Otherwise, the annotation will be unchange
kubectl	create secret generic --type	option	The type of secret to create
kubectl	create secret generic --validate	option	If true, use a schema to validate the input before sending it
kubectl	create secret tls	subcommand	Create a TLS secret from the given public/private key pair
kubectl	create secret tls --allow-missing-template-keys	option	If true, ignore any errors in templates when a field or map key is missing in the template. Only applies to golang and j
kubectl	create secret tls --dry-run	option	Must be "none", "server", or "client". If client strategy, only print the object that would be sent, without sending it.
kubectl	create secret tls -o	option	Output format. One of: json|yaml|name|go-template|go-template-file|template|templatefile|jsonpath|jsonpath-file
kubectl	create secret tls --template	option	Template string or path to template file to use when -o=go-template, -o=go-template-file. The template format is golang
kubectl	create secret tls --append-hash	option	Append a hash of the secret to its name
kubectl	create secret tls --cert	option	Path to PEM encoded public key certificate
kubectl	create secret tls --key	option	Path to private key associated with given certificate
kubectl	create secret tls --save-config	option	If true, the configuration of current object will be saved in its annotation. Otherwise, the annotation will be unchange
kubectl	create secret tls --validate	option	If true, use a schema to validate the input before sending it
kubectl	create service	subcommand	Create a service using specified subcommand
kubectl	create service clusterip	subcommand	Create a ClusterIP service with the specified name
kubectl	create service clusterip --allow-missing-template-keys	option	If true, ignore any errors in templates when a field or map key is missing in the template. Only applies to golang and j
kubectl	create service clusterip --dry-run	option	Must be "none", "server", or "client". If client strategy, only print the object that would be sent, without sending it.
kubectl	create service clusterip -o	option	Output format. One of: json|yaml|name|go-template|go-template-file|template|templatefile|jsonpath|jsonpath-file
kubectl	create service clusterip --template	option	Template string or path to template file to use when -o=go-template, -o=go-template-file. The template format is golang
kubectl	create service clusterip --clusterip	option	Assign your own ClusterIP or set to 'None' for a 'headless' service (no loadbalancing)
kubectl	create service clusterip --save-config	option	If true, the configuration of current object will be saved in its annotation. Otherwise, the annotation will be unchange
kubectl	create service clusterip --tcp	option	Port pairs can be specified as '<port>:<targetPort>'
kubectl	create service clusterip --validate	option	If true, use a schema to validate the input before sending it
kubectl	create service externalname	subcommand	Create an ExternalName service with the specified name
kubectl	create service externalname --allow-missing-template-keys	option	If true, ignore any errors in templates when a field or map key is missing in the template. Only applies to golang and j
kubectl	create service externalname --dry-run	option	Must be "none", "server", or "client". If client strategy, only print the object that would be sent, without sending it.
kubectl	create service externalname -o	option	Output format. One of: json|yaml|name|go-template|go-template-file|template|templatefile|jsonpath|jsonpath-file
kubectl	create service externalname --template	option	Template string or path to template file to use when -o=go-template, -o=go-template-file. The template format is golang
kubectl	create service externalname --external-name	option	External name of service
kubectl	create service externalname --save-config	option	If true, the configuration of current object will be saved in its annotation. Otherwise, the annotation will be unchange
kubectl	create service externalname --tcp	option	Port pairs can be specified as '<port>:<targetPort>'
kubectl	create service externalname --validate	option	If true, use a schema to validate the input before sending it
kubectl	create service loadbalancer	subcommand	Create a LoadBalancer service with the specified name
kubectl	create service loadbalancer --allow-missing-template-keys	option	If true, ignore any errors in templates when a field or map key is missing in the template. Only applies to golang and j
kubectl	create service loadbalancer --dry-run	option	Must be "none", "server", or "client". If client strategy, only print the object that would be sent, without sending it.
kubectl	create service loadbalancer -o	option	Output format. One of: json|yaml|name|go-template|go-template-file|template|templatefile|jsonpath|jsonpath-file
kubectl	create service loadbalancer --template	option	Template string or path to template file to use when -o=go-template, -o=go-template-file. The template format is golang
kubectl	create service loadbalancer --save-config	option	If true, the configuration of current object will be saved in its annotation. Otherwise, the annotation will be unchange
kubectl	create service loadbalancer --tcp	option	Port pairs can be specified as '<port>:<targetPort>'
kubectl	create service loadbalancer --validate	option	If true, use a schema to validate the input before sending it
kubectl	create service nodeport	subcommand	Create a NodePort service with the specified name
kubectl	create service nodeport --allow-missing-template-keys	option	If true, ignore any errors in templates when a field or map key is missing in the template. Only applies to golang and j
kubectl	create service nodeport --dry-run	option	Must be "none", "server", or "client". If client strategy, only print the object that would be sent, without sending it.
kubectl	create service nodeport -o	option	Output format. One of: json|yaml|name|go-template|go-template-file|template|templatefile|jsonpath|jsonpath-file
kubectl	create service nodeport --template	option	Template string or path to template file to use when -o=go-template, -o=go-template-file. The template format is golang
kubectl	create service nodeport --node-port	option	Port used to expose the service on each node in a cluster
kubectl	create service nodeport --save-config	option	If true, the configuration of current object will be saved in its annotation. Otherwise, the annotation will be unchange
kubectl	create service nodeport --tcp	option	Port pairs can be specified as '<port>:<targetPort>'
kubectl	create service nodeport --validate	option	If true, use a schema to validate the input before sending it
kubectl	create serviceaccount	subcommand	Create a service account with the specified name
kubectl	create serviceaccount --allow-missing-template-keys	option	If true, ignore any errors in templates when a field or map key is missing in the template. Only applies to golang and j
kubectl	create serviceaccount --dry-run	option	Must be "none", "server", or "client". If client strategy, only print the object that would be sent, without sending it.
kubectl	create serviceaccount -o	option	Output format. One of: json|yaml|name|go-template|go-template-file|template|templatefile|jsonpath|jsonpath-file
kubectl	create serviceaccount --template	option	Template string or path to template file to use when -o=go-template, -o=go-template-file. The template format is golang
kubectl	create serviceaccount --save-config	option	If true, the configuration of current object will be saved in its annotation. Otherwise, the annotation will be unchange
kubectl	create serviceaccount --validate	option	If true, use a schema to validate the input before sending it
kubectl	create --allow-missing-template-keys	option	If true, ignore any errors in templates when a field or map key is missing in the template. Only applies to golang and j
kubectl	create --dry-run	option	Must be "none", "server", or "client". If client strategy, only print the object that would be sent, without sending it.
kubectl	create -f	option	Filename, directory, or URL to files identifying the resource
kubectl	create -k	option	Process the kustomization directory. This flag can't be used together with -f or -R
kubectl	create -o	option	Output format. One of: json|yaml|name|go-template|go-template-file|template|templatefile|jsonpath|jsonpath-file
kubectl	create -R	option	Process the directory used in -f, --filename recursively. Useful when you want to manage related manifests organized wit
kubectl	create -l	option	Selector (label query) to filter on, not including uninitialized ones, supports '=', '==', and '!='.(e.g. -l key1=value1
kubectl	create --template	option	Template string or path to template file to use when -o=go-template, -o=go-template-file. The template format is golang
kubectl	create --record	option	Record current kubectl command in the resource annotation. If set to false, do not record the command. If set to true, r
kubectl	create --edit	option	Edit the API resource before creating
kubectl	create --raw	option	Raw URI to POST to the server.  Uses the transport specified by the kubeconfig file
kubectl	create --save-config	option	If true, the configuration of current object will be saved in its annotation. Otherwise, the annotation will be unchange
kubectl	create --validate	option	If true, use a schema to validate the input before sending it
kubectl	create --windows-line-endings	option	Only relevant if --edit=true. Defaults to the line ending native to your platform
kubectl	delete	subcommand	Delete resources by filenames, stdin, resources and names, or by resources and label selector
kubectl	delete --dry-run	option	Must be "none", "server", or "client". If client strategy, only print the object that would be sent, without sending it.
kubectl	delete -f	option	Filename, directory, or URL to files identifying the resource
kubectl	delete -k	option	Process the kustomization directory. This flag can't be used together with -f or -R
kubectl	delete -o	option	Output format. One of: json|yaml|name|go-template|go-template-file|template|templatefile|jsonpath|jsonpath-file
kubectl	delete -R	option	Process the directory used in -f, --filename recursively. Useful when you want to manage related manifests organized wit
kubectl	delete -l	option	Selector (label query) to filter on, not including uninitialized ones, supports '=', '==', and '!='.(e.g. -l key1=value1
kubectl	delete --all	option	Select all resources, including uninitialized ones, in the namespace of the specified resource types
kubectl	delete --field-selector	option	Selector (field query) to filter on, supports '=', '==', and '!='.(e.g. --field-selector key1=value1,key2=value2). The s
kubectl	delete -A	option	If present, list the requested object(s) across all namespaces. Namespace in current context is ignored even if specifie
kubectl	delete --cascade	option	If true, cascade the deletion of the resources managed by this resource (e.g. Pods created by a ReplicationController).
kubectl	delete --force	option	If true, immediately remove resources from API and bypass graceful deletion. Note that immediate deletion of some resour
kubectl	delete --grace-period	option	Period of time in seconds given to the resource to terminate gracefully. Ignored if negative. Set to 1 for immediate shu
kubectl	delete --ignore-not-found	option	Treat "resource not found" as a successful delete. Defaults to "true" when --all is specified
kubectl	delete --now	option	If true, resources are signaled for immediate shutdown (same as --grace-period=1)
kubectl	delete --raw	option	Raw URI to DELETE to the server.  Uses the transport specified by the kubeconfig file
kubectl	delete --timeout	option	The length of time to wait before giving up on a delete, zero means determine a timeout from the size of the object
kubectl	delete --wait	option	If true, wait for resources to be gone before returning. This waits for finalizers
kubectl	describe	subcommand	Show details of a specific resource or group of resources
kubectl	describe -f	option	Filename, directory, or URL to files identifying the resource
kubectl	describe -k	option	Process the kustomization directory. This flag can't be used together with -f or -R
kubectl	describe -R	option	Process the directory used in -f, --filename recursively. Useful when you want to manage related manifests organized wit
kubectl	describe -l	option	Selector (label query) to filter on, not including uninitialized ones, supports '=', '==', and '!='.(e.g. -l key1=value1
kubectl	describe -A	option	If present, list the requested object(s) across all namespaces. Namespace in current context is ignored even if specifie
kubectl	describe --show-events	option	If true, display events related to the described object
kubectl	diff	subcommand	Diff configurations specified by filename or stdin between the current online configuration, and the configuration as it
kubectl	diff -f	option	Filename, directory, or URL to files identifying the resource
kubectl	diff -k	option	Process the kustomization directory. This flag can't be used together with -f or -R
kubectl	diff -R	option	Process the directory used in -f, --filename recursively. Useful when you want to manage related manifests organized wit
kubectl	diff --field-manager	option	Name of the manager used to track field ownership
kubectl	diff --force-conflicts	option	If true, server-side apply will force the changes against conflicts
kubectl	diff --server-side	option	If true, apply runs in the server instead of the client
kubectl	drain	subcommand	Drain node in preparation for maintenance
kubectl	drain --dry-run	option	Must be "none", "server", or "client". If client strategy, only print the object that would be sent, without sending it.
kubectl	drain -l	option	Selector (label query) to filter on, not including uninitialized ones, supports '=', '==', and '!='.(e.g. -l key1=value1
kubectl	drain --delete-local-data	option	Continue even if there are pods using emptyDir (local data that will be deleted when the node is drained)
kubectl	drain --disable-eviction	option	Force drain to use delete, even if eviction is supported. This will bypass checking PodDisruptionBudgets, use with cauti
kubectl	drain --force	option	Continue even if there are pods not managed by a ReplicationController, ReplicaSet, Job, DaemonSet or StatefulSet
kubectl	drain --grace-period	option	Period of time in seconds given to each pod to terminate gracefully. If negative, the default value specified in the pod
kubectl	drain --ignore-daemonsets	option	Ignore DaemonSet-managed pods
kubectl	drain --pod-selector	option	Label selector to filter pods on the node
kubectl	drain --skip-wait-for-delete-timeout	option	If pod DeletionTimestamp older than N seconds, skip waiting for the pod.  Seconds must be greater than 0 to skip
kubectl	drain --timeout	option	The length of time to wait before giving up, zero means infinite
kubectl	edit	subcommand	Edit a resource from the default editor
kubectl	edit -f	option	Filename, directory, or URL to files identifying the resource
kubectl	edit -k	option	Process the kustomization directory. This flag can't be used together with -f or -R
kubectl	edit -o	option	Output format. One of: json|yaml|name|go-template|go-template-file|template|templatefile|jsonpath|jsonpath-file
kubectl	edit -R	option	Process the directory used in -f, --filename recursively. Useful when you want to manage related manifests organized wit
kubectl	edit --allow-missing-template-keys	option	If true, ignore any errors in templates when a field or map key is missing in the template. Only applies to golang and j
kubectl	edit --template	option	Template string or path to template file to use when -o=go-template, -o=go-template-file. The template format is golang
kubectl	edit --record	option	Record current kubectl command in the resource annotation. If set to false, do not record the command. If set to true, r
kubectl	edit --output-patch	option	Output the patch if the resource is edited
kubectl	edit --save-config	option	If true, the configuration of current object will be saved in its annotation. Otherwise, the annotation will be unchange
kubectl	edit --validate	option	If true, use a schema to validate the input before sending it
kubectl	edit --windows-line-endings	option	Defaults to the line ending native to your platform
kubectl	exec	subcommand	Execute a command in a container
kubectl	exec -f	option	Filename, directory, or URL to files identifying the resource
kubectl	exec -c	option	Container name. If omitted, the first container in the pod will be chosen
kubectl	exec --pod-running-timeout	option	The length of time (like 5s, 2m, or 3h, higher than zero) to wait until at least one pod is running
kubectl	exec -i	option	Pass stdin to the container
kubectl	exec -t	option	Stdin is a TTY
kubectl	explain	subcommand	List the fields for supported resources
kubectl	explain --api-version	option	Get different explanations for particular API version
kubectl	explain --recursive	option	Print the fields of fields (Currently only 1 level deep)
kubectl	expose	subcommand	Expose a resource as a new Kubernetes service
kubectl	expose --allow-missing-template-keys	option	If true, ignore any errors in templates when a field or map key is missing in the template. Only applies to golang and j
kubectl	expose --dry-run	option	Must be "none", "server", or "client". If client strategy, only print the object that would be sent, without sending it.
kubectl	expose -f	option	Filename, directory, or URL to files identifying the resource
kubectl	expose -k	option	Process the kustomization directory. This flag can't be used together with -f or -R
kubectl	expose -o	option	Output format. One of: json|yaml|name|go-template|go-template-file|template|templatefile|jsonpath|jsonpath-file
kubectl	expose --record	option	Record current kubectl command in the resource annotation. If set to false, do not record the command. If set to true, r
kubectl	expose -R	option	Process the directory used in -f, --filename recursively. Useful when you want to manage related manifests organized wit
kubectl	expose -l	option	Selector (label query) to filter on, not including uninitialized ones, supports '=', '==', and '!='.(e.g. -l key1=value1
kubectl	expose --template	option	Template string or path to template file to use when -o=go-template, -o=go-template-file. The template format is golang
kubectl	expose --cluster-ip	option	ClusterIP to be assigned to the service. Leave empty to auto-allocate, or set to 'None' to create a headless service
kubectl	expose --external-ip	option	Additional external IP address (not managed by Kubernetes) to accept for the service. If this IP is routed to a node, th
kubectl	expose --generator	option	The name of the API generator to use. There are 2 generators: 'service/v1' and 'service/v2'. The only difference between
kubectl	expose -l	option	Labels to apply to the service created by this call
kubectl	expose --load-balancer-ip	option	IP to assign to the LoadBalancer. If empty, an ephemeral IP will be created and used (cloud-provider specific)
kubectl	expose --name	option	The name for the newly created object
kubectl	expose --overrides	option	An inline JSON override for the generated object. If this is non-empty, it is used to override the generated object. Req
kubectl	expose --port	option	The port that the service should serve on. Copied from the resource being exposed, if unspecified
kubectl	expose --protocol	option	The network protocol for the service to be created. Default is 'TCP'
kubectl	expose --save-config	option	If true, the configuration of current object will be saved in its annotation. Otherwise, the annotation will be unchange
kubectl	expose --session-affinity	option	If non-empty, set the session affinity for the service to this; legal values: 'None', 'ClientIP'
kubectl	expose --target-port	option	Name or number for the port on the container that the service should direct traffic to. Optional
kubectl	expose --type	option	Type for this service: ClusterIP, NodePort, LoadBalancer, or ExternalName. Default is 'ClusterIP'
kubectl	get	subcommand	Display one or many resources
kubectl	get --allow-missing-template-keys	option	If true, ignore any errors in templates when a field or map key is missing in the template. Only applies to golang and j
kubectl	get --field-selector	option	Selector (field query) to filter on, supports '=', '==', and '!='.(e.g. --field-selector key1=value1,key2=value2). The s
kubectl	get -f	option	Filename, directory, or URL to files identifying the resource
kubectl	get -k	option	Process the kustomization directory. This flag can't be used together with -f or -R
kubectl	get -o	option	Output format. One of: json|yaml|name|go-template|go-template-file|template|templatefile|jsonpath|jsonpath-file
kubectl	get -R	option	Process the directory used in -f, --filename recursively. Useful when you want to manage related manifests organized wit
kubectl	get -l	option	Selector (label query) to filter on, not including uninitialized ones, supports '=', '==', and '!='.(e.g. -l key1=value1
kubectl	get --template	option	Template string or path to template file to use when -o=go-template, -o=go-template-file. The template format is golang
kubectl	get -A	option	If present, list the requested object(s) across all namespaces. Namespace in current context is ignored even if specifie
kubectl	get --chunk-size	option	Return large lists in chunks rather than all at once. Pass 0 to disable. This flag is beta and may change in the future
kubectl	get --ignore-not-found	option	If the requested object does not exist the command will return exit code 0
kubectl	get -L	option	Accepts a comma separated list of labels that are going to be presented as columns. Names are case-sensitive. You can al
kubectl	get --no-headers	option	When using the default or custom-column output format, don't print headers (default print headers)
kubectl	get --output-watch-events	option	Output watch event objects when --watch or --watch-only is used. Existing objects are output as initial ADDED events
kubectl	get --raw	option	Raw URI to request from the server.  Uses the transport specified by the kubeconfig file
kubectl	get --server-print	option	If true, have the server return the appropriate table output. Supports extension APIs and CRDs
kubectl	get --show-kind	option	If present, list the resource type for the requested object(s)
kubectl	get --show-labels	option	When printing, show all labels as the last column (default hide labels column)
kubectl	get --sort-by	option	If non-empty, sort list types using this field specification.  The field specification is expressed as a JSONPath expres
kubectl	get -w	option	After listing/getting the requested object, watch for changes. Uninitialized objects are excluded if no object name is p
kubectl	get --watch-only	option	Watch for changes to the requested object(s), without listing/getting first
kubectl	kustomize	subcommand	Print a set of API resources generated from instructions in a kustomization.yaml file
kubectl	kustomize -o	option	Output format. One of: json|yaml|name|go-template|go-template-file|template|templatefile|jsonpath|jsonpath-file
kubectl	kustomize --allow-id-changes	option	Enable changes to a resourceId
kubectl	kustomize --enable-alpha-plugins	option	Enable kustomize plugins
kubectl	kustomize --enable-managedby-label	option	Enable adding app.kubernetes.io/managed-by
kubectl	kustomize --env	option	A list of environment variables to be used by functions
kubectl	kustomize --load-restrictor	option	If set to 'LoadRestrictionsNone', local kustomizations may load files from outside their root. This does, however, break
kubectl	kustomize --mount	option	A list of storage options read from the filesystem
kubectl	kustomize --network	option	Enable network access for functions that declare it
kubectl	kustomize --network-name	option	The docker network to run the container in
kubectl	kustomize --reorder	option	Reorder the resources just before output. Use 'legacy' to apply a legacy reordering (Namespaces first, Webhooks last, et
kubectl	label	subcommand	Update the labels on a resource
kubectl	label --allow-missing-template-keys	option	If true, ignore any errors in templates when a field or map key is missing in the template. Only applies to golang and j
kubectl	label --dry-run	option	Must be "none", "server", or "client". If client strategy, only print the object that would be sent, without sending it.
kubectl	label --field-selector	option	Selector (field query) to filter on, supports '=', '==', and '!='.(e.g. --field-selector key1=value1,key2=value2). The s
kubectl	label -f	option	Filename, directory, or URL to files identifying the resource
kubectl	label -k	option	Process the kustomization directory. This flag can't be used together with -f or -R
kubectl	label --local	option	If true, annotation will NOT contact api-server but run locally
kubectl	label -o	option	Output format. One of: json|yaml|name|go-template|go-template-file|template|templatefile|jsonpath|jsonpath-file
kubectl	label --record	option	Record current kubectl command in the resource annotation. If set to false, do not record the command. If set to true, r
kubectl	label -R	option	Process the directory used in -f, --filename recursively. Useful when you want to manage related manifests organized wit
kubectl	label -l	option	Selector (label query) to filter on, not including uninitialized ones, supports '=', '==', and '!='.(e.g. -l key1=value1
kubectl	label --template	option	Template string or path to template file to use when -o=go-template, -o=go-template-file. The template format is golang
kubectl	label --resource-version	option	If non-empty, the annotation update will only succeed if this is the current resource-version for the object. Only valid
kubectl	label --all	option	Select all resources, including uninitialized ones, in the namespace of the specified resource types
kubectl	label --list	option	If true, display the labels for a given resource
kubectl	label --overwrite	option	If true, allow labels to be overwritten, otherwise reject label updates that overwrite existing labels
kubectl	logs	subcommand	Print the logs for a container in a pod or specified resource. If the pod has only one container, the container name is
kubectl	logs -l	option	Selector (label query) to filter on, not including uninitialized ones, supports '=', '==', and '!='.(e.g. -l key1=value1
kubectl	logs --all-containers	option	Get all containers' logs in the pod(s)
kubectl	logs -c	option	Print the logs of this container
kubectl	logs -f	option	Specify if the logs should be streamed
kubectl	logs --ignore-errors	option	If watching / following pod logs, allow for any errors that occur to be non-fatal
kubectl	logs --insecure-skip-tls-verify-backend	option	Skip verifying the identity of the kubelet that logs are requested from.  In theory, an attacker could provide invalid l
kubectl	logs --limit-bytes	option	Maximum bytes of logs to return. Defaults to no limit
kubectl	logs --max-log-requests	option	Specify maximum number of concurrent logs to follow when using by a selector. Defaults to 5
kubectl	logs --pod-running-timeout	option	The length of time (like 5s, 2m, or 3h, higher than zero) to wait until at least one pod is running
kubectl	logs --prefix	option	Prefix each log line with the log source (pod name and container name)
kubectl	logs -p	option	If true, print the logs for the previous instance of the container in a pod if it exists
kubectl	logs --since	option	Only return logs newer than a relative duration like 5s, 2m, or 3h. Defaults to all logs. Only one of since-time / since
kubectl	logs --since-time	option	Only return logs after a specific date (RFC3339). Defaults to all logs. Only one of since-time / since may be used
kubectl	logs --tail	option	Lines of recent log file to display. Defaults to -1 with no selector, showing all log lines otherwise 10, if a selector
kubectl	logs --timestamps	option	Include timestamps on each line in the log output
kubectl	patch	subcommand	Update field(s) of a resource using strategic merge patch, a JSON merge patch, or a JSON patch
kubectl	patch --allow-missing-template-keys	option	If true, ignore any errors in templates when a field or map key is missing in the template. Only applies to golang and j
kubectl	patch --dry-run	option	Must be "none", "server", or "client". If client strategy, only print the object that would be sent, without sending it.
kubectl	patch -f	option	Filename, directory, or URL to files identifying the resource
kubectl	patch -k	option	Process the kustomization directory. This flag can't be used together with -f or -R
kubectl	patch --local	option	If true, annotation will NOT contact api-server but run locally
kubectl	patch -o	option	Output format. One of: json|yaml|name|go-template|go-template-file|template|templatefile|jsonpath|jsonpath-file
kubectl	patch --record	option	Record current kubectl command in the resource annotation. If set to false, do not record the command. If set to true, r
kubectl	patch -R	option	Process the directory used in -f, --filename recursively. Useful when you want to manage related manifests organized wit
kubectl	patch --template	option	Template string or path to template file to use when -o=go-template, -o=go-template-file. The template format is golang
kubectl	patch -p	option	The patch to be applied to the resource JSON file
kubectl	patch --type	option	The type of patch being provided; one of [json merge strategic]
kubectl	plugin	subcommand	Provides utilities for interacting with plugins
kubectl	port-forward	subcommand	Forward one or more local ports to a pod. This command requires the node to have 'socat' installed
kubectl	port-forward --address	option	Addresses to listen on (comma separated). Only accepts IP addresses or localhost as a value. When localhost is supplied,
kubectl	port-forward --pod-running-timeout	option	The length of time (like 5s, 2m, or 3h, higher than zero) to wait until at least one pod is running
kubectl	proxy	subcommand	Creates a proxy server or application-level gateway between localhost and the Kubernetes API Server. It also allows serv
kubectl	proxy --accept-hosts	option	Regular expression for hosts that the proxy should accept
kubectl	proxy --accept-paths	option	Regular expression for paths that the proxy should accept
kubectl	proxy --address	option	The IP address on which to serve on
kubectl	proxy --api-prefix	option	Prefix to serve the proxied API under
kubectl	proxy --disable-filter	option	If true, disable request filtering in the proxy. This is dangerous, and can leave you vulnerable to XSRF attacks, when u
kubectl	proxy --keepalive	option	Keepalive specifies the keep-alive period for an active network connection. Set to 0 to disable keepalive
kubectl	proxy -p	option	The port on which to run the proxy. Set to 0 to pick a random port
kubectl	proxy --reject-methods	option	Regular expression for HTTP methods that the proxy should reject (example --reject-methods='POST,PUT,PATCH')
kubectl	proxy --reject-paths	option	Regular expression for paths that the proxy should reject. Paths specified here will be rejected even accepted by --acce
kubectl	proxy -u	option	Unix socket on which to run the proxy
kubectl	proxy -w	option	Also serve static files from the given directory under the specified prefix
kubectl	proxy -P	option	Prefix to serve static files under, if static file directory is specified
kubectl	replace	subcommand	Replace a resource by filename or stdin
kubectl	replace --allow-missing-template-keys	option	If true, ignore any errors in templates when a field or map key is missing in the template. Only applies to golang and j
kubectl	replace --dry-run	option	Must be "none", "server", or "client". If client strategy, only print the object that would be sent, without sending it.
kubectl	replace -f	option	Filename, directory, or URL to files identifying the resource
kubectl	replace -k	option	Process the kustomization directory. This flag can't be used together with -f or -R
kubectl	replace -o	option	Output format. One of: json|yaml|name|go-template|go-template-file|template|templatefile|jsonpath|jsonpath-file
kubectl	replace -R	option	Process the directory used in -f, --filename recursively. Useful when you want to manage related manifests organized wit
kubectl	replace --template	option	Template string or path to template file to use when -o=go-template, -o=go-template-file. The template format is golang
kubectl	replace --cascade	option	If true, cascade the deletion of the resources managed by this resource (e.g. Pods created by a ReplicationController).
kubectl	replace --force	option	If true, immediately remove resources from API and bypass graceful deletion. Note that immediate deletion of some resour
kubectl	replace --grace-period	option	Period of time in seconds given to the resource to terminate gracefully. Ignored if negative. Set to 1 for immediate shu
kubectl	replace --raw	option	Raw URI to PUT to the server.  Uses the transport specified by the kubeconfig file
kubectl	replace --save-config	option	If true, the configuration of current object will be saved in its annotation. Otherwise, the annotation will be unchange
kubectl	replace --timeout	option	The length of time to wait before giving up on a delete, zero means determine a timeout from the size of the object
kubectl	replace --validate	option	If true, use a schema to validate the input before sending it
kubectl	replace --wait	option	If true, wait for resources to be gone before returning. This waits for finalizers
kubectl	rollout	subcommand	Manage the rollout of a resource
kubectl	rollout history	subcommand	View previous rollout revisions and configurations
kubectl	rollout history --allow-missing-template-keys	option	If true, ignore any errors in templates when a field or map key is missing in the template. Only applies to golang and j
kubectl	rollout history -f	option	Filename, directory, or URL to files identifying the resource
kubectl	rollout history -k	option	Process the kustomization directory. This flag can't be used together with -f or -R
kubectl	rollout history -o	option	Output format. One of: json|yaml|name|go-template|go-template-file|template|templatefile|jsonpath|jsonpath-file
kubectl	rollout history -R	option	Process the directory used in -f, --filename recursively. Useful when you want to manage related manifests organized wit
kubectl	rollout history --template	option	Template string or path to template file to use when -o=go-template, -o=go-template-file. The template format is golang
kubectl	rollout history --revision	option	See the details, including podTemplate of the revision specified
kubectl	rollout pause	subcommand	Mark the provided resource as paused
kubectl	rollout pause --allow-missing-template-keys	option	If true, ignore any errors in templates when a field or map key is missing in the template. Only applies to golang and j
kubectl	rollout pause -f	option	Filename, directory, or URL to files identifying the resource
kubectl	rollout pause -k	option	Process the kustomization directory. This flag can't be used together with -f or -R
kubectl	rollout pause -o	option	Output format. One of: json|yaml|name|go-template|go-template-file|template|templatefile|jsonpath|jsonpath-file
kubectl	rollout pause -R	option	Process the directory used in -f, --filename recursively. Useful when you want to manage related manifests organized wit
kubectl	rollout pause --template	option	Template string or path to template file to use when -o=go-template, -o=go-template-file. The template format is golang
kubectl	rollout restart	subcommand	Restart a resource
kubectl	rollout restart --allow-missing-template-keys	option	If true, ignore any errors in templates when a field or map key is missing in the template. Only applies to golang and j
kubectl	rollout restart -f	option	Filename, directory, or URL to files identifying the resource
kubectl	rollout restart -k	option	Process the kustomization directory. This flag can't be used together with -f or -R
kubectl	rollout restart -o	option	Output format. One of: json|yaml|name|go-template|go-template-file|template|templatefile|jsonpath|jsonpath-file
kubectl	rollout restart -R	option	Process the directory used in -f, --filename recursively. Useful when you want to manage related manifests organized wit
kubectl	rollout restart --template	option	Template string or path to template file to use when -o=go-template, -o=go-template-file. The template format is golang
kubectl	rollout resume	subcommand	Resume a paused resource
kubectl	rollout resume --allow-missing-template-keys	option	If true, ignore any errors in templates when a field or map key is missing in the template. Only applies to golang and j
kubectl	rollout resume -f	option	Filename, directory, or URL to files identifying the resource
kubectl	rollout resume -k	option	Process the kustomization directory. This flag can't be used together with -f or -R
kubectl	rollout resume -o	option	Output format. One of: json|yaml|name|go-template|go-template-file|template|templatefile|jsonpath|jsonpath-file
kubectl	rollout resume -R	option	Process the directory used in -f, --filename recursively. Useful when you want to manage related manifests organized wit
kubectl	rollout resume --template	option	Template string or path to template file to use when -o=go-template, -o=go-template-file. The template format is golang
kubectl	rollout status	subcommand	Show the status of the rollout
kubectl	rollout status -f	option	Filename, directory, or URL to files identifying the resource
kubectl	rollout status -k	option	Process the kustomization directory. This flag can't be used together with -f or -R
kubectl	rollout status -R	option	Process the directory used in -f, --filename recursively. Useful when you want to manage related manifests organized wit
kubectl	rollout status --revision	option	Pin to a specific revision for showing its status. Defaults to 0 (last revision)
kubectl	rollout status --timeout	option	The length of time to wait before ending watch, zero means never. Any other values should contain a corresponding time u
kubectl	rollout status -w	option	Watch the status of the rollout until it's done
kubectl	rollout undo	subcommand	Rollback to a previous rollout
kubectl	rollout undo --allow-missing-template-keys	option	If true, ignore any errors in templates when a field or map key is missing in the template. Only applies to golang and j
kubectl	rollout undo -f	option	Filename, directory, or URL to files identifying the resource
kubectl	rollout undo -k	option	Process the kustomization directory. This flag can't be used together with -f or -R
kubectl	rollout undo -R	option	Process the directory used in -f, --filename recursively. Useful when you want to manage related manifests organized wit
kubectl	rollout undo --dry-run	option	Must be "none", "server", or "client". If client strategy, only print the object that would be sent, without sending it.
kubectl	rollout undo --to_revision	option	
kubectl	rollout undo --timeout	option	The length of time to wait before ending watch, zero means never. Any other values should contain a corresponding time u
kubectl	run	subcommand	Create and run a particular image in a pod
kubectl	run --allow-missing-template-keys	option	If true, ignore any errors in templates when a field or map key is missing in the template. Only applies to golang and j
kubectl	run -f	option	Filename, directory, or URL to files identifying the resource
kubectl	run --dry-run	option	Must be "none", "server", or "client". If client strategy, only print the object that would be sent, without sending it.
kubectl	run -k	option	Process the kustomization directory. This flag can't be used together with -f or -R
kubectl	run -R	option	Process the directory used in -f, --filename recursively. Useful when you want to manage related manifests organized wit
kubectl	run -o	option	Output format. One of: json|yaml|name|go-template|go-template-file|template|templatefile|jsonpath|jsonpath-file
kubectl	run --record	option	Record current kubectl command in the resource annotation. If set to false, do not record the command. If set to true, r
kubectl	run --template	option	Template string or path to template file to use when -o=go-template, -o=go-template-file. The template format is golang
kubectl	run --annotations	option	Annotations to apply to the pod
kubectl	run --attach	option	If true, wait for the Pod to start running, and then attach to the Pod as if 'kubectl attach ...' were called.  Default
kubectl	run --cascade	option	Must be "background", "orphan", or "foreground". Selects the deletion cascading strategy for the dependents (e.g. Pods c
kubectl	run --command	option	If true and extra arguments are present, use them as the 'command' field in the container, rather than the 'args' field
kubectl	run --env	option	Environment variables to set in the container
kubectl	run --expose	option	If true, service is created for the container(s) which are run
kubectl	run --force	option	If true, immediately remove resources from API and bypass graceful deletion. Note that immediate deletion of some resour
kubectl	run --grace-period	option	Period of time in seconds given to the resource to terminate gracefully. Ignored if negative. Set to 1 for immediate shu
kubectl	run --hostport	option	The host port mapping for the container port. To demonstrate a single-machine container
kubectl	run --image	option	The image for the container to run
kubectl	run --image-pull-policy	option	The image pull policy for the container. If left empty, this value will not be specified by the client and defaulted by
kubectl	run -l	option	Comma separated labels to apply to the pod(s). Will override previous values
kubectl	run --leave-stdin-open	option	If the pod is started in interactive mode or with stdin, leave stdin open after the first attach completes. By default,
kubectl	run --limits	option	The resource requirement limits for this container.  For example, 'cpu=200m,memory=512Mi'.  Note that server side compon
kubectl	run --overrides	option	An inline JSON override for the generated object. If this is non-empty, it is used to override the generated object. Req
kubectl	run --pod-running-timeout	option	The length of time (like 5s, 2m, or 3h, higher than zero) to wait until at least one pod is running
kubectl	run --port	option	The port that this container exposes
kubectl	run --quiet	option	If true, suppress prompt messages
kubectl	run --requests	option	The resource requirement requests for this container.  For example, 'cpu=100m,memory=256Mi'.  Note that server side comp
kubectl	run --restart	option	The restart policy for this Pod.  Legal values [Always, OnFailure, Never].  If set to 'Always' a deployment is created,
kubectl	run --rm	option	If true, delete resources created in this command for attached containers
kubectl	run --save-config	option	If true, the configuration of current object will be saved in its annotation. Otherwise, the annotation will be unchange
kubectl	run --serviceaccount	option	Service account to set in the pod spec
kubectl	run -i	option	Keep stdin open on the container(s) in the pod, even if nothing is attached
kubectl	run --timeout	option	The length of time to wait before giving up on a delete, zero means determine a timeout from the size of the object
kubectl	run -t	option	Allocated a TTY for each container in the pod
kubectl	run --wait	option	If true, wait for resources to be gone before returning. This waits for finalizers
kubectl	scale	subcommand	Set a new size for a Deployment, ReplicaSet, Replication Controller, or StatefulSet
kubectl	scale --allow-missing-template-keys	option	If true, ignore any errors in templates when a field or map key is missing in the template. Only applies to golang and j
kubectl	scale -f	option	Filename, directory, or URL to files identifying the resource
kubectl	scale -k	option	Process the kustomization directory. This flag can't be used together with -f or -R
kubectl	scale -o	option	Output format. One of: json|yaml|name|go-template|go-template-file|template|templatefile|jsonpath|jsonpath-file
kubectl	scale -R	option	Process the directory used in -f, --filename recursively. Useful when you want to manage related manifests organized wit
kubectl	scale --record	option	Record current kubectl command in the resource annotation. If set to false, do not record the command. If set to true, r
kubectl	scale --resource-version	option	If non-empty, the annotation update will only succeed if this is the current resource-version for the object. Only valid
kubectl	scale -l	option	Selector (label query) to filter on, not including uninitialized ones, supports '=', '==', and '!='.(e.g. -l key1=value1
kubectl	scale --template	option	Template string or path to template file to use when -o=go-template, -o=go-template-file. The template format is golang
kubectl	scale --dry-run	option	Must be "none", "server", or "client". If client strategy, only print the object that would be sent, without sending it.
kubectl	scale --all	option	Select all resources in the namespace of the specified resource types
kubectl	scale --current-replicas	option	Precondition for current size. Requires that the current size of the resource match this value in order to scale
kubectl	scale --replicas	option	The new desired number of replicas. Required
kubectl	scale --timeout	option	The length of time to wait before giving up on a scale operation, zero means don't wait. Any other values should contain
kubectl	set	subcommand	Configure application resources
kubectl	set env	subcommand	Update environment variables on a pod template
kubectl	set env --allow-missing-template-keys	option	If true, ignore any errors in templates when a field or map key is missing in the template. Only applies to golang and j
kubectl	set env --dry-run	option	Must be "none", "server", or "client". If client strategy, only print the object that would be sent, without sending it.
kubectl	set env -f	option	Filename, directory, or URL to files identifying the resource
kubectl	set env -k	option	Process the kustomization directory. This flag can't be used together with -f or -R
kubectl	set env -o	option	Output format. One of: json|yaml|name|go-template|go-template-file|template|templatefile|jsonpath|jsonpath-file
kubectl	set env --local	option	If true, annotation will NOT contact api-server but run locally
kubectl	set env -R	option	Process the directory used in -f, --filename recursively. Useful when you want to manage related manifests organized wit
kubectl	set env -l	option	Selector (label query) to filter on, not including uninitialized ones, supports '=', '==', and '!='.(e.g. -l key1=value1
kubectl	set env --template	option	Template string or path to template file to use when -o=go-template, -o=go-template-file. The template format is golang
kubectl	set env --all	option	If true, select all resources in the namespace of the specified resource types
kubectl	set env -c	option	The names of containers in the selected pod templates to change - may use wildcards
kubectl	set env -e	option	Specify a key-value pair for an environment variable to set into each container
kubectl	set env --from	option	The name of a resource from which to inject environment variables
kubectl	set env --keys	option	Comma-separated list of keys to import from specified resource
kubectl	set env --list	option	If true, display the environment and any changes in the standard format. this flag will removed when we have kubectl vie
kubectl	set env --overwrite	option	If true, allow environment to be overwritten, otherwise reject updates that overwrite existing environment
kubectl	set env --prefix	option	Prefix to append to variable names
kubectl	set env --resolve	option	If true, show secret or configmap references when listing variables
kubectl	set image	subcommand	Update existing container image(s) of resources
kubectl	set image --allow-missing-template-keys	option	If true, ignore any errors in templates when a field or map key is missing in the template. Only applies to golang and j
kubectl	set image --dry-run	option	Must be "none", "server", or "client". If client strategy, only print the object that would be sent, without sending it.
kubectl	set image -f	option	Filename, directory, or URL to files identifying the resource
kubectl	set image -k	option	Process the kustomization directory. This flag can't be used together with -f or -R
kubectl	set image -o	option	Output format. One of: json|yaml|name|go-template|go-template-file|template|templatefile|jsonpath|jsonpath-file
kubectl	set image --local	option	If true, annotation will NOT contact api-server but run locally
kubectl	set image -R	option	Process the directory used in -f, --filename recursively. Useful when you want to manage related manifests organized wit
kubectl	set image -l	option	Selector (label query) to filter on, not including uninitialized ones, supports '=', '==', and '!='.(e.g. -l key1=value1
kubectl	set image --template	option	Template string or path to template file to use when -o=go-template, -o=go-template-file. The template format is golang
kubectl	set image --record	option	Record current kubectl command in the resource annotation. If set to false, do not record the command. If set to true, r
kubectl	set image --all	option	Select all resources, including uninitialized ones, in the namespace of the specified resource types
kubectl	set resources	subcommand	Specify compute resource requirements (cpu, memory) for any resource that defines a pod template.  If a pod is successfu
kubectl	set resources --allow-missing-template-keys	option	If true, ignore any errors in templates when a field or map key is missing in the template. Only applies to golang and j
kubectl	set resources --dry-run	option	Must be "none", "server", or "client". If client strategy, only print the object that would be sent, without sending it.
kubectl	set resources -f	option	Filename, directory, or URL to files identifying the resource
kubectl	set resources -k	option	Process the kustomization directory. This flag can't be used together with -f or -R
kubectl	set resources -o	option	Output format. One of: json|yaml|name|go-template|go-template-file|template|templatefile|jsonpath|jsonpath-file
kubectl	set resources --local	option	If true, annotation will NOT contact api-server but run locally
kubectl	set resources -R	option	Process the directory used in -f, --filename recursively. Useful when you want to manage related manifests organized wit
kubectl	set resources -l	option	Selector (label query) to filter on, not including uninitialized ones, supports '=', '==', and '!='.(e.g. -l key1=value1
kubectl	set resources --template	option	Template string or path to template file to use when -o=go-template, -o=go-template-file. The template format is golang
kubectl	set resources --record	option	Record current kubectl command in the resource annotation. If set to false, do not record the command. If set to true, r
kubectl	set resources --all	option	Select all resources, including uninitialized ones, in the namespace of the specified resource types
kubectl	set resources -c	option	The names of containers in the selected pod templates to change, all containers are selected by default - may use wildca
kubectl	set resources --limits	option	The resource requirement requests for this container.  For example, 'cpu=100m,memory=256Mi'.  Note that server side comp
kubectl	set resources --requests	option	The resource requirement requests for this container.  For example, 'cpu=100m,memory=256Mi'.  Note that server side comp
kubectl	set selector	subcommand	Set the selector on a resource. Note that the new selector will overwrite the old selector if the resource had one prior
kubectl	set selector --allow-missing-template-keys	option	If true, ignore any errors in templates when a field or map key is missing in the template. Only applies to golang and j
kubectl	set selector --dry-run	option	Must be "none", "server", or "client". If client strategy, only print the object that would be sent, without sending it.
kubectl	set selector -f	option	Filename, directory, or URL to files identifying the resource
kubectl	set selector -k	option	Process the kustomization directory. This flag can't be used together with -f or -R
kubectl	set selector -o	option	Output format. One of: json|yaml|name|go-template|go-template-file|template|templatefile|jsonpath|jsonpath-file
kubectl	set selector --local	option	If true, annotation will NOT contact api-server but run locally
kubectl	set selector -R	option	Process the directory used in -f, --filename recursively. Useful when you want to manage related manifests organized wit
kubectl	set selector --template	option	Template string or path to template file to use when -o=go-template, -o=go-template-file. The template format is golang
kubectl	set selector --record	option	Record current kubectl command in the resource annotation. If set to false, do not record the command. If set to true, r
kubectl	set selector --resource-version	option	If non-empty, the annotation update will only succeed if this is the current resource-version for the object. Only valid
kubectl	set selector --all	option	Select all resources in the namespace of the specified resource types
kubectl	set serviceaccount	subcommand	Update ServiceAccount of pod template resources
kubectl	set serviceaccount --allow-missing-template-keys	option	If true, ignore any errors in templates when a field or map key is missing in the template. Only applies to golang and j
kubectl	set serviceaccount --dry-run	option	Must be "none", "server", or "client". If client strategy, only print the object that would be sent, without sending it.
kubectl	set serviceaccount -f	option	Filename, directory, or URL to files identifying the resource
kubectl	set serviceaccount -k	option	Process the kustomization directory. This flag can't be used together with -f or -R
kubectl	set serviceaccount -o	option	Output format. One of: json|yaml|name|go-template|go-template-file|template|templatefile|jsonpath|jsonpath-file
kubectl	set serviceaccount --local	option	If true, annotation will NOT contact api-server but run locally
kubectl	set serviceaccount -R	option	Process the directory used in -f, --filename recursively. Useful when you want to manage related manifests organized wit
kubectl	set serviceaccount --template	option	Template string or path to template file to use when -o=go-template, -o=go-template-file. The template format is golang
kubectl	set serviceaccount --record	option	Record current kubectl command in the resource annotation. If set to false, do not record the command. If set to true, r
kubectl	set serviceaccount --all	option	Select all resources, including uninitialized ones, in the namespace of the specified resource types
kubectl	set subject	subcommand	Update User, Group or ServiceAccount in a RoleBinding/ClusterRoleBinding
kubectl	set subject --allow-missing-template-keys	option	If true, ignore any errors in templates when a field or map key is missing in the template. Only applies to golang and j
kubectl	set subject --dry-run	option	Must be "none", "server", or "client". If client strategy, only print the object that would be sent, without sending it.
kubectl	set subject -f	option	Filename, directory, or URL to files identifying the resource
kubectl	set subject -k	option	Process the kustomization directory. This flag can't be used together with -f or -R
kubectl	set subject -o	option	Output format. One of: json|yaml|name|go-template|go-template-file|template|templatefile|jsonpath|jsonpath-file
kubectl	set subject --local	option	If true, annotation will NOT contact api-server but run locally
kubectl	set subject -R	option	Process the directory used in -f, --filename recursively. Useful when you want to manage related manifests organized wit
kubectl	set subject --template	option	Template string or path to template file to use when -o=go-template, -o=go-template-file. The template format is golang
kubectl	set subject --record	option	Record current kubectl command in the resource annotation. If set to false, do not record the command. If set to true, r
kubectl	set subject --all	option	Select all resources, including uninitialized ones, in the namespace of the specified resource types
kubectl	set subject --group	option	Groups to bind to the role
kubectl	set subject --serviceaccount	option	Service accounts to bind to the role
kubectl	taint	subcommand	Update the taints on one or more nodes
kubectl	taint --allow-missing-template-keys	option	If true, ignore any errors in templates when a field or map key is missing in the template. Only applies to golang and j
kubectl	taint --dry-run	option	Must be "none", "server", or "client". If client strategy, only print the object that would be sent, without sending it.
kubectl	taint -o	option	Output format. One of: json|yaml|name|go-template|go-template-file|template|templatefile|jsonpath|jsonpath-file
kubectl	taint -l	option	Selector (label query) to filter on, not including uninitialized ones, supports '=', '==', and '!='.(e.g. -l key1=value1
kubectl	taint --template	option	Template string or path to template file to use when -o=go-template, -o=go-template-file. The template format is golang
kubectl	taint --all	option	Select all nodes in the cluster
kubectl	taint --overwrite	option	If true, allow taints to be overwritten, otherwise reject taint updates that overwrite existing taints
kubectl	taint --validate	option	If true, use a schema to validate the input before sending it
kubectl	top	subcommand	Display Resource (CPU/Memory/Storage) usage
kubectl	uncordon	subcommand	Mark node as schedulable
kubectl	uncordon --dry-run	option	Must be "none", "server", or "client". If client strategy, only print the object that would be sent, without sending it.
kubectl	uncordon -l	option	Selector (label query) to filter on, not including uninitialized ones, supports '=', '==', and '!='.(e.g. -l key1=value1
kubectl	version	subcommand	Print the client and server version information for the current context
kubectl	version -o	option	Output format. One of: json|yaml|name|go-template|go-template-file|template|templatefile|jsonpath|jsonpath-file
kubectl	version --client	option	If true, shows client version only (no server required)
kubectl	wait	subcommand	Experimental: Wait for a specific condition on one or many resources
kubectl	wait --allow-missing-template-keys	option	If true, ignore any errors in templates when a field or map key is missing in the template. Only applies to golang and j
kubectl	wait --field-selector	option	Selector (field query) to filter on, supports '=', '==', and '!='.(e.g. --field-selector key1=value1,key2=value2). The s
kubectl	wait -f	option	Filename, directory, or URL to files identifying the resource
kubectl	wait --local	option	If true, annotation will NOT contact api-server but run locally
kubectl	wait -o	option	Output format. One of: json|yaml|name|go-template|go-template-file|template|templatefile|jsonpath|jsonpath-file
kubectl	wait -R	option	Process the directory used in -f, --filename recursively. Useful when you want to manage related manifests organized wit
kubectl	wait -l	option	Selector (label query) to filter on, not including uninitialized ones, supports '=', '==', and '!='.(e.g. -l key1=value1
kubectl	wait --template	option	Template string or path to template file to use when -o=go-template, -o=go-template-file. The template format is golang
kubectl	wait --all	option	Select all resources in the namespace of the specified resource types
kubectl	wait -A	option	If present, list the requested object(s) across all namespaces. Namespace in current context is ignored even if specifie
kubectl	wait --for	option	The condition to wait on: [delete|condition=condition-name]
kubectl	wait --timeout	option	The length of time to wait before giving up.  Zero means check once and don't wait, negative means wait for a week
kubectl	-n	option	If present, the namespace scope for this CLI request
openssl	aes-128-cbc	algorithm	
openssl	aes-128-ecb	algorithm	
openssl	aes-192-cbc	algorithm	
openssl	aes-192-ecb	algorithm	
openssl	aes-256-cbc	algorithm	
openssl	aes-256-ecb	algorithm	
openssl	aria-128-cbc	algorithm	só no OpenSSL
openssl	aria-128-cfb	algorithm	só no OpenSSL
openssl	aria-128-cfb1	algorithm	só no OpenSSL
openssl	aria-128-cfb8	algorithm	só no OpenSSL
openssl	aria-128-ctr	algorithm	só no OpenSSL
openssl	aria-128-ecb	algorithm	só no OpenSSL
openssl	aria-128-ofb	algorithm	só no OpenSSL
openssl	aria-192-cbc	algorithm	só no OpenSSL
openssl	aria-192-cfb	algorithm	só no OpenSSL
openssl	aria-192-cfb1	algorithm	só no OpenSSL
openssl	aria-192-cfb8	algorithm	só no OpenSSL
openssl	aria-192-ctr	algorithm	só no OpenSSL
openssl	aria-192-ecb	algorithm	só no OpenSSL
openssl	aria-192-ofb	algorithm	só no OpenSSL
openssl	aria-256-cbc	algorithm	só no OpenSSL
openssl	aria-256-cfb	algorithm	só no OpenSSL
openssl	aria-256-cfb1	algorithm	só no OpenSSL
openssl	aria-256-cfb8	algorithm	só no OpenSSL
openssl	aria-256-ctr	algorithm	só no OpenSSL
openssl	aria-256-ecb	algorithm	só no OpenSSL
openssl	aria-256-ofb	algorithm	só no OpenSSL
openssl	asn1parse	subcommand	Inspeciona uma estrutura ASN.1, campo a campo
openssl	base64	algorithm	
openssl	bf	algorithm	
openssl	bf-cbc	algorithm	
openssl	bf-cfb	algorithm	
openssl	bf-ecb	algorithm	
openssl	bf-ofb	algorithm	
openssl	blake2b512	algorithm	só no OpenSSL
openssl	blake2s256	algorithm	só no OpenSSL
openssl	ca	subcommand	Opera uma autoridade certificadora: assina e revoga certificados
openssl	camellia-128-cbc	algorithm	
openssl	camellia-128-ecb	algorithm	
openssl	camellia-192-cbc	algorithm	
openssl	camellia-192-ecb	algorithm	
openssl	camellia-256-cbc	algorithm	
openssl	camellia-256-ecb	algorithm	
openssl	cast	algorithm	
openssl	cast-cbc	algorithm	
openssl	cast5-cbc	algorithm	
openssl	cast5-cfb	algorithm	
openssl	cast5-ecb	algorithm	
openssl	cast5-ofb	algorithm	
openssl	certhash	subcommand	Gera os links de hash de um diretório de certificados · só no LibreSSL
openssl	chacha	algorithm	só no LibreSSL
openssl	ciphers	subcommand	Lista as suítes de cifra que esta build suporta
openssl	cmp	subcommand	Fala com uma autoridade certificadora pelo protocolo CMP (RFC 4210) · só no OpenSSL
openssl	cms	subcommand	Assina, cifra e verifica mensagens CMS (sucessor do S/MIME)
openssl	configutl	subcommand	Lê e normaliza o arquivo de configuração do OpenSSL · só no OpenSSL
openssl	crl	subcommand	Lê e converte listas de revogação
openssl	crl2pkcs7	subcommand	Empacota uma CRL num PKCS#7
openssl	des	algorithm	
openssl	des-cbc	algorithm	
openssl	des-cfb	algorithm	
openssl	des-ecb	algorithm	
openssl	des-ede	algorithm	
openssl	des-ede-cbc	algorithm	
openssl	des-ede-cfb	algorithm	
openssl	des-ede-ofb	algorithm	
openssl	des-ede3	algorithm	
openssl	des-ede3-cbc	algorithm	
openssl	des-ede3-cfb	algorithm	
openssl	des-ede3-ofb	algorithm	
openssl	des-ofb	algorithm	
openssl	des3	algorithm	
openssl	desx	algorithm	
openssl	dgst	subcommand	Calcula resumo (hash) e assina ou verifica com ele
openssl	dh	subcommand	Lê e converte parâmetros Diffie-Hellman · só no LibreSSL
openssl	dhparam	subcommand	Gera parâmetros Diffie-Hellman
openssl	dsa	subcommand	Lê e converte chaves DSA
openssl	dsaparam	subcommand	Gera parâmetros DSA
openssl	ec	subcommand	Lê e converte chaves de curva elíptica
openssl	ecparam	subcommand	Gera parâmetros de curva elíptica
openssl	enc	subcommand	Cifra e decifra um arquivo com chave simétrica
openssl	engine	subcommand	Lista e inspeciona engines de criptografia (obsoleto: use providers) · só no OpenSSL
openssl	errstr	subcommand	Traduz um código de erro do OpenSSL para texto
openssl	fipsinstall	subcommand	Prepara e valida o módulo FIPS · só no OpenSSL
openssl	gendh	subcommand	Gera parâmetros Diffie-Hellman (obsoleto: use dhparam) · só no LibreSSL
openssl	gendsa	subcommand	Gera uma chave DSA a partir de parâmetros
openssl	genpkey	subcommand	Gera uma chave privada de qualquer algoritmo suportado
openssl	genrsa	subcommand	Gera uma chave privada RSA
openssl	gost-mac	algorithm	só no LibreSSL
openssl	help	subcommand	Lista os comandos que esta instalação oferece · só no OpenSSL
openssl	idea	algorithm	só no OpenSSL
openssl	idea-cbc	algorithm	só no OpenSSL
openssl	idea-cfb	algorithm	só no OpenSSL
openssl	idea-ecb	algorithm	só no OpenSSL
openssl	idea-ofb	algorithm	só no OpenSSL
openssl	info	subcommand	Mostra caminhos e parâmetros de build desta instalação · só no OpenSSL
openssl	kdf	subcommand	Deriva chave a partir de senha ou segredo, por KDF · só no OpenSSL
openssl	list	subcommand	Lista o que esta build oferece: comandos, algoritmos e providers · só no OpenSSL
openssl	mac	subcommand	Calcula um código de autenticação de mensagem (MAC) · só no OpenSSL
openssl	md4	algorithm	
openssl	md5	algorithm	
openssl	md_gost94	algorithm	só no LibreSSL
openssl	mdc2	algorithm	só no OpenSSL
openssl	nseq	subcommand	Converte entre sequência Netscape de certificados e PEM
openssl	ocsp	subcommand	Consulta ou responde status de certificado por OCSP
openssl	passwd	subcommand	Calcula o hash de uma senha no formato do sistema
openssl	pkcs12	subcommand	Lê e escreve arquivos PKCS#12 (.p12 / .pfx)
openssl	pkcs7	subcommand	Lê e converte estruturas PKCS#7
openssl	pkcs8	subcommand	Lê e converte chaves privadas em PKCS#8
openssl	pkey	subcommand	Lê, converte e inspeciona chaves de qualquer algoritmo
openssl	pkeyparam	subcommand	Lê e converte parâmetros de algoritmo
openssl	pkeyutl	subcommand	Assina, verifica, cifra e decifra com uma chave
openssl	prime	subcommand	Testa se um número é primo, ou gera um
openssl	rand	subcommand	Gera bytes aleatórios criptograficamente seguros
openssl	rc2	algorithm	
openssl	rc2-40-cbc	algorithm	
openssl	rc2-64-cbc	algorithm	
openssl	rc2-cbc	algorithm	
openssl	rc2-cfb	algorithm	
openssl	rc2-ecb	algorithm	
openssl	rc2-ofb	algorithm	
openssl	rc4	algorithm	
openssl	rc4-40	algorithm	
openssl	rehash	subcommand	Gera os links de hash de um diretório de certificados · só no OpenSSL
openssl	req	subcommand	Cria e inspeciona pedidos de certificado (CSR)
openssl	ripemd160	algorithm	só no LibreSSL
openssl	rmd160	algorithm	só no OpenSSL
openssl	rsa	subcommand	Lê, converte e inspeciona chaves RSA
openssl	rsautl	subcommand	Assina e cifra com RSA diretamente (obsoleto: use pkeyutl)
openssl	s_client	subcommand	Abre uma conexão TLS de cliente para diagnosticar um servidor
openssl	s_server	subcommand	Sobe um servidor TLS de teste
openssl	s_time	subcommand	Mede o desempenho de handshakes TLS
openssl	seed	algorithm	só no OpenSSL
openssl	seed-cbc	algorithm	só no OpenSSL
openssl	seed-cfb	algorithm	só no OpenSSL
openssl	seed-ecb	algorithm	só no OpenSSL
openssl	seed-ofb	algorithm	só no OpenSSL
openssl	sess_id	subcommand	Lê e converte sessões TLS salvas
openssl	sha1	algorithm	
openssl	sha224	algorithm	
openssl	sha256	algorithm	
openssl	sha3-224	algorithm	só no OpenSSL
openssl	sha3-256	algorithm	só no OpenSSL
openssl	sha3-384	algorithm	só no OpenSSL
openssl	sha3-512	algorithm	só no OpenSSL
openssl	sha384	algorithm	
openssl	sha512	algorithm	
openssl	sha512-224	algorithm	só no OpenSSL
openssl	sha512-256	algorithm	só no OpenSSL
openssl	shake128	algorithm	só no OpenSSL
openssl	shake256	algorithm	só no OpenSSL
openssl	skeyutl	subcommand	Gera e administra chaves simétricas opacas de provider · só no OpenSSL
openssl	sm3	algorithm	
openssl	sm3WithRSAEncryption	algorithm	só no LibreSSL
openssl	sm4	algorithm	só no LibreSSL
openssl	sm4-cbc	algorithm	
openssl	sm4-cfb	algorithm	
openssl	sm4-ctr	algorithm	só no OpenSSL
openssl	sm4-ecb	algorithm	
openssl	sm4-ofb	algorithm	
openssl	smime	subcommand	Assina, cifra e verifica mensagens S/MIME
openssl	speed	subcommand	Mede a velocidade dos algoritmos desta build
openssl	spkac	subcommand	Lê e cria blocos SPKAC
openssl	srp	subcommand	Administra um arquivo de verificadores SRP · só no OpenSSL
openssl	storeutl	subcommand	Lista o conteúdo de um armazenamento de objetos (URI store) · só no OpenSSL
openssl	streebog256	algorithm	só no LibreSSL
openssl	streebog512	algorithm	só no LibreSSL
openssl	ts	subcommand	Cria e verifica carimbos de tempo (RFC 3161)
openssl	verify	subcommand	Verifica uma cadeia de certificados
openssl	version	subcommand	Mostra a versão do OpenSSL e como ele foi compilado
openssl	whirlpool	algorithm	só no LibreSSL
openssl	x509	subcommand	Lê, converte, assina e inspeciona certificados X.509
